[{"solar":"1415-01-01 (화)","lunar":"1414-11-21","ganji":"갑오(甲午)년 병자(丙子)월 경신(庚申)일"},{"solar":"1415-01-02 (수)","lunar":"1414-11-22","ganji":"갑오(甲午)년 병자(丙子)월 신유(辛酉)일"},{"solar":"1415-01-03 (목)","lunar":"1414-11-23","ganji":"갑오(甲午)년 병자(丙子)월 임술(壬戌)일"},{"solar":"1415-01-04 (금)","lunar":"1414-11-24","ganji":"갑오(甲午)년 병자(丙子)월 계해(癸亥)일"},{"solar":"1415-01-05 (토)","lunar":"1414-11-25","ganji":"갑오(甲午)년 병자(丙子)월 갑자(甲子)일"},{"solar":"1415-01-06 (일)","lunar":"1414-11-26","ganji":"갑오(甲午)년 병자(丙子)월 을축(乙丑)일"},{"solar":"1415-01-07 (월)","lunar":"1414-11-27","ganji":"갑오(甲午)년 병자(丙子)월 병인(丙寅)일"},{"solar":"1415-01-08 (화)","lunar":"1414-11-28","ganji":"갑오(甲午)년 병자(丙子)월 정묘(丁卯)일"},{"solar":"1415-01-09 (수)","lunar":"1414-11-29","ganji":"갑오(甲午)년 병자(丙子)월 무진(戊辰)일"},{"solar":"1415-01-10 (목)","lunar":"1414-11-30","ganji":"갑오(甲午)년 병자(丙子)월 기사(己巳)일"},{"solar":"1415-01-11 (금)","lunar":"1414-12-01","ganji":"갑오(甲午)년 정축(丁丑)월 경오(庚午)일"},{"solar":"1415-01-12 (토)","lunar":"1414-12-02","ganji":"갑오(甲午)년 정축(丁丑)월 신미(辛未)일"},{"solar":"1415-01-13 (일)","lunar":"1414-12-03","ganji":"갑오(甲午)년 정축(丁丑)월 임신(壬申)일"},{"solar":"1415-01-14 (월)","lunar":"1414-12-04","ganji":"갑오(甲午)년 정축(丁丑)월 계유(癸酉)일"},{"solar":"1415-01-15 (화)","lunar":"1414-12-05","ganji":"갑오(甲午)년 정축(丁丑)월 갑술(甲戌)일"},{"solar":"1415-01-16 (수)","lunar":"1414-12-06","ganji":"갑오(甲午)년 정축(丁丑)월 을해(乙亥)일"},{"solar":"1415-01-17 (목)","lunar":"1414-12-07","ganji":"갑오(甲午)년 정축(丁丑)월 병자(丙子)일"},{"solar":"1415-01-18 (금)","lunar":"1414-12-08","ganji":"갑오(甲午)년 정축(丁丑)월 정축(丁丑)일"},{"solar":"1415-01-19 (토)","lunar":"1414-12-09","ganji":"갑오(甲午)년 정축(丁丑)월 무인(戊寅)일"},{"solar":"1415-01-20 (일)","lunar":"1414-12-10","ganji":"갑오(甲午)년 정축(丁丑)월 기묘(己卯)일"},{"solar":"1415-01-21 (월)","lunar":"1414-12-11","ganji":"갑오(甲午)년 정축(丁丑)월 경진(庚辰)일"},{"solar":"1415-01-22 (화)","lunar":"1414-12-12","ganji":"갑오(甲午)년 정축(丁丑)월 신사(辛巳)일"},{"solar":"1415-01-23 (수)","lunar":"1414-12-13","ganji":"갑오(甲午)년 정축(丁丑)월 임오(壬午)일"},{"solar":"1415-01-24 (목)","lunar":"1414-12-14","ganji":"갑오(甲午)년 정축(丁丑)월 계미(癸未)일"},{"solar":"1415-01-25 (금)","lunar":"1414-12-15","ganji":"갑오(甲午)년 정축(丁丑)월 갑신(甲申)일"},{"solar":"1415-01-26 (토)","lunar":"1414-12-16","ganji":"갑오(甲午)년 정축(丁丑)월 을유(乙酉)일"},{"solar":"1415-01-27 (일)","lunar":"1414-12-17","ganji":"갑오(甲午)년 정축(丁丑)월 병술(丙戌)일"},{"solar":"1415-01-28 (월)","lunar":"1414-12-18","ganji":"갑오(甲午)년 정축(丁丑)월 정해(丁亥)일"},{"solar":"1415-01-29 (화)","lunar":"1414-12-19","ganji":"갑오(甲午)년 정축(丁丑)월 무자(戊子)일"},{"solar":"1415-01-30 (수)","lunar":"1414-12-20","ganji":"갑오(甲午)년 정축(丁丑)월 기축(己丑)일"},{"solar":"1415-01-31 (목)","lunar":"1414-12-21","ganji":"갑오(甲午)년 정축(丁丑)월 경인(庚寅)일"},{"solar":"1415-02-01 (금)","lunar":"1414-12-22","ganji":"갑오(甲午)년 정축(丁丑)월 신묘(辛卯)일"},{"solar":"1415-02-02 (토)","lunar":"1414-12-23","ganji":"갑오(甲午)년 정축(丁丑)월 임진(壬辰)일"},{"solar":"1415-02-03 (일)","lunar":"1414-12-24","ganji":"갑오(甲午)년 정축(丁丑)월 계사(癸巳)일"},{"solar":"1415-02-04 (월)","lunar":"1414-12-25","ganji":"갑오(甲午)년 정축(丁丑)월 갑오(甲午)일"},{"solar":"1415-02-05 (화)","lunar":"1414-12-26","ganji":"갑오(甲午)년 정축(丁丑)월 을미(乙未)일"},{"solar":"1415-02-06 (수)","lunar":"1414-12-27","ganji":"갑오(甲午)년 정축(丁丑)월 병신(丙申)일"},{"solar":"1415-02-07 (목)","lunar":"1414-12-28","ganji":"갑오(甲午)년 정축(丁丑)월 정유(丁酉)일"},{"solar":"1415-02-08 (금)","lunar":"1414-12-29","ganji":"갑오(甲午)년 정축(丁丑)월 무술(戊戌)일"},{"solar":"1415-02-09 (토)","lunar":"1414-12-30","ganji":"갑오(甲午)년 정축(丁丑)월 기해(己亥)일"},{"solar":"1415-02-10 (일)","lunar":"1415-01-01","ganji":"을미(乙未)년 무인(戊寅)월 경자(庚子)일"},{"solar":"1415-02-11 (월)","lunar":"1415-01-02","ganji":"을미(乙未)년 무인(戊寅)월 신축(辛丑)일"},{"solar":"1415-02-12 (화)","lunar":"1415-01-03","ganji":"을미(乙未)년 무인(戊寅)월 임인(壬寅)일"},{"solar":"1415-02-13 (수)","lunar":"1415-01-04","ganji":"을미(乙未)년 무인(戊寅)월 계묘(癸卯)일"},{"solar":"1415-02-14 (목)","lunar":"1415-01-05","ganji":"을미(乙未)년 무인(戊寅)월 갑진(甲辰)일"},{"solar":"1415-02-15 (금)","lunar":"1415-01-06","ganji":"을미(乙未)년 무인(戊寅)월 을사(乙巳)일"},{"solar":"1415-02-16 (토)","lunar":"1415-01-07","ganji":"을미(乙未)년 무인(戊寅)월 병오(丙午)일"},{"solar":"1415-02-17 (일)","lunar":"1415-01-08","ganji":"을미(乙未)년 무인(戊寅)월 정미(丁未)일"},{"solar":"1415-02-18 (월)","lunar":"1415-01-09","ganji":"을미(乙未)년 무인(戊寅)월 무신(戊申)일"},{"solar":"1415-02-19 (화)","lunar":"1415-01-10","ganji":"을미(乙未)년 무인(戊寅)월 기유(己酉)일"},{"solar":"1415-02-20 (수)","lunar":"1415-01-11","ganji":"을미(乙未)년 무인(戊寅)월 경술(庚戌)일"},{"solar":"1415-02-21 (목)","lunar":"1415-01-12","ganji":"을미(乙未)년 무인(戊寅)월 신해(辛亥)일"},{"solar":"1415-02-22 (금)","lunar":"1415-01-13","ganji":"을미(乙未)년 무인(戊寅)월 임자(壬子)일"},{"solar":"1415-02-23 (토)","lunar":"1415-01-14","ganji":"을미(乙未)년 무인(戊寅)월 계축(癸丑)일"},{"solar":"1415-02-24 (일)","lunar":"1415-01-15","ganji":"을미(乙未)년 무인(戊寅)월 갑인(甲寅)일"},{"solar":"1415-02-25 (월)","lunar":"1415-01-16","ganji":"을미(乙未)년 무인(戊寅)월 을묘(乙卯)일"},{"solar":"1415-02-26 (화)","lunar":"1415-01-17","ganji":"을미(乙未)년 무인(戊寅)월 병진(丙辰)일"},{"solar":"1415-02-27 (수)","lunar":"1415-01-18","ganji":"을미(乙未)년 무인(戊寅)월 정사(丁巳)일"},{"solar":"1415-02-28 (목)","lunar":"1415-01-19","ganji":"을미(乙未)년 무인(戊寅)월 무오(戊午)일"},{"solar":"1415-03-01 (금)","lunar":"1415-01-20","ganji":"을미(乙未)년 무인(戊寅)월 기미(己未)일"},{"solar":"1415-03-02 (토)","lunar":"1415-01-21","ganji":"을미(乙未)년 무인(戊寅)월 경신(庚申)일"},{"solar":"1415-03-03 (일)","lunar":"1415-01-22","ganji":"을미(乙未)년 무인(戊寅)월 신유(辛酉)일"},{"solar":"1415-03-04 (월)","lunar":"1415-01-23","ganji":"을미(乙未)년 무인(戊寅)월 임술(壬戌)일"},{"solar":"1415-03-05 (화)","lunar":"1415-01-24","ganji":"을미(乙未)년 무인(戊寅)월 계해(癸亥)일"},{"solar":"1415-03-06 (수)","lunar":"1415-01-25","ganji":"을미(乙未)년 무인(戊寅)월 갑자(甲子)일"},{"solar":"1415-03-07 (목)","lunar":"1415-01-26","ganji":"을미(乙未)년 무인(戊寅)월 을축(乙丑)일"},{"solar":"1415-03-08 (금)","lunar":"1415-01-27","ganji":"을미(乙未)년 무인(戊寅)월 병인(丙寅)일"},{"solar":"1415-03-09 (토)","lunar":"1415-01-28","ganji":"을미(乙未)년 무인(戊寅)월 정묘(丁卯)일"},{"solar":"1415-03-10 (일)","lunar":"1415-01-29","ganji":"을미(乙未)년 무인(戊寅)월 무진(戊辰)일"},{"solar":"1415-03-11 (월)","lunar":"1415-02-01","ganji":"을미(乙未)년 기묘(己卯)월 기사(己巳)일"},{"solar":"1415-03-12 (화)","lunar":"1415-02-02","ganji":"을미(乙未)년 기묘(己卯)월 경오(庚午)일"},{"solar":"1415-03-13 (수)","lunar":"1415-02-03","ganji":"을미(乙未)년 기묘(己卯)월 신미(辛未)일"},{"solar":"1415-03-14 (목)","lunar":"1415-02-04","ganji":"을미(乙未)년 기묘(己卯)월 임신(壬申)일"},{"solar":"1415-03-15 (금)","lunar":"1415-02-05","ganji":"을미(乙未)년 기묘(己卯)월 계유(癸酉)일"},{"solar":"1415-03-16 (토)","lunar":"1415-02-06","ganji":"을미(乙未)년 기묘(己卯)월 갑술(甲戌)일"},{"solar":"1415-03-17 (일)","lunar":"1415-02-07","ganji":"을미(乙未)년 기묘(己卯)월 을해(乙亥)일"},{"solar":"1415-03-18 (월)","lunar":"1415-02-08","ganji":"을미(乙未)년 기묘(己卯)월 병자(丙子)일"},{"solar":"1415-03-19 (화)","lunar":"1415-02-09","ganji":"을미(乙未)년 기묘(己卯)월 정축(丁丑)일"},{"solar":"1415-03-20 (수)","lunar":"1415-02-10","ganji":"을미(乙未)년 기묘(己卯)월 무인(戊寅)일"},{"solar":"1415-03-21 (목)","lunar":"1415-02-11","ganji":"을미(乙未)년 기묘(己卯)월 기묘(己卯)일"},{"solar":"1415-03-22 (금)","lunar":"1415-02-12","ganji":"을미(乙未)년 기묘(己卯)월 경진(庚辰)일"},{"solar":"1415-03-23 (토)","lunar":"1415-02-13","ganji":"을미(乙未)년 기묘(己卯)월 신사(辛巳)일"},{"solar":"1415-03-24 (일)","lunar":"1415-02-14","ganji":"을미(乙未)년 기묘(己卯)월 임오(壬午)일"},{"solar":"1415-03-25 (월)","lunar":"1415-02-15","ganji":"을미(乙未)년 기묘(己卯)월 계미(癸未)일"},{"solar":"1415-03-26 (화)","lunar":"1415-02-16","ganji":"을미(乙未)년 기묘(己卯)월 갑신(甲申)일"},{"solar":"1415-03-27 (수)","lunar":"1415-02-17","ganji":"을미(乙未)년 기묘(己卯)월 을유(乙酉)일"},{"solar":"1415-03-28 (목)","lunar":"1415-02-18","ganji":"을미(乙未)년 기묘(己卯)월 병술(丙戌)일"},{"solar":"1415-03-29 (금)","lunar":"1415-02-19","ganji":"을미(乙未)년 기묘(己卯)월 정해(丁亥)일"},{"solar":"1415-03-30 (토)","lunar":"1415-02-20","ganji":"을미(乙未)년 기묘(己卯)월 무자(戊子)일"},{"solar":"1415-03-31 (일)","lunar":"1415-02-21","ganji":"을미(乙未)년 기묘(己卯)월 기축(己丑)일"},{"solar":"1415-04-01 (월)","lunar":"1415-02-22","ganji":"을미(乙未)년 기묘(己卯)월 경인(庚寅)일"},{"solar":"1415-04-02 (화)","lunar":"1415-02-23","ganji":"을미(乙未)년 기묘(己卯)월 신묘(辛卯)일"},{"solar":"1415-04-03 (수)","lunar":"1415-02-24","ganji":"을미(乙未)년 기묘(己卯)월 임진(壬辰)일"},{"solar":"1415-04-04 (목)","lunar":"1415-02-25","ganji":"을미(乙未)년 기묘(己卯)월 계사(癸巳)일"},{"solar":"1415-04-05 (금)","lunar":"1415-02-26","ganji":"을미(乙未)년 기묘(己卯)월 갑오(甲午)일"},{"solar":"1415-04-06 (토)","lunar":"1415-02-27","ganji":"을미(乙未)년 기묘(己卯)월 을미(乙未)일"},{"solar":"1415-04-07 (일)","lunar":"1415-02-28","ganji":"을미(乙未)년 기묘(己卯)월 병신(丙申)일"},{"solar":"1415-04-08 (월)","lunar":"1415-02-29","ganji":"을미(乙未)년 기묘(己卯)월 정유(丁酉)일"},{"solar":"1415-04-09 (화)","lunar":"1415-02-30","ganji":"을미(乙未)년 기묘(己卯)월 무술(戊戌)일"},{"solar":"1415-04-10 (수)","lunar":"1415-03-01","ganji":"을미(乙未)년 경진(庚辰)월 기해(己亥)일"},{"solar":"1415-04-11 (목)","lunar":"1415-03-02","ganji":"을미(乙未)년 경진(庚辰)월 경자(庚子)일"},{"solar":"1415-04-12 (금)","lunar":"1415-03-03","ganji":"을미(乙未)년 경진(庚辰)월 신축(辛丑)일"},{"solar":"1415-04-13 (토)","lunar":"1415-03-04","ganji":"을미(乙未)년 경진(庚辰)월 임인(壬寅)일"},{"solar":"1415-04-14 (일)","lunar":"1415-03-05","ganji":"을미(乙未)년 경진(庚辰)월 계묘(癸卯)일"},{"solar":"1415-04-15 (월)","lunar":"1415-03-06","ganji":"을미(乙未)년 경진(庚辰)월 갑진(甲辰)일"},{"solar":"1415-04-16 (화)","lunar":"1415-03-07","ganji":"을미(乙未)년 경진(庚辰)월 을사(乙巳)일"},{"solar":"1415-04-17 (수)","lunar":"1415-03-08","ganji":"을미(乙未)년 경진(庚辰)월 병오(丙午)일"},{"solar":"1415-04-18 (목)","lunar":"1415-03-09","ganji":"을미(乙未)년 경진(庚辰)월 정미(丁未)일"},{"solar":"1415-04-19 (금)","lunar":"1415-03-10","ganji":"을미(乙未)년 경진(庚辰)월 무신(戊申)일"},{"solar":"1415-04-20 (토)","lunar":"1415-03-11","ganji":"을미(乙未)년 경진(庚辰)월 기유(己酉)일"},{"solar":"1415-04-21 (일)","lunar":"1415-03-12","ganji":"을미(乙未)년 경진(庚辰)월 경술(庚戌)일"},{"solar":"1415-04-22 (월)","lunar":"1415-03-13","ganji":"을미(乙未)년 경진(庚辰)월 신해(辛亥)일"},{"solar":"1415-04-23 (화)","lunar":"1415-03-14","ganji":"을미(乙未)년 경진(庚辰)월 임자(壬子)일"},{"solar":"1415-04-24 (수)","lunar":"1415-03-15","ganji":"을미(乙未)년 경진(庚辰)월 계축(癸丑)일"},{"solar":"1415-04-25 (목)","lunar":"1415-03-16","ganji":"을미(乙未)년 경진(庚辰)월 갑인(甲寅)일"},{"solar":"1415-04-26 (금)","lunar":"1415-03-17","ganji":"을미(乙未)년 경진(庚辰)월 을묘(乙卯)일"},{"solar":"1415-04-27 (토)","lunar":"1415-03-18","ganji":"을미(乙未)년 경진(庚辰)월 병진(丙辰)일"},{"solar":"1415-04-28 (일)","lunar":"1415-03-19","ganji":"을미(乙未)년 경진(庚辰)월 정사(丁巳)일"},{"solar":"1415-04-29 (월)","lunar":"1415-03-20","ganji":"을미(乙未)년 경진(庚辰)월 무오(戊午)일"},{"solar":"1415-04-30 (화)","lunar":"1415-03-21","ganji":"을미(乙未)년 경진(庚辰)월 기미(己未)일"},{"solar":"1415-05-01 (수)","lunar":"1415-03-22","ganji":"을미(乙未)년 경진(庚辰)월 경신(庚申)일"},{"solar":"1415-05-02 (목)","lunar":"1415-03-23","ganji":"을미(乙未)년 경진(庚辰)월 신유(辛酉)일"},{"solar":"1415-05-03 (금)","lunar":"1415-03-24","ganji":"을미(乙未)년 경진(庚辰)월 임술(壬戌)일"},{"solar":"1415-05-04 (토)","lunar":"1415-03-25","ganji":"을미(乙未)년 경진(庚辰)월 계해(癸亥)일"},{"solar":"1415-05-05 (일)","lunar":"1415-03-26","ganji":"을미(乙未)년 경진(庚辰)월 갑자(甲子)일"},{"solar":"1415-05-06 (월)","lunar":"1415-03-27","ganji":"을미(乙未)년 경진(庚辰)월 을축(乙丑)일"},{"solar":"1415-05-07 (화)","lunar":"1415-03-28","ganji":"을미(乙未)년 경진(庚辰)월 병인(丙寅)일"},{"solar":"1415-05-08 (수)","lunar":"1415-03-29","ganji":"을미(乙未)년 경진(庚辰)월 정묘(丁卯)일"},{"solar":"1415-05-09 (목)","lunar":"1415-04-01","ganji":"을미(乙未)년 신사(辛巳)월 무진(戊辰)일"},{"solar":"1415-05-10 (금)","lunar":"1415-04-02","ganji":"을미(乙未)년 신사(辛巳)월 기사(己巳)일"},{"solar":"1415-05-11 (토)","lunar":"1415-04-03","ganji":"을미(乙未)년 신사(辛巳)월 경오(庚午)일"},{"solar":"1415-05-12 (일)","lunar":"1415-04-04","ganji":"을미(乙未)년 신사(辛巳)월 신미(辛未)일"},{"solar":"1415-05-13 (월)","lunar":"1415-04-05","ganji":"을미(乙未)년 신사(辛巳)월 임신(壬申)일"},{"solar":"1415-05-14 (화)","lunar":"1415-04-06","ganji":"을미(乙未)년 신사(辛巳)월 계유(癸酉)일"},{"solar":"1415-05-15 (수)","lunar":"1415-04-07","ganji":"을미(乙未)년 신사(辛巳)월 갑술(甲戌)일"},{"solar":"1415-05-16 (목)","lunar":"1415-04-08","ganji":"을미(乙未)년 신사(辛巳)월 을해(乙亥)일"},{"solar":"1415-05-17 (금)","lunar":"1415-04-09","ganji":"을미(乙未)년 신사(辛巳)월 병자(丙子)일"},{"solar":"1415-05-18 (토)","lunar":"1415-04-10","ganji":"을미(乙未)년 신사(辛巳)월 정축(丁丑)일"},{"solar":"1415-05-19 (일)","lunar":"1415-04-11","ganji":"을미(乙未)년 신사(辛巳)월 무인(戊寅)일"},{"solar":"1415-05-20 (월)","lunar":"1415-04-12","ganji":"을미(乙未)년 신사(辛巳)월 기묘(己卯)일"},{"solar":"1415-05-21 (화)","lunar":"1415-04-13","ganji":"을미(乙未)년 신사(辛巳)월 경진(庚辰)일"},{"solar":"1415-05-22 (수)","lunar":"1415-04-14","ganji":"을미(乙未)년 신사(辛巳)월 신사(辛巳)일"},{"solar":"1415-05-23 (목)","lunar":"1415-04-15","ganji":"을미(乙未)년 신사(辛巳)월 임오(壬午)일"},{"solar":"1415-05-24 (금)","lunar":"1415-04-16","ganji":"을미(乙未)년 신사(辛巳)월 계미(癸未)일"},{"solar":"1415-05-25 (토)","lunar":"1415-04-17","ganji":"을미(乙未)년 신사(辛巳)월 갑신(甲申)일"},{"solar":"1415-05-26 (일)","lunar":"1415-04-18","ganji":"을미(乙未)년 신사(辛巳)월 을유(乙酉)일"},{"solar":"1415-05-27 (월)","lunar":"1415-04-19","ganji":"을미(乙未)년 신사(辛巳)월 병술(丙戌)일"},{"solar":"1415-05-28 (화)","lunar":"1415-04-20","ganji":"을미(乙未)년 신사(辛巳)월 정해(丁亥)일"},{"solar":"1415-05-29 (수)","lunar":"1415-04-21","ganji":"을미(乙未)년 신사(辛巳)월 무자(戊子)일"},{"solar":"1415-05-30 (목)","lunar":"1415-04-22","ganji":"을미(乙未)년 신사(辛巳)월 기축(己丑)일"},{"solar":"1415-05-31 (금)","lunar":"1415-04-23","ganji":"을미(乙未)년 신사(辛巳)월 경인(庚寅)일"},{"solar":"1415-06-01 (토)","lunar":"1415-04-24","ganji":"을미(乙未)년 신사(辛巳)월 신묘(辛卯)일"},{"solar":"1415-06-02 (일)","lunar":"1415-04-25","ganji":"을미(乙未)년 신사(辛巳)월 임진(壬辰)일"},{"solar":"1415-06-03 (월)","lunar":"1415-04-26","ganji":"을미(乙未)년 신사(辛巳)월 계사(癸巳)일"},{"solar":"1415-06-04 (화)","lunar":"1415-04-27","ganji":"을미(乙未)년 신사(辛巳)월 갑오(甲午)일"},{"solar":"1415-06-05 (수)","lunar":"1415-04-28","ganji":"을미(乙未)년 신사(辛巳)월 을미(乙未)일"},{"solar":"1415-06-06 (목)","lunar":"1415-04-29","ganji":"을미(乙未)년 신사(辛巳)월 병신(丙申)일"},{"solar":"1415-06-07 (금)","lunar":"1415-05-01","ganji":"을미(乙未)년 임오(壬午)월 정유(丁酉)일"},{"solar":"1415-06-08 (토)","lunar":"1415-05-02","ganji":"을미(乙未)년 임오(壬午)월 무술(戊戌)일"},{"solar":"1415-06-09 (일)","lunar":"1415-05-03","ganji":"을미(乙未)년 임오(壬午)월 기해(己亥)일"},{"solar":"1415-06-10 (월)","lunar":"1415-05-04","ganji":"을미(乙未)년 임오(壬午)월 경자(庚子)일"},{"solar":"1415-06-11 (화)","lunar":"1415-05-05","ganji":"을미(乙未)년 임오(壬午)월 신축(辛丑)일"},{"solar":"1415-06-12 (수)","lunar":"1415-05-06","ganji":"을미(乙未)년 임오(壬午)월 임인(壬寅)일"},{"solar":"1415-06-13 (목)","lunar":"1415-05-07","ganji":"을미(乙未)년 임오(壬午)월 계묘(癸卯)일"},{"solar":"1415-06-14 (금)","lunar":"1415-05-08","ganji":"을미(乙未)년 임오(壬午)월 갑진(甲辰)일"},{"solar":"1415-06-15 (토)","lunar":"1415-05-09","ganji":"을미(乙未)년 임오(壬午)월 을사(乙巳)일"},{"solar":"1415-06-16 (일)","lunar":"1415-05-10","ganji":"을미(乙未)년 임오(壬午)월 병오(丙午)일"},{"solar":"1415-06-17 (월)","lunar":"1415-05-11","ganji":"을미(乙未)년 임오(壬午)월 정미(丁未)일"},{"solar":"1415-06-18 (화)","lunar":"1415-05-12","ganji":"을미(乙未)년 임오(壬午)월 무신(戊申)일"},{"solar":"1415-06-19 (수)","lunar":"1415-05-13","ganji":"을미(乙未)년 임오(壬午)월 기유(己酉)일"},{"solar":"1415-06-20 (목)","lunar":"1415-05-14","ganji":"을미(乙未)년 임오(壬午)월 경술(庚戌)일"},{"solar":"1415-06-21 (금)","lunar":"1415-05-15","ganji":"을미(乙未)년 임오(壬午)월 신해(辛亥)일"},{"solar":"1415-06-22 (토)","lunar":"1415-05-16","ganji":"을미(乙未)년 임오(壬午)월 임자(壬子)일"},{"solar":"1415-06-23 (일)","lunar":"1415-05-17","ganji":"을미(乙未)년 임오(壬午)월 계축(癸丑)일"},{"solar":"1415-06-24 (월)","lunar":"1415-05-18","ganji":"을미(乙未)년 임오(壬午)월 갑인(甲寅)일"},{"solar":"1415-06-25 (화)","lunar":"1415-05-19","ganji":"을미(乙未)년 임오(壬午)월 을묘(乙卯)일"},{"solar":"1415-06-26 (수)","lunar":"1415-05-20","ganji":"을미(乙未)년 임오(壬午)월 병진(丙辰)일"},{"solar":"1415-06-27 (목)","lunar":"1415-05-21","ganji":"을미(乙未)년 임오(壬午)월 정사(丁巳)일"},{"solar":"1415-06-28 (금)","lunar":"1415-05-22","ganji":"을미(乙未)년 임오(壬午)월 무오(戊午)일"},{"solar":"1415-06-29 (토)","lunar":"1415-05-23","ganji":"을미(乙未)년 임오(壬午)월 기미(己未)일"},{"solar":"1415-06-30 (일)","lunar":"1415-05-24","ganji":"을미(乙未)년 임오(壬午)월 경신(庚申)일"},{"solar":"1415-07-01 (월)","lunar":"1415-05-25","ganji":"을미(乙未)년 임오(壬午)월 신유(辛酉)일"},{"solar":"1415-07-02 (화)","lunar":"1415-05-26","ganji":"을미(乙未)년 임오(壬午)월 임술(壬戌)일"},{"solar":"1415-07-03 (수)","lunar":"1415-05-27","ganji":"을미(乙未)년 임오(壬午)월 계해(癸亥)일"},{"solar":"1415-07-04 (목)","lunar":"1415-05-28","ganji":"을미(乙未)년 임오(壬午)월 갑자(甲子)일"},{"solar":"1415-07-05 (금)","lunar":"1415-05-29","ganji":"을미(乙未)년 임오(壬午)월 을축(乙丑)일"},{"solar":"1415-07-06 (토)","lunar":"1415-06-01","ganji":"을미(乙未)년 계미(癸未)월 병인(丙寅)일"},{"solar":"1415-07-07 (일)","lunar":"1415-06-02","ganji":"을미(乙未)년 계미(癸未)월 정묘(丁卯)일"},{"solar":"1415-07-08 (월)","lunar":"1415-06-03","ganji":"을미(乙未)년 계미(癸未)월 무진(戊辰)일"},{"solar":"1415-07-09 (화)","lunar":"1415-06-04","ganji":"을미(乙未)년 계미(癸未)월 기사(己巳)일"},{"solar":"1415-07-10 (수)","lunar":"1415-06-05","ganji":"을미(乙未)년 계미(癸未)월 경오(庚午)일"},{"solar":"1415-07-11 (목)","lunar":"1415-06-06","ganji":"을미(乙未)년 계미(癸未)월 신미(辛未)일"},{"solar":"1415-07-12 (금)","lunar":"1415-06-07","ganji":"을미(乙未)년 계미(癸未)월 임신(壬申)일"},{"solar":"1415-07-13 (토)","lunar":"1415-06-08","ganji":"을미(乙未)년 계미(癸未)월 계유(癸酉)일"},{"solar":"1415-07-14 (일)","lunar":"1415-06-09","ganji":"을미(乙未)년 계미(癸未)월 갑술(甲戌)일"},{"solar":"1415-07-15 (월)","lunar":"1415-06-10","ganji":"을미(乙未)년 계미(癸未)월 을해(乙亥)일"},{"solar":"1415-07-16 (화)","lunar":"1415-06-11","ganji":"을미(乙未)년 계미(癸未)월 병자(丙子)일"},{"solar":"1415-07-17 (수)","lunar":"1415-06-12","ganji":"을미(乙未)년 계미(癸未)월 정축(丁丑)일"},{"solar":"1415-07-18 (목)","lunar":"1415-06-13","ganji":"을미(乙未)년 계미(癸未)월 무인(戊寅)일"},{"solar":"1415-07-19 (금)","lunar":"1415-06-14","ganji":"을미(乙未)년 계미(癸未)월 기묘(己卯)일"},{"solar":"1415-07-20 (토)","lunar":"1415-06-15","ganji":"을미(乙未)년 계미(癸未)월 경진(庚辰)일"},{"solar":"1415-07-21 (일)","lunar":"1415-06-16","ganji":"을미(乙未)년 계미(癸未)월 신사(辛巳)일"},{"solar":"1415-07-22 (월)","lunar":"1415-06-17","ganji":"을미(乙未)년 계미(癸未)월 임오(壬午)일"},{"solar":"1415-07-23 (화)","lunar":"1415-06-18","ganji":"을미(乙未)년 계미(癸未)월 계미(癸未)일"},{"solar":"1415-07-24 (수)","lunar":"1415-06-19","ganji":"을미(乙未)년 계미(癸未)월 갑신(甲申)일"},{"solar":"1415-07-25 (목)","lunar":"1415-06-20","ganji":"을미(乙未)년 계미(癸未)월 을유(乙酉)일"},{"solar":"1415-07-26 (금)","lunar":"1415-06-21","ganji":"을미(乙未)년 계미(癸未)월 병술(丙戌)일"},{"solar":"1415-07-27 (토)","lunar":"1415-06-22","ganji":"을미(乙未)년 계미(癸未)월 정해(丁亥)일"},{"solar":"1415-07-28 (일)","lunar":"1415-06-23","ganji":"을미(乙未)년 계미(癸未)월 무자(戊子)일"},{"solar":"1415-07-29 (월)","lunar":"1415-06-24","ganji":"을미(乙未)년 계미(癸未)월 기축(己丑)일"},{"solar":"1415-07-30 (화)","lunar":"1415-06-25","ganji":"을미(乙未)년 계미(癸未)월 경인(庚寅)일"},{"solar":"1415-07-31 (수)","lunar":"1415-06-26","ganji":"을미(乙未)년 계미(癸未)월 신묘(辛卯)일"},{"solar":"1415-08-01 (목)","lunar":"1415-06-27","ganji":"을미(乙未)년 계미(癸未)월 임진(壬辰)일"},{"solar":"1415-08-02 (금)","lunar":"1415-06-28","ganji":"을미(乙未)년 계미(癸未)월 계사(癸巳)일"},{"solar":"1415-08-03 (토)","lunar":"1415-06-29","ganji":"을미(乙未)년 계미(癸未)월 갑오(甲午)일"},{"solar":"1415-08-04 (일)","lunar":"1415-06-30","ganji":"을미(乙未)년 계미(癸未)월 을미(乙未)일"},{"solar":"1415-08-05 (월)","lunar":"1415-07-01","ganji":"을미(乙未)년 갑신(甲申)월 병신(丙申)일"},{"solar":"1415-08-06 (화)","lunar":"1415-07-02","ganji":"을미(乙未)년 갑신(甲申)월 정유(丁酉)일"},{"solar":"1415-08-07 (수)","lunar":"1415-07-03","ganji":"을미(乙未)년 갑신(甲申)월 무술(戊戌)일"},{"solar":"1415-08-08 (목)","lunar":"1415-07-04","ganji":"을미(乙未)년 갑신(甲申)월 기해(己亥)일"},{"solar":"1415-08-09 (금)","lunar":"1415-07-05","ganji":"을미(乙未)년 갑신(甲申)월 경자(庚子)일"},{"solar":"1415-08-10 (토)","lunar":"1415-07-06","ganji":"을미(乙未)년 갑신(甲申)월 신축(辛丑)일"},{"solar":"1415-08-11 (일)","lunar":"1415-07-07","ganji":"을미(乙未)년 갑신(甲申)월 임인(壬寅)일"},{"solar":"1415-08-12 (월)","lunar":"1415-07-08","ganji":"을미(乙未)년 갑신(甲申)월 계묘(癸卯)일"},{"solar":"1415-08-13 (화)","lunar":"1415-07-09","ganji":"을미(乙未)년 갑신(甲申)월 갑진(甲辰)일"},{"solar":"1415-08-14 (수)","lunar":"1415-07-10","ganji":"을미(乙未)년 갑신(甲申)월 을사(乙巳)일"},{"solar":"1415-08-15 (목)","lunar":"1415-07-11","ganji":"을미(乙未)년 갑신(甲申)월 병오(丙午)일"},{"solar":"1415-08-16 (금)","lunar":"1415-07-12","ganji":"을미(乙未)년 갑신(甲申)월 정미(丁未)일"},{"solar":"1415-08-17 (토)","lunar":"1415-07-13","ganji":"을미(乙未)년 갑신(甲申)월 무신(戊申)일"},{"solar":"1415-08-18 (일)","lunar":"1415-07-14","ganji":"을미(乙未)년 갑신(甲申)월 기유(己酉)일"},{"solar":"1415-08-19 (월)","lunar":"1415-07-15","ganji":"을미(乙未)년 갑신(甲申)월 경술(庚戌)일"},{"solar":"1415-08-20 (화)","lunar":"1415-07-16","ganji":"을미(乙未)년 갑신(甲申)월 신해(辛亥)일"},{"solar":"1415-08-21 (수)","lunar":"1415-07-17","ganji":"을미(乙未)년 갑신(甲申)월 임자(壬子)일"},{"solar":"1415-08-22 (목)","lunar":"1415-07-18","ganji":"을미(乙未)년 갑신(甲申)월 계축(癸丑)일"},{"solar":"1415-08-23 (금)","lunar":"1415-07-19","ganji":"을미(乙未)년 갑신(甲申)월 갑인(甲寅)일"},{"solar":"1415-08-24 (토)","lunar":"1415-07-20","ganji":"을미(乙未)년 갑신(甲申)월 을묘(乙卯)일"},{"solar":"1415-08-25 (일)","lunar":"1415-07-21","ganji":"을미(乙未)년 갑신(甲申)월 병진(丙辰)일"},{"solar":"1415-08-26 (월)","lunar":"1415-07-22","ganji":"을미(乙未)년 갑신(甲申)월 정사(丁巳)일"},{"solar":"1415-08-27 (화)","lunar":"1415-07-23","ganji":"을미(乙未)년 갑신(甲申)월 무오(戊午)일"},{"solar":"1415-08-28 (수)","lunar":"1415-07-24","ganji":"을미(乙未)년 갑신(甲申)월 기미(己未)일"},{"solar":"1415-08-29 (목)","lunar":"1415-07-25","ganji":"을미(乙未)년 갑신(甲申)월 경신(庚申)일"},{"solar":"1415-08-30 (금)","lunar":"1415-07-26","ganji":"을미(乙未)년 갑신(甲申)월 신유(辛酉)일"},{"solar":"1415-08-31 (토)","lunar":"1415-07-27","ganji":"을미(乙未)년 갑신(甲申)월 임술(壬戌)일"},{"solar":"1415-09-01 (일)","lunar":"1415-07-28","ganji":"을미(乙未)년 갑신(甲申)월 계해(癸亥)일"},{"solar":"1415-09-02 (월)","lunar":"1415-07-29","ganji":"을미(乙未)년 갑신(甲申)월 갑자(甲子)일"},{"solar":"1415-09-03 (화)","lunar":"1415-08-01","ganji":"을미(乙未)년 을유(乙酉)월 을축(乙丑)일"},{"solar":"1415-09-04 (수)","lunar":"1415-08-02","ganji":"을미(乙未)년 을유(乙酉)월 병인(丙寅)일"},{"solar":"1415-09-05 (목)","lunar":"1415-08-03","ganji":"을미(乙未)년 을유(乙酉)월 정묘(丁卯)일"},{"solar":"1415-09-06 (금)","lunar":"1415-08-04","ganji":"을미(乙未)년 을유(乙酉)월 무진(戊辰)일"},{"solar":"1415-09-07 (토)","lunar":"1415-08-05","ganji":"을미(乙未)년 을유(乙酉)월 기사(己巳)일"},{"solar":"1415-09-08 (일)","lunar":"1415-08-06","ganji":"을미(乙未)년 을유(乙酉)월 경오(庚午)일"},{"solar":"1415-09-09 (월)","lunar":"1415-08-07","ganji":"을미(乙未)년 을유(乙酉)월 신미(辛未)일"},{"solar":"1415-09-10 (화)","lunar":"1415-08-08","ganji":"을미(乙未)년 을유(乙酉)월 임신(壬申)일"},{"solar":"1415-09-11 (수)","lunar":"1415-08-09","ganji":"을미(乙未)년 을유(乙酉)월 계유(癸酉)일"},{"solar":"1415-09-12 (목)","lunar":"1415-08-10","ganji":"을미(乙未)년 을유(乙酉)월 갑술(甲戌)일"},{"solar":"1415-09-13 (금)","lunar":"1415-08-11","ganji":"을미(乙未)년 을유(乙酉)월 을해(乙亥)일"},{"solar":"1415-09-14 (토)","lunar":"1415-08-12","ganji":"을미(乙未)년 을유(乙酉)월 병자(丙子)일"},{"solar":"1415-09-15 (일)","lunar":"1415-08-13","ganji":"을미(乙未)년 을유(乙酉)월 정축(丁丑)일"},{"solar":"1415-09-16 (월)","lunar":"1415-08-14","ganji":"을미(乙未)년 을유(乙酉)월 무인(戊寅)일"},{"solar":"1415-09-17 (화)","lunar":"1415-08-15","ganji":"을미(乙未)년 을유(乙酉)월 기묘(己卯)일"},{"solar":"1415-09-18 (수)","lunar":"1415-08-16","ganji":"을미(乙未)년 을유(乙酉)월 경진(庚辰)일"},{"solar":"1415-09-19 (목)","lunar":"1415-08-17","ganji":"을미(乙未)년 을유(乙酉)월 신사(辛巳)일"},{"solar":"1415-09-20 (금)","lunar":"1415-08-18","ganji":"을미(乙未)년 을유(乙酉)월 임오(壬午)일"},{"solar":"1415-09-21 (토)","lunar":"1415-08-19","ganji":"을미(乙未)년 을유(乙酉)월 계미(癸未)일"},{"solar":"1415-09-22 (일)","lunar":"1415-08-20","ganji":"을미(乙未)년 을유(乙酉)월 갑신(甲申)일"},{"solar":"1415-09-23 (월)","lunar":"1415-08-21","ganji":"을미(乙未)년 을유(乙酉)월 을유(乙酉)일"},{"solar":"1415-09-24 (화)","lunar":"1415-08-22","ganji":"을미(乙未)년 을유(乙酉)월 병술(丙戌)일"},{"solar":"1415-09-25 (수)","lunar":"1415-08-23","ganji":"을미(乙未)년 을유(乙酉)월 정해(丁亥)일"},{"solar":"1415-09-26 (목)","lunar":"1415-08-24","ganji":"을미(乙未)년 을유(乙酉)월 무자(戊子)일"},{"solar":"1415-09-27 (금)","lunar":"1415-08-25","ganji":"을미(乙未)년 을유(乙酉)월 기축(己丑)일"},{"solar":"1415-09-28 (토)","lunar":"1415-08-26","ganji":"을미(乙未)년 을유(乙酉)월 경인(庚寅)일"},{"solar":"1415-09-29 (일)","lunar":"1415-08-27","ganji":"을미(乙未)년 을유(乙酉)월 신묘(辛卯)일"},{"solar":"1415-09-30 (월)","lunar":"1415-08-28","ganji":"을미(乙未)년 을유(乙酉)월 임진(壬辰)일"},{"solar":"1415-10-01 (화)","lunar":"1415-08-29","ganji":"을미(乙未)년 을유(乙酉)월 계사(癸巳)일"},{"solar":"1415-10-02 (수)","lunar":"1415-08-30","ganji":"을미(乙未)년 을유(乙酉)월 갑오(甲午)일"},{"solar":"1415-10-03 (목)","lunar":"1415-09-01","ganji":"을미(乙未)년 병술(丙戌)월 을미(乙未)일"},{"solar":"1415-10-04 (금)","lunar":"1415-09-02","ganji":"을미(乙未)년 병술(丙戌)월 병신(丙申)일"},{"solar":"1415-10-05 (토)","lunar":"1415-09-03","ganji":"을미(乙未)년 병술(丙戌)월 정유(丁酉)일"},{"solar":"1415-10-06 (일)","lunar":"1415-09-04","ganji":"을미(乙未)년 병술(丙戌)월 무술(戊戌)일"},{"solar":"1415-10-07 (월)","lunar":"1415-09-05","ganji":"을미(乙未)년 병술(丙戌)월 기해(己亥)일"},{"solar":"1415-10-08 (화)","lunar":"1415-09-06","ganji":"을미(乙未)년 병술(丙戌)월 경자(庚子)일"},{"solar":"1415-10-09 (수)","lunar":"1415-09-07","ganji":"을미(乙未)년 병술(丙戌)월 신축(辛丑)일"},{"solar":"1415-10-10 (목)","lunar":"1415-09-08","ganji":"을미(乙未)년 병술(丙戌)월 임인(壬寅)일"},{"solar":"1415-10-11 (금)","lunar":"1415-09-09","ganji":"을미(乙未)년 병술(丙戌)월 계묘(癸卯)일"},{"solar":"1415-10-12 (토)","lunar":"1415-09-10","ganji":"을미(乙未)년 병술(丙戌)월 갑진(甲辰)일"},{"solar":"1415-10-13 (일)","lunar":"1415-09-11","ganji":"을미(乙未)년 병술(丙戌)월 을사(乙巳)일"},{"solar":"1415-10-14 (월)","lunar":"1415-09-12","ganji":"을미(乙未)년 병술(丙戌)월 병오(丙午)일"},{"solar":"1415-10-15 (화)","lunar":"1415-09-13","ganji":"을미(乙未)년 병술(丙戌)월 정미(丁未)일"},{"solar":"1415-10-16 (수)","lunar":"1415-09-14","ganji":"을미(乙未)년 병술(丙戌)월 무신(戊申)일"},{"solar":"1415-10-17 (목)","lunar":"1415-09-15","ganji":"을미(乙未)년 병술(丙戌)월 기유(己酉)일"},{"solar":"1415-10-18 (금)","lunar":"1415-09-16","ganji":"을미(乙未)년 병술(丙戌)월 경술(庚戌)일"},{"solar":"1415-10-19 (토)","lunar":"1415-09-17","ganji":"을미(乙未)년 병술(丙戌)월 신해(辛亥)일"},{"solar":"1415-10-20 (일)","lunar":"1415-09-18","ganji":"을미(乙未)년 병술(丙戌)월 임자(壬子)일"},{"solar":"1415-10-21 (월)","lunar":"1415-09-19","ganji":"을미(乙未)년 병술(丙戌)월 계축(癸丑)일"},{"solar":"1415-10-22 (화)","lunar":"1415-09-20","ganji":"을미(乙未)년 병술(丙戌)월 갑인(甲寅)일"},{"solar":"1415-10-23 (수)","lunar":"1415-09-21","ganji":"을미(乙未)년 병술(丙戌)월 을묘(乙卯)일"},{"solar":"1415-10-24 (목)","lunar":"1415-09-22","ganji":"을미(乙未)년 병술(丙戌)월 병진(丙辰)일"},{"solar":"1415-10-25 (금)","lunar":"1415-09-23","ganji":"을미(乙未)년 병술(丙戌)월 정사(丁巳)일"},{"solar":"1415-10-26 (토)","lunar":"1415-09-24","ganji":"을미(乙未)년 병술(丙戌)월 무오(戊午)일"},{"solar":"1415-10-27 (일)","lunar":"1415-09-25","ganji":"을미(乙未)년 병술(丙戌)월 기미(己未)일"},{"solar":"1415-10-28 (월)","lunar":"1415-09-26","ganji":"을미(乙未)년 병술(丙戌)월 경신(庚申)일"},{"solar":"1415-10-29 (화)","lunar":"1415-09-27","ganji":"을미(乙未)년 병술(丙戌)월 신유(辛酉)일"},{"solar":"1415-10-30 (수)","lunar":"1415-09-28","ganji":"을미(乙未)년 병술(丙戌)월 임술(壬戌)일"},{"solar":"1415-10-31 (목)","lunar":"1415-09-29","ganji":"을미(乙未)년 병술(丙戌)월 계해(癸亥)일"},{"solar":"1415-11-01 (금)","lunar":"1415-09-30","ganji":"을미(乙未)년 병술(丙戌)월 갑자(甲子)일"},{"solar":"1415-11-02 (토)","lunar":"1415-10-01","ganji":"을미(乙未)년 정해(丁亥)월 을축(乙丑)일"},{"solar":"1415-11-03 (일)","lunar":"1415-10-02","ganji":"을미(乙未)년 정해(丁亥)월 병인(丙寅)일"},{"solar":"1415-11-04 (월)","lunar":"1415-10-03","ganji":"을미(乙未)년 정해(丁亥)월 정묘(丁卯)일"},{"solar":"1415-11-05 (화)","lunar":"1415-10-04","ganji":"을미(乙未)년 정해(丁亥)월 무진(戊辰)일"},{"solar":"1415-11-06 (수)","lunar":"1415-10-05","ganji":"을미(乙未)년 정해(丁亥)월 기사(己巳)일"},{"solar":"1415-11-07 (목)","lunar":"1415-10-06","ganji":"을미(乙未)년 정해(丁亥)월 경오(庚午)일"},{"solar":"1415-11-08 (금)","lunar":"1415-10-07","ganji":"을미(乙未)년 정해(丁亥)월 신미(辛未)일"},{"solar":"1415-11-09 (토)","lunar":"1415-10-08","ganji":"을미(乙未)년 정해(丁亥)월 임신(壬申)일"},{"solar":"1415-11-10 (일)","lunar":"1415-10-09","ganji":"을미(乙未)년 정해(丁亥)월 계유(癸酉)일"},{"solar":"1415-11-11 (월)","lunar":"1415-10-10","ganji":"을미(乙未)년 정해(丁亥)월 갑술(甲戌)일"},{"solar":"1415-11-12 (화)","lunar":"1415-10-11","ganji":"을미(乙未)년 정해(丁亥)월 을해(乙亥)일"},{"solar":"1415-11-13 (수)","lunar":"1415-10-12","ganji":"을미(乙未)년 정해(丁亥)월 병자(丙子)일"},{"solar":"1415-11-14 (목)","lunar":"1415-10-13","ganji":"을미(乙未)년 정해(丁亥)월 정축(丁丑)일"},{"solar":"1415-11-15 (금)","lunar":"1415-10-14","ganji":"을미(乙未)년 정해(丁亥)월 무인(戊寅)일"},{"solar":"1415-11-16 (토)","lunar":"1415-10-15","ganji":"을미(乙未)년 정해(丁亥)월 기묘(己卯)일"},{"solar":"1415-11-17 (일)","lunar":"1415-10-16","ganji":"을미(乙未)년 정해(丁亥)월 경진(庚辰)일"},{"solar":"1415-11-18 (월)","lunar":"1415-10-17","ganji":"을미(乙未)년 정해(丁亥)월 신사(辛巳)일"},{"solar":"1415-11-19 (화)","lunar":"1415-10-18","ganji":"을미(乙未)년 정해(丁亥)월 임오(壬午)일"},{"solar":"1415-11-20 (수)","lunar":"1415-10-19","ganji":"을미(乙未)년 정해(丁亥)월 계미(癸未)일"},{"solar":"1415-11-21 (목)","lunar":"1415-10-20","ganji":"을미(乙未)년 정해(丁亥)월 갑신(甲申)일"},{"solar":"1415-11-22 (금)","lunar":"1415-10-21","ganji":"을미(乙未)년 정해(丁亥)월 을유(乙酉)일"},{"solar":"1415-11-23 (토)","lunar":"1415-10-22","ganji":"을미(乙未)년 정해(丁亥)월 병술(丙戌)일"},{"solar":"1415-11-24 (일)","lunar":"1415-10-23","ganji":"을미(乙未)년 정해(丁亥)월 정해(丁亥)일"},{"solar":"1415-11-25 (월)","lunar":"1415-10-24","ganji":"을미(乙未)년 정해(丁亥)월 무자(戊子)일"},{"solar":"1415-11-26 (화)","lunar":"1415-10-25","ganji":"을미(乙未)년 정해(丁亥)월 기축(己丑)일"},{"solar":"1415-11-27 (수)","lunar":"1415-10-26","ganji":"을미(乙未)년 정해(丁亥)월 경인(庚寅)일"},{"solar":"1415-11-28 (목)","lunar":"1415-10-27","ganji":"을미(乙未)년 정해(丁亥)월 신묘(辛卯)일"},{"solar":"1415-11-29 (금)","lunar":"1415-10-28","ganji":"을미(乙未)년 정해(丁亥)월 임진(壬辰)일"},{"solar":"1415-11-30 (토)","lunar":"1415-10-29","ganji":"을미(乙未)년 정해(丁亥)월 계사(癸巳)일"},{"solar":"1415-12-01 (일)","lunar":"1415-11-01","ganji":"을미(乙未)년 무자(戊子)월 갑오(甲午)일"},{"solar":"1415-12-02 (월)","lunar":"1415-11-02","ganji":"을미(乙未)년 무자(戊子)월 을미(乙未)일"},{"solar":"1415-12-03 (화)","lunar":"1415-11-03","ganji":"을미(乙未)년 무자(戊子)월 병신(丙申)일"},{"solar":"1415-12-04 (수)","lunar":"1415-11-04","ganji":"을미(乙未)년 무자(戊子)월 정유(丁酉)일"},{"solar":"1415-12-05 (목)","lunar":"1415-11-05","ganji":"을미(乙未)년 무자(戊子)월 무술(戊戌)일"},{"solar":"1415-12-06 (금)","lunar":"1415-11-06","ganji":"을미(乙未)년 무자(戊子)월 기해(己亥)일"},{"solar":"1415-12-07 (토)","lunar":"1415-11-07","ganji":"을미(乙未)년 무자(戊子)월 경자(庚子)일"},{"solar":"1415-12-08 (일)","lunar":"1415-11-08","ganji":"을미(乙未)년 무자(戊子)월 신축(辛丑)일"},{"solar":"1415-12-09 (월)","lunar":"1415-11-09","ganji":"을미(乙未)년 무자(戊子)월 임인(壬寅)일"},{"solar":"1415-12-10 (화)","lunar":"1415-11-10","ganji":"을미(乙未)년 무자(戊子)월 계묘(癸卯)일"},{"solar":"1415-12-11 (수)","lunar":"1415-11-11","ganji":"을미(乙未)년 무자(戊子)월 갑진(甲辰)일"},{"solar":"1415-12-12 (목)","lunar":"1415-11-12","ganji":"을미(乙未)년 무자(戊子)월 을사(乙巳)일"},{"solar":"1415-12-13 (금)","lunar":"1415-11-13","ganji":"을미(乙未)년 무자(戊子)월 병오(丙午)일"},{"solar":"1415-12-14 (토)","lunar":"1415-11-14","ganji":"을미(乙未)년 무자(戊子)월 정미(丁未)일"},{"solar":"1415-12-15 (일)","lunar":"1415-11-15","ganji":"을미(乙未)년 무자(戊子)월 무신(戊申)일"},{"solar":"1415-12-16 (월)","lunar":"1415-11-16","ganji":"을미(乙未)년 무자(戊子)월 기유(己酉)일"},{"solar":"1415-12-17 (화)","lunar":"1415-11-17","ganji":"을미(乙未)년 무자(戊子)월 경술(庚戌)일"},{"solar":"1415-12-18 (수)","lunar":"1415-11-18","ganji":"을미(乙未)년 무자(戊子)월 신해(辛亥)일"},{"solar":"1415-12-19 (목)","lunar":"1415-11-19","ganji":"을미(乙未)년 무자(戊子)월 임자(壬子)일"},{"solar":"1415-12-20 (금)","lunar":"1415-11-20","ganji":"을미(乙未)년 무자(戊子)월 계축(癸丑)일"},{"solar":"1415-12-21 (토)","lunar":"1415-11-21","ganji":"을미(乙未)년 무자(戊子)월 갑인(甲寅)일"},{"solar":"1415-12-22 (일)","lunar":"1415-11-22","ganji":"을미(乙未)년 무자(戊子)월 을묘(乙卯)일"},{"solar":"1415-12-23 (월)","lunar":"1415-11-23","ganji":"을미(乙未)년 무자(戊子)월 병진(丙辰)일"},{"solar":"1415-12-24 (화)","lunar":"1415-11-24","ganji":"을미(乙未)년 무자(戊子)월 정사(丁巳)일"},{"solar":"1415-12-25 (수)","lunar":"1415-11-25","ganji":"을미(乙未)년 무자(戊子)월 무오(戊午)일"},{"solar":"1415-12-26 (목)","lunar":"1415-11-26","ganji":"을미(乙未)년 무자(戊子)월 기미(己未)일"},{"solar":"1415-12-27 (금)","lunar":"1415-11-27","ganji":"을미(乙未)년 무자(戊子)월 경신(庚申)일"},{"solar":"1415-12-28 (토)","lunar":"1415-11-28","ganji":"을미(乙未)년 무자(戊子)월 신유(辛酉)일"},{"solar":"1415-12-29 (일)","lunar":"1415-11-29","ganji":"을미(乙未)년 무자(戊子)월 임술(壬戌)일"},{"solar":"1415-12-30 (월)","lunar":"1415-11-30","ganji":"을미(乙未)년 무자(戊子)월 계해(癸亥)일"},{"solar":"1415-12-31 (화)","lunar":"1415-12-01","ganji":"을미(乙未)년 기축(己丑)월 갑자(甲子)일"}]