[{"solar":"1471-01-01 (화)","lunar":"1470-12-11","ganji":"경인(庚寅)년 기축(己丑)월 갑인(甲寅)일"},{"solar":"1471-01-02 (수)","lunar":"1470-12-12","ganji":"경인(庚寅)년 기축(己丑)월 을묘(乙卯)일"},{"solar":"1471-01-03 (목)","lunar":"1470-12-13","ganji":"경인(庚寅)년 기축(己丑)월 병진(丙辰)일"},{"solar":"1471-01-04 (금)","lunar":"1470-12-14","ganji":"경인(庚寅)년 기축(己丑)월 정사(丁巳)일"},{"solar":"1471-01-05 (토)","lunar":"1470-12-15","ganji":"경인(庚寅)년 기축(己丑)월 무오(戊午)일"},{"solar":"1471-01-06 (일)","lunar":"1470-12-16","ganji":"경인(庚寅)년 기축(己丑)월 기미(己未)일"},{"solar":"1471-01-07 (월)","lunar":"1470-12-17","ganji":"경인(庚寅)년 기축(己丑)월 경신(庚申)일"},{"solar":"1471-01-08 (화)","lunar":"1470-12-18","ganji":"경인(庚寅)년 기축(己丑)월 신유(辛酉)일"},{"solar":"1471-01-09 (수)","lunar":"1470-12-19","ganji":"경인(庚寅)년 기축(己丑)월 임술(壬戌)일"},{"solar":"1471-01-10 (목)","lunar":"1470-12-20","ganji":"경인(庚寅)년 기축(己丑)월 계해(癸亥)일"},{"solar":"1471-01-11 (금)","lunar":"1470-12-21","ganji":"경인(庚寅)년 기축(己丑)월 갑자(甲子)일"},{"solar":"1471-01-12 (토)","lunar":"1470-12-22","ganji":"경인(庚寅)년 기축(己丑)월 을축(乙丑)일"},{"solar":"1471-01-13 (일)","lunar":"1470-12-23","ganji":"경인(庚寅)년 기축(己丑)월 병인(丙寅)일"},{"solar":"1471-01-14 (월)","lunar":"1470-12-24","ganji":"경인(庚寅)년 기축(己丑)월 정묘(丁卯)일"},{"solar":"1471-01-15 (화)","lunar":"1470-12-25","ganji":"경인(庚寅)년 기축(己丑)월 무진(戊辰)일"},{"solar":"1471-01-16 (수)","lunar":"1470-12-26","ganji":"경인(庚寅)년 기축(己丑)월 기사(己巳)일"},{"solar":"1471-01-17 (목)","lunar":"1470-12-27","ganji":"경인(庚寅)년 기축(己丑)월 경오(庚午)일"},{"solar":"1471-01-18 (금)","lunar":"1470-12-28","ganji":"경인(庚寅)년 기축(己丑)월 신미(辛未)일"},{"solar":"1471-01-19 (토)","lunar":"1470-12-29","ganji":"경인(庚寅)년 기축(己丑)월 임신(壬申)일"},{"solar":"1471-01-20 (일)","lunar":"1470-12-30","ganji":"경인(庚寅)년 기축(己丑)월 계유(癸酉)일"},{"solar":"1471-01-21 (월)","lunar":"1471-01-01","ganji":"신묘(辛卯)년 경인(庚寅)월 갑술(甲戌)일"},{"solar":"1471-01-22 (화)","lunar":"1471-01-02","ganji":"신묘(辛卯)년 경인(庚寅)월 을해(乙亥)일"},{"solar":"1471-01-23 (수)","lunar":"1471-01-03","ganji":"신묘(辛卯)년 경인(庚寅)월 병자(丙子)일"},{"solar":"1471-01-24 (목)","lunar":"1471-01-04","ganji":"신묘(辛卯)년 경인(庚寅)월 정축(丁丑)일"},{"solar":"1471-01-25 (금)","lunar":"1471-01-05","ganji":"신묘(辛卯)년 경인(庚寅)월 무인(戊寅)일"},{"solar":"1471-01-26 (토)","lunar":"1471-01-06","ganji":"신묘(辛卯)년 경인(庚寅)월 기묘(己卯)일"},{"solar":"1471-01-27 (일)","lunar":"1471-01-07","ganji":"신묘(辛卯)년 경인(庚寅)월 경진(庚辰)일"},{"solar":"1471-01-28 (월)","lunar":"1471-01-08","ganji":"신묘(辛卯)년 경인(庚寅)월 신사(辛巳)일"},{"solar":"1471-01-29 (화)","lunar":"1471-01-09","ganji":"신묘(辛卯)년 경인(庚寅)월 임오(壬午)일"},{"solar":"1471-01-30 (수)","lunar":"1471-01-10","ganji":"신묘(辛卯)년 경인(庚寅)월 계미(癸未)일"},{"solar":"1471-01-31 (목)","lunar":"1471-01-11","ganji":"신묘(辛卯)년 경인(庚寅)월 갑신(甲申)일"},{"solar":"1471-02-01 (금)","lunar":"1471-01-12","ganji":"신묘(辛卯)년 경인(庚寅)월 을유(乙酉)일"},{"solar":"1471-02-02 (토)","lunar":"1471-01-13","ganji":"신묘(辛卯)년 경인(庚寅)월 병술(丙戌)일"},{"solar":"1471-02-03 (일)","lunar":"1471-01-14","ganji":"신묘(辛卯)년 경인(庚寅)월 정해(丁亥)일"},{"solar":"1471-02-04 (월)","lunar":"1471-01-15","ganji":"신묘(辛卯)년 경인(庚寅)월 무자(戊子)일"},{"solar":"1471-02-05 (화)","lunar":"1471-01-16","ganji":"신묘(辛卯)년 경인(庚寅)월 기축(己丑)일"},{"solar":"1471-02-06 (수)","lunar":"1471-01-17","ganji":"신묘(辛卯)년 경인(庚寅)월 경인(庚寅)일"},{"solar":"1471-02-07 (목)","lunar":"1471-01-18","ganji":"신묘(辛卯)년 경인(庚寅)월 신묘(辛卯)일"},{"solar":"1471-02-08 (금)","lunar":"1471-01-19","ganji":"신묘(辛卯)년 경인(庚寅)월 임진(壬辰)일"},{"solar":"1471-02-09 (토)","lunar":"1471-01-20","ganji":"신묘(辛卯)년 경인(庚寅)월 계사(癸巳)일"},{"solar":"1471-02-10 (일)","lunar":"1471-01-21","ganji":"신묘(辛卯)년 경인(庚寅)월 갑오(甲午)일"},{"solar":"1471-02-11 (월)","lunar":"1471-01-22","ganji":"신묘(辛卯)년 경인(庚寅)월 을미(乙未)일"},{"solar":"1471-02-12 (화)","lunar":"1471-01-23","ganji":"신묘(辛卯)년 경인(庚寅)월 병신(丙申)일"},{"solar":"1471-02-13 (수)","lunar":"1471-01-24","ganji":"신묘(辛卯)년 경인(庚寅)월 정유(丁酉)일"},{"solar":"1471-02-14 (목)","lunar":"1471-01-25","ganji":"신묘(辛卯)년 경인(庚寅)월 무술(戊戌)일"},{"solar":"1471-02-15 (금)","lunar":"1471-01-26","ganji":"신묘(辛卯)년 경인(庚寅)월 기해(己亥)일"},{"solar":"1471-02-16 (토)","lunar":"1471-01-27","ganji":"신묘(辛卯)년 경인(庚寅)월 경자(庚子)일"},{"solar":"1471-02-17 (일)","lunar":"1471-01-28","ganji":"신묘(辛卯)년 경인(庚寅)월 신축(辛丑)일"},{"solar":"1471-02-18 (월)","lunar":"1471-01-29","ganji":"신묘(辛卯)년 경인(庚寅)월 임인(壬寅)일"},{"solar":"1471-02-19 (화)","lunar":"1471-01-30","ganji":"신묘(辛卯)년 경인(庚寅)월 계묘(癸卯)일"},{"solar":"1471-02-20 (수)","lunar":"1471-02-01","ganji":"신묘(辛卯)년 신묘(辛卯)월 갑진(甲辰)일"},{"solar":"1471-02-21 (목)","lunar":"1471-02-02","ganji":"신묘(辛卯)년 신묘(辛卯)월 을사(乙巳)일"},{"solar":"1471-02-22 (금)","lunar":"1471-02-03","ganji":"신묘(辛卯)년 신묘(辛卯)월 병오(丙午)일"},{"solar":"1471-02-23 (토)","lunar":"1471-02-04","ganji":"신묘(辛卯)년 신묘(辛卯)월 정미(丁未)일"},{"solar":"1471-02-24 (일)","lunar":"1471-02-05","ganji":"신묘(辛卯)년 신묘(辛卯)월 무신(戊申)일"},{"solar":"1471-02-25 (월)","lunar":"1471-02-06","ganji":"신묘(辛卯)년 신묘(辛卯)월 기유(己酉)일"},{"solar":"1471-02-26 (화)","lunar":"1471-02-07","ganji":"신묘(辛卯)년 신묘(辛卯)월 경술(庚戌)일"},{"solar":"1471-02-27 (수)","lunar":"1471-02-08","ganji":"신묘(辛卯)년 신묘(辛卯)월 신해(辛亥)일"},{"solar":"1471-02-28 (목)","lunar":"1471-02-09","ganji":"신묘(辛卯)년 신묘(辛卯)월 임자(壬子)일"},{"solar":"1471-03-01 (금)","lunar":"1471-02-10","ganji":"신묘(辛卯)년 신묘(辛卯)월 계축(癸丑)일"},{"solar":"1471-03-02 (토)","lunar":"1471-02-11","ganji":"신묘(辛卯)년 신묘(辛卯)월 갑인(甲寅)일"},{"solar":"1471-03-03 (일)","lunar":"1471-02-12","ganji":"신묘(辛卯)년 신묘(辛卯)월 을묘(乙卯)일"},{"solar":"1471-03-04 (월)","lunar":"1471-02-13","ganji":"신묘(辛卯)년 신묘(辛卯)월 병진(丙辰)일"},{"solar":"1471-03-05 (화)","lunar":"1471-02-14","ganji":"신묘(辛卯)년 신묘(辛卯)월 정사(丁巳)일"},{"solar":"1471-03-06 (수)","lunar":"1471-02-15","ganji":"신묘(辛卯)년 신묘(辛卯)월 무오(戊午)일"},{"solar":"1471-03-07 (목)","lunar":"1471-02-16","ganji":"신묘(辛卯)년 신묘(辛卯)월 기미(己未)일"},{"solar":"1471-03-08 (금)","lunar":"1471-02-17","ganji":"신묘(辛卯)년 신묘(辛卯)월 경신(庚申)일"},{"solar":"1471-03-09 (토)","lunar":"1471-02-18","ganji":"신묘(辛卯)년 신묘(辛卯)월 신유(辛酉)일"},{"solar":"1471-03-10 (일)","lunar":"1471-02-19","ganji":"신묘(辛卯)년 신묘(辛卯)월 임술(壬戌)일"},{"solar":"1471-03-11 (월)","lunar":"1471-02-20","ganji":"신묘(辛卯)년 신묘(辛卯)월 계해(癸亥)일"},{"solar":"1471-03-12 (화)","lunar":"1471-02-21","ganji":"신묘(辛卯)년 신묘(辛卯)월 갑자(甲子)일"},{"solar":"1471-03-13 (수)","lunar":"1471-02-22","ganji":"신묘(辛卯)년 신묘(辛卯)월 을축(乙丑)일"},{"solar":"1471-03-14 (목)","lunar":"1471-02-23","ganji":"신묘(辛卯)년 신묘(辛卯)월 병인(丙寅)일"},{"solar":"1471-03-15 (금)","lunar":"1471-02-24","ganji":"신묘(辛卯)년 신묘(辛卯)월 정묘(丁卯)일"},{"solar":"1471-03-16 (토)","lunar":"1471-02-25","ganji":"신묘(辛卯)년 신묘(辛卯)월 무진(戊辰)일"},{"solar":"1471-03-17 (일)","lunar":"1471-02-26","ganji":"신묘(辛卯)년 신묘(辛卯)월 기사(己巳)일"},{"solar":"1471-03-18 (월)","lunar":"1471-02-27","ganji":"신묘(辛卯)년 신묘(辛卯)월 경오(庚午)일"},{"solar":"1471-03-19 (화)","lunar":"1471-02-28","ganji":"신묘(辛卯)년 신묘(辛卯)월 신미(辛未)일"},{"solar":"1471-03-20 (수)","lunar":"1471-02-29","ganji":"신묘(辛卯)년 신묘(辛卯)월 임신(壬申)일"},{"solar":"1471-03-21 (목)","lunar":"1471-02-30","ganji":"신묘(辛卯)년 신묘(辛卯)월 계유(癸酉)일"},{"solar":"1471-03-22 (금)","lunar":"1471-03-01","ganji":"신묘(辛卯)년 임진(壬辰)월 갑술(甲戌)일"},{"solar":"1471-03-23 (토)","lunar":"1471-03-02","ganji":"신묘(辛卯)년 임진(壬辰)월 을해(乙亥)일"},{"solar":"1471-03-24 (일)","lunar":"1471-03-03","ganji":"신묘(辛卯)년 임진(壬辰)월 병자(丙子)일"},{"solar":"1471-03-25 (월)","lunar":"1471-03-04","ganji":"신묘(辛卯)년 임진(壬辰)월 정축(丁丑)일"},{"solar":"1471-03-26 (화)","lunar":"1471-03-05","ganji":"신묘(辛卯)년 임진(壬辰)월 무인(戊寅)일"},{"solar":"1471-03-27 (수)","lunar":"1471-03-06","ganji":"신묘(辛卯)년 임진(壬辰)월 기묘(己卯)일"},{"solar":"1471-03-28 (목)","lunar":"1471-03-07","ganji":"신묘(辛卯)년 임진(壬辰)월 경진(庚辰)일"},{"solar":"1471-03-29 (금)","lunar":"1471-03-08","ganji":"신묘(辛卯)년 임진(壬辰)월 신사(辛巳)일"},{"solar":"1471-03-30 (토)","lunar":"1471-03-09","ganji":"신묘(辛卯)년 임진(壬辰)월 임오(壬午)일"},{"solar":"1471-03-31 (일)","lunar":"1471-03-10","ganji":"신묘(辛卯)년 임진(壬辰)월 계미(癸未)일"},{"solar":"1471-04-01 (월)","lunar":"1471-03-11","ganji":"신묘(辛卯)년 임진(壬辰)월 갑신(甲申)일"},{"solar":"1471-04-02 (화)","lunar":"1471-03-12","ganji":"신묘(辛卯)년 임진(壬辰)월 을유(乙酉)일"},{"solar":"1471-04-03 (수)","lunar":"1471-03-13","ganji":"신묘(辛卯)년 임진(壬辰)월 병술(丙戌)일"},{"solar":"1471-04-04 (목)","lunar":"1471-03-14","ganji":"신묘(辛卯)년 임진(壬辰)월 정해(丁亥)일"},{"solar":"1471-04-05 (금)","lunar":"1471-03-15","ganji":"신묘(辛卯)년 임진(壬辰)월 무자(戊子)일"},{"solar":"1471-04-06 (토)","lunar":"1471-03-16","ganji":"신묘(辛卯)년 임진(壬辰)월 기축(己丑)일"},{"solar":"1471-04-07 (일)","lunar":"1471-03-17","ganji":"신묘(辛卯)년 임진(壬辰)월 경인(庚寅)일"},{"solar":"1471-04-08 (월)","lunar":"1471-03-18","ganji":"신묘(辛卯)년 임진(壬辰)월 신묘(辛卯)일"},{"solar":"1471-04-09 (화)","lunar":"1471-03-19","ganji":"신묘(辛卯)년 임진(壬辰)월 임진(壬辰)일"},{"solar":"1471-04-10 (수)","lunar":"1471-03-20","ganji":"신묘(辛卯)년 임진(壬辰)월 계사(癸巳)일"},{"solar":"1471-04-11 (목)","lunar":"1471-03-21","ganji":"신묘(辛卯)년 임진(壬辰)월 갑오(甲午)일"},{"solar":"1471-04-12 (금)","lunar":"1471-03-22","ganji":"신묘(辛卯)년 임진(壬辰)월 을미(乙未)일"},{"solar":"1471-04-13 (토)","lunar":"1471-03-23","ganji":"신묘(辛卯)년 임진(壬辰)월 병신(丙申)일"},{"solar":"1471-04-14 (일)","lunar":"1471-03-24","ganji":"신묘(辛卯)년 임진(壬辰)월 정유(丁酉)일"},{"solar":"1471-04-15 (월)","lunar":"1471-03-25","ganji":"신묘(辛卯)년 임진(壬辰)월 무술(戊戌)일"},{"solar":"1471-04-16 (화)","lunar":"1471-03-26","ganji":"신묘(辛卯)년 임진(壬辰)월 기해(己亥)일"},{"solar":"1471-04-17 (수)","lunar":"1471-03-27","ganji":"신묘(辛卯)년 임진(壬辰)월 경자(庚子)일"},{"solar":"1471-04-18 (목)","lunar":"1471-03-28","ganji":"신묘(辛卯)년 임진(壬辰)월 신축(辛丑)일"},{"solar":"1471-04-19 (금)","lunar":"1471-03-29","ganji":"신묘(辛卯)년 임진(壬辰)월 임인(壬寅)일"},{"solar":"1471-04-20 (토)","lunar":"1471-04-01","ganji":"신묘(辛卯)년 계사(癸巳)월 계묘(癸卯)일"},{"solar":"1471-04-21 (일)","lunar":"1471-04-02","ganji":"신묘(辛卯)년 계사(癸巳)월 갑진(甲辰)일"},{"solar":"1471-04-22 (월)","lunar":"1471-04-03","ganji":"신묘(辛卯)년 계사(癸巳)월 을사(乙巳)일"},{"solar":"1471-04-23 (화)","lunar":"1471-04-04","ganji":"신묘(辛卯)년 계사(癸巳)월 병오(丙午)일"},{"solar":"1471-04-24 (수)","lunar":"1471-04-05","ganji":"신묘(辛卯)년 계사(癸巳)월 정미(丁未)일"},{"solar":"1471-04-25 (목)","lunar":"1471-04-06","ganji":"신묘(辛卯)년 계사(癸巳)월 무신(戊申)일"},{"solar":"1471-04-26 (금)","lunar":"1471-04-07","ganji":"신묘(辛卯)년 계사(癸巳)월 기유(己酉)일"},{"solar":"1471-04-27 (토)","lunar":"1471-04-08","ganji":"신묘(辛卯)년 계사(癸巳)월 경술(庚戌)일"},{"solar":"1471-04-28 (일)","lunar":"1471-04-09","ganji":"신묘(辛卯)년 계사(癸巳)월 신해(辛亥)일"},{"solar":"1471-04-29 (월)","lunar":"1471-04-10","ganji":"신묘(辛卯)년 계사(癸巳)월 임자(壬子)일"},{"solar":"1471-04-30 (화)","lunar":"1471-04-11","ganji":"신묘(辛卯)년 계사(癸巳)월 계축(癸丑)일"},{"solar":"1471-05-01 (수)","lunar":"1471-04-12","ganji":"신묘(辛卯)년 계사(癸巳)월 갑인(甲寅)일"},{"solar":"1471-05-02 (목)","lunar":"1471-04-13","ganji":"신묘(辛卯)년 계사(癸巳)월 을묘(乙卯)일"},{"solar":"1471-05-03 (금)","lunar":"1471-04-14","ganji":"신묘(辛卯)년 계사(癸巳)월 병진(丙辰)일"},{"solar":"1471-05-04 (토)","lunar":"1471-04-15","ganji":"신묘(辛卯)년 계사(癸巳)월 정사(丁巳)일"},{"solar":"1471-05-05 (일)","lunar":"1471-04-16","ganji":"신묘(辛卯)년 계사(癸巳)월 무오(戊午)일"},{"solar":"1471-05-06 (월)","lunar":"1471-04-17","ganji":"신묘(辛卯)년 계사(癸巳)월 기미(己未)일"},{"solar":"1471-05-07 (화)","lunar":"1471-04-18","ganji":"신묘(辛卯)년 계사(癸巳)월 경신(庚申)일"},{"solar":"1471-05-08 (수)","lunar":"1471-04-19","ganji":"신묘(辛卯)년 계사(癸巳)월 신유(辛酉)일"},{"solar":"1471-05-09 (목)","lunar":"1471-04-20","ganji":"신묘(辛卯)년 계사(癸巳)월 임술(壬戌)일"},{"solar":"1471-05-10 (금)","lunar":"1471-04-21","ganji":"신묘(辛卯)년 계사(癸巳)월 계해(癸亥)일"},{"solar":"1471-05-11 (토)","lunar":"1471-04-22","ganji":"신묘(辛卯)년 계사(癸巳)월 갑자(甲子)일"},{"solar":"1471-05-12 (일)","lunar":"1471-04-23","ganji":"신묘(辛卯)년 계사(癸巳)월 을축(乙丑)일"},{"solar":"1471-05-13 (월)","lunar":"1471-04-24","ganji":"신묘(辛卯)년 계사(癸巳)월 병인(丙寅)일"},{"solar":"1471-05-14 (화)","lunar":"1471-04-25","ganji":"신묘(辛卯)년 계사(癸巳)월 정묘(丁卯)일"},{"solar":"1471-05-15 (수)","lunar":"1471-04-26","ganji":"신묘(辛卯)년 계사(癸巳)월 무진(戊辰)일"},{"solar":"1471-05-16 (목)","lunar":"1471-04-27","ganji":"신묘(辛卯)년 계사(癸巳)월 기사(己巳)일"},{"solar":"1471-05-17 (금)","lunar":"1471-04-28","ganji":"신묘(辛卯)년 계사(癸巳)월 경오(庚午)일"},{"solar":"1471-05-18 (토)","lunar":"1471-04-29","ganji":"신묘(辛卯)년 계사(癸巳)월 신미(辛未)일"},{"solar":"1471-05-19 (일)","lunar":"1471-04-30","ganji":"신묘(辛卯)년 계사(癸巳)월 임신(壬申)일"},{"solar":"1471-05-20 (월)","lunar":"1471-05-01","ganji":"신묘(辛卯)년 갑오(甲午)월 계유(癸酉)일"},{"solar":"1471-05-21 (화)","lunar":"1471-05-02","ganji":"신묘(辛卯)년 갑오(甲午)월 갑술(甲戌)일"},{"solar":"1471-05-22 (수)","lunar":"1471-05-03","ganji":"신묘(辛卯)년 갑오(甲午)월 을해(乙亥)일"},{"solar":"1471-05-23 (목)","lunar":"1471-05-04","ganji":"신묘(辛卯)년 갑오(甲午)월 병자(丙子)일"},{"solar":"1471-05-24 (금)","lunar":"1471-05-05","ganji":"신묘(辛卯)년 갑오(甲午)월 정축(丁丑)일"},{"solar":"1471-05-25 (토)","lunar":"1471-05-06","ganji":"신묘(辛卯)년 갑오(甲午)월 무인(戊寅)일"},{"solar":"1471-05-26 (일)","lunar":"1471-05-07","ganji":"신묘(辛卯)년 갑오(甲午)월 기묘(己卯)일"},{"solar":"1471-05-27 (월)","lunar":"1471-05-08","ganji":"신묘(辛卯)년 갑오(甲午)월 경진(庚辰)일"},{"solar":"1471-05-28 (화)","lunar":"1471-05-09","ganji":"신묘(辛卯)년 갑오(甲午)월 신사(辛巳)일"},{"solar":"1471-05-29 (수)","lunar":"1471-05-10","ganji":"신묘(辛卯)년 갑오(甲午)월 임오(壬午)일"},{"solar":"1471-05-30 (목)","lunar":"1471-05-11","ganji":"신묘(辛卯)년 갑오(甲午)월 계미(癸未)일"},{"solar":"1471-05-31 (금)","lunar":"1471-05-12","ganji":"신묘(辛卯)년 갑오(甲午)월 갑신(甲申)일"},{"solar":"1471-06-01 (토)","lunar":"1471-05-13","ganji":"신묘(辛卯)년 갑오(甲午)월 을유(乙酉)일"},{"solar":"1471-06-02 (일)","lunar":"1471-05-14","ganji":"신묘(辛卯)년 갑오(甲午)월 병술(丙戌)일"},{"solar":"1471-06-03 (월)","lunar":"1471-05-15","ganji":"신묘(辛卯)년 갑오(甲午)월 정해(丁亥)일"},{"solar":"1471-06-04 (화)","lunar":"1471-05-16","ganji":"신묘(辛卯)년 갑오(甲午)월 무자(戊子)일"},{"solar":"1471-06-05 (수)","lunar":"1471-05-17","ganji":"신묘(辛卯)년 갑오(甲午)월 기축(己丑)일"},{"solar":"1471-06-06 (목)","lunar":"1471-05-18","ganji":"신묘(辛卯)년 갑오(甲午)월 경인(庚寅)일"},{"solar":"1471-06-07 (금)","lunar":"1471-05-19","ganji":"신묘(辛卯)년 갑오(甲午)월 신묘(辛卯)일"},{"solar":"1471-06-08 (토)","lunar":"1471-05-20","ganji":"신묘(辛卯)년 갑오(甲午)월 임진(壬辰)일"},{"solar":"1471-06-09 (일)","lunar":"1471-05-21","ganji":"신묘(辛卯)년 갑오(甲午)월 계사(癸巳)일"},{"solar":"1471-06-10 (월)","lunar":"1471-05-22","ganji":"신묘(辛卯)년 갑오(甲午)월 갑오(甲午)일"},{"solar":"1471-06-11 (화)","lunar":"1471-05-23","ganji":"신묘(辛卯)년 갑오(甲午)월 을미(乙未)일"},{"solar":"1471-06-12 (수)","lunar":"1471-05-24","ganji":"신묘(辛卯)년 갑오(甲午)월 병신(丙申)일"},{"solar":"1471-06-13 (목)","lunar":"1471-05-25","ganji":"신묘(辛卯)년 갑오(甲午)월 정유(丁酉)일"},{"solar":"1471-06-14 (금)","lunar":"1471-05-26","ganji":"신묘(辛卯)년 갑오(甲午)월 무술(戊戌)일"},{"solar":"1471-06-15 (토)","lunar":"1471-05-27","ganji":"신묘(辛卯)년 갑오(甲午)월 기해(己亥)일"},{"solar":"1471-06-16 (일)","lunar":"1471-05-28","ganji":"신묘(辛卯)년 갑오(甲午)월 경자(庚子)일"},{"solar":"1471-06-17 (월)","lunar":"1471-05-29","ganji":"신묘(辛卯)년 갑오(甲午)월 신축(辛丑)일"},{"solar":"1471-06-18 (화)","lunar":"1471-06-01","ganji":"신묘(辛卯)년 을미(乙未)월 임인(壬寅)일"},{"solar":"1471-06-19 (수)","lunar":"1471-06-02","ganji":"신묘(辛卯)년 을미(乙未)월 계묘(癸卯)일"},{"solar":"1471-06-20 (목)","lunar":"1471-06-03","ganji":"신묘(辛卯)년 을미(乙未)월 갑진(甲辰)일"},{"solar":"1471-06-21 (금)","lunar":"1471-06-04","ganji":"신묘(辛卯)년 을미(乙未)월 을사(乙巳)일"},{"solar":"1471-06-22 (토)","lunar":"1471-06-05","ganji":"신묘(辛卯)년 을미(乙未)월 병오(丙午)일"},{"solar":"1471-06-23 (일)","lunar":"1471-06-06","ganji":"신묘(辛卯)년 을미(乙未)월 정미(丁未)일"},{"solar":"1471-06-24 (월)","lunar":"1471-06-07","ganji":"신묘(辛卯)년 을미(乙未)월 무신(戊申)일"},{"solar":"1471-06-25 (화)","lunar":"1471-06-08","ganji":"신묘(辛卯)년 을미(乙未)월 기유(己酉)일"},{"solar":"1471-06-26 (수)","lunar":"1471-06-09","ganji":"신묘(辛卯)년 을미(乙未)월 경술(庚戌)일"},{"solar":"1471-06-27 (목)","lunar":"1471-06-10","ganji":"신묘(辛卯)년 을미(乙未)월 신해(辛亥)일"},{"solar":"1471-06-28 (금)","lunar":"1471-06-11","ganji":"신묘(辛卯)년 을미(乙未)월 임자(壬子)일"},{"solar":"1471-06-29 (토)","lunar":"1471-06-12","ganji":"신묘(辛卯)년 을미(乙未)월 계축(癸丑)일"},{"solar":"1471-06-30 (일)","lunar":"1471-06-13","ganji":"신묘(辛卯)년 을미(乙未)월 갑인(甲寅)일"},{"solar":"1471-07-01 (월)","lunar":"1471-06-14","ganji":"신묘(辛卯)년 을미(乙未)월 을묘(乙卯)일"},{"solar":"1471-07-02 (화)","lunar":"1471-06-15","ganji":"신묘(辛卯)년 을미(乙未)월 병진(丙辰)일"},{"solar":"1471-07-03 (수)","lunar":"1471-06-16","ganji":"신묘(辛卯)년 을미(乙未)월 정사(丁巳)일"},{"solar":"1471-07-04 (목)","lunar":"1471-06-17","ganji":"신묘(辛卯)년 을미(乙未)월 무오(戊午)일"},{"solar":"1471-07-05 (금)","lunar":"1471-06-18","ganji":"신묘(辛卯)년 을미(乙未)월 기미(己未)일"},{"solar":"1471-07-06 (토)","lunar":"1471-06-19","ganji":"신묘(辛卯)년 을미(乙未)월 경신(庚申)일"},{"solar":"1471-07-07 (일)","lunar":"1471-06-20","ganji":"신묘(辛卯)년 을미(乙未)월 신유(辛酉)일"},{"solar":"1471-07-08 (월)","lunar":"1471-06-21","ganji":"신묘(辛卯)년 을미(乙未)월 임술(壬戌)일"},{"solar":"1471-07-09 (화)","lunar":"1471-06-22","ganji":"신묘(辛卯)년 을미(乙未)월 계해(癸亥)일"},{"solar":"1471-07-10 (수)","lunar":"1471-06-23","ganji":"신묘(辛卯)년 을미(乙未)월 갑자(甲子)일"},{"solar":"1471-07-11 (목)","lunar":"1471-06-24","ganji":"신묘(辛卯)년 을미(乙未)월 을축(乙丑)일"},{"solar":"1471-07-12 (금)","lunar":"1471-06-25","ganji":"신묘(辛卯)년 을미(乙未)월 병인(丙寅)일"},{"solar":"1471-07-13 (토)","lunar":"1471-06-26","ganji":"신묘(辛卯)년 을미(乙未)월 정묘(丁卯)일"},{"solar":"1471-07-14 (일)","lunar":"1471-06-27","ganji":"신묘(辛卯)년 을미(乙未)월 무진(戊辰)일"},{"solar":"1471-07-15 (월)","lunar":"1471-06-28","ganji":"신묘(辛卯)년 을미(乙未)월 기사(己巳)일"},{"solar":"1471-07-16 (화)","lunar":"1471-06-29","ganji":"신묘(辛卯)년 을미(乙未)월 경오(庚午)일"},{"solar":"1471-07-17 (수)","lunar":"1471-06-30","ganji":"신묘(辛卯)년 을미(乙未)월 신미(辛未)일"},{"solar":"1471-07-18 (목)","lunar":"1471-07-01","ganji":"신묘(辛卯)년 병신(丙申)월 임신(壬申)일"},{"solar":"1471-07-19 (금)","lunar":"1471-07-02","ganji":"신묘(辛卯)년 병신(丙申)월 계유(癸酉)일"},{"solar":"1471-07-20 (토)","lunar":"1471-07-03","ganji":"신묘(辛卯)년 병신(丙申)월 갑술(甲戌)일"},{"solar":"1471-07-21 (일)","lunar":"1471-07-04","ganji":"신묘(辛卯)년 병신(丙申)월 을해(乙亥)일"},{"solar":"1471-07-22 (월)","lunar":"1471-07-05","ganji":"신묘(辛卯)년 병신(丙申)월 병자(丙子)일"},{"solar":"1471-07-23 (화)","lunar":"1471-07-06","ganji":"신묘(辛卯)년 병신(丙申)월 정축(丁丑)일"},{"solar":"1471-07-24 (수)","lunar":"1471-07-07","ganji":"신묘(辛卯)년 병신(丙申)월 무인(戊寅)일"},{"solar":"1471-07-25 (목)","lunar":"1471-07-08","ganji":"신묘(辛卯)년 병신(丙申)월 기묘(己卯)일"},{"solar":"1471-07-26 (금)","lunar":"1471-07-09","ganji":"신묘(辛卯)년 병신(丙申)월 경진(庚辰)일"},{"solar":"1471-07-27 (토)","lunar":"1471-07-10","ganji":"신묘(辛卯)년 병신(丙申)월 신사(辛巳)일"},{"solar":"1471-07-28 (일)","lunar":"1471-07-11","ganji":"신묘(辛卯)년 병신(丙申)월 임오(壬午)일"},{"solar":"1471-07-29 (월)","lunar":"1471-07-12","ganji":"신묘(辛卯)년 병신(丙申)월 계미(癸未)일"},{"solar":"1471-07-30 (화)","lunar":"1471-07-13","ganji":"신묘(辛卯)년 병신(丙申)월 갑신(甲申)일"},{"solar":"1471-07-31 (수)","lunar":"1471-07-14","ganji":"신묘(辛卯)년 병신(丙申)월 을유(乙酉)일"},{"solar":"1471-08-01 (목)","lunar":"1471-07-15","ganji":"신묘(辛卯)년 병신(丙申)월 병술(丙戌)일"},{"solar":"1471-08-02 (금)","lunar":"1471-07-16","ganji":"신묘(辛卯)년 병신(丙申)월 정해(丁亥)일"},{"solar":"1471-08-03 (토)","lunar":"1471-07-17","ganji":"신묘(辛卯)년 병신(丙申)월 무자(戊子)일"},{"solar":"1471-08-04 (일)","lunar":"1471-07-18","ganji":"신묘(辛卯)년 병신(丙申)월 기축(己丑)일"},{"solar":"1471-08-05 (월)","lunar":"1471-07-19","ganji":"신묘(辛卯)년 병신(丙申)월 경인(庚寅)일"},{"solar":"1471-08-06 (화)","lunar":"1471-07-20","ganji":"신묘(辛卯)년 병신(丙申)월 신묘(辛卯)일"},{"solar":"1471-08-07 (수)","lunar":"1471-07-21","ganji":"신묘(辛卯)년 병신(丙申)월 임진(壬辰)일"},{"solar":"1471-08-08 (목)","lunar":"1471-07-22","ganji":"신묘(辛卯)년 병신(丙申)월 계사(癸巳)일"},{"solar":"1471-08-09 (금)","lunar":"1471-07-23","ganji":"신묘(辛卯)년 병신(丙申)월 갑오(甲午)일"},{"solar":"1471-08-10 (토)","lunar":"1471-07-24","ganji":"신묘(辛卯)년 병신(丙申)월 을미(乙未)일"},{"solar":"1471-08-11 (일)","lunar":"1471-07-25","ganji":"신묘(辛卯)년 병신(丙申)월 병신(丙申)일"},{"solar":"1471-08-12 (월)","lunar":"1471-07-26","ganji":"신묘(辛卯)년 병신(丙申)월 정유(丁酉)일"},{"solar":"1471-08-13 (화)","lunar":"1471-07-27","ganji":"신묘(辛卯)년 병신(丙申)월 무술(戊戌)일"},{"solar":"1471-08-14 (수)","lunar":"1471-07-28","ganji":"신묘(辛卯)년 병신(丙申)월 기해(己亥)일"},{"solar":"1471-08-15 (목)","lunar":"1471-07-29","ganji":"신묘(辛卯)년 병신(丙申)월 경자(庚子)일"},{"solar":"1471-08-16 (금)","lunar":"1471-08-01","ganji":"신묘(辛卯)년 정유(丁酉)월 신축(辛丑)일"},{"solar":"1471-08-17 (토)","lunar":"1471-08-02","ganji":"신묘(辛卯)년 정유(丁酉)월 임인(壬寅)일"},{"solar":"1471-08-18 (일)","lunar":"1471-08-03","ganji":"신묘(辛卯)년 정유(丁酉)월 계묘(癸卯)일"},{"solar":"1471-08-19 (월)","lunar":"1471-08-04","ganji":"신묘(辛卯)년 정유(丁酉)월 갑진(甲辰)일"},{"solar":"1471-08-20 (화)","lunar":"1471-08-05","ganji":"신묘(辛卯)년 정유(丁酉)월 을사(乙巳)일"},{"solar":"1471-08-21 (수)","lunar":"1471-08-06","ganji":"신묘(辛卯)년 정유(丁酉)월 병오(丙午)일"},{"solar":"1471-08-22 (목)","lunar":"1471-08-07","ganji":"신묘(辛卯)년 정유(丁酉)월 정미(丁未)일"},{"solar":"1471-08-23 (금)","lunar":"1471-08-08","ganji":"신묘(辛卯)년 정유(丁酉)월 무신(戊申)일"},{"solar":"1471-08-24 (토)","lunar":"1471-08-09","ganji":"신묘(辛卯)년 정유(丁酉)월 기유(己酉)일"},{"solar":"1471-08-25 (일)","lunar":"1471-08-10","ganji":"신묘(辛卯)년 정유(丁酉)월 경술(庚戌)일"},{"solar":"1471-08-26 (월)","lunar":"1471-08-11","ganji":"신묘(辛卯)년 정유(丁酉)월 신해(辛亥)일"},{"solar":"1471-08-27 (화)","lunar":"1471-08-12","ganji":"신묘(辛卯)년 정유(丁酉)월 임자(壬子)일"},{"solar":"1471-08-28 (수)","lunar":"1471-08-13","ganji":"신묘(辛卯)년 정유(丁酉)월 계축(癸丑)일"},{"solar":"1471-08-29 (목)","lunar":"1471-08-14","ganji":"신묘(辛卯)년 정유(丁酉)월 갑인(甲寅)일"},{"solar":"1471-08-30 (금)","lunar":"1471-08-15","ganji":"신묘(辛卯)년 정유(丁酉)월 을묘(乙卯)일"},{"solar":"1471-08-31 (토)","lunar":"1471-08-16","ganji":"신묘(辛卯)년 정유(丁酉)월 병진(丙辰)일"},{"solar":"1471-09-01 (일)","lunar":"1471-08-17","ganji":"신묘(辛卯)년 정유(丁酉)월 정사(丁巳)일"},{"solar":"1471-09-02 (월)","lunar":"1471-08-18","ganji":"신묘(辛卯)년 정유(丁酉)월 무오(戊午)일"},{"solar":"1471-09-03 (화)","lunar":"1471-08-19","ganji":"신묘(辛卯)년 정유(丁酉)월 기미(己未)일"},{"solar":"1471-09-04 (수)","lunar":"1471-08-20","ganji":"신묘(辛卯)년 정유(丁酉)월 경신(庚申)일"},{"solar":"1471-09-05 (목)","lunar":"1471-08-21","ganji":"신묘(辛卯)년 정유(丁酉)월 신유(辛酉)일"},{"solar":"1471-09-06 (금)","lunar":"1471-08-22","ganji":"신묘(辛卯)년 정유(丁酉)월 임술(壬戌)일"},{"solar":"1471-09-07 (토)","lunar":"1471-08-23","ganji":"신묘(辛卯)년 정유(丁酉)월 계해(癸亥)일"},{"solar":"1471-09-08 (일)","lunar":"1471-08-24","ganji":"신묘(辛卯)년 정유(丁酉)월 갑자(甲子)일"},{"solar":"1471-09-09 (월)","lunar":"1471-08-25","ganji":"신묘(辛卯)년 정유(丁酉)월 을축(乙丑)일"},{"solar":"1471-09-10 (화)","lunar":"1471-08-26","ganji":"신묘(辛卯)년 정유(丁酉)월 병인(丙寅)일"},{"solar":"1471-09-11 (수)","lunar":"1471-08-27","ganji":"신묘(辛卯)년 정유(丁酉)월 정묘(丁卯)일"},{"solar":"1471-09-12 (목)","lunar":"1471-08-28","ganji":"신묘(辛卯)년 정유(丁酉)월 무진(戊辰)일"},{"solar":"1471-09-13 (금)","lunar":"1471-08-29","ganji":"신묘(辛卯)년 정유(丁酉)월 기사(己巳)일"},{"solar":"1471-09-14 (토)","lunar":"1471-09-01","ganji":"신묘(辛卯)년 무술(戊戌)월 경오(庚午)일"},{"solar":"1471-09-15 (일)","lunar":"1471-09-02","ganji":"신묘(辛卯)년 무술(戊戌)월 신미(辛未)일"},{"solar":"1471-09-16 (월)","lunar":"1471-09-03","ganji":"신묘(辛卯)년 무술(戊戌)월 임신(壬申)일"},{"solar":"1471-09-17 (화)","lunar":"1471-09-04","ganji":"신묘(辛卯)년 무술(戊戌)월 계유(癸酉)일"},{"solar":"1471-09-18 (수)","lunar":"1471-09-05","ganji":"신묘(辛卯)년 무술(戊戌)월 갑술(甲戌)일"},{"solar":"1471-09-19 (목)","lunar":"1471-09-06","ganji":"신묘(辛卯)년 무술(戊戌)월 을해(乙亥)일"},{"solar":"1471-09-20 (금)","lunar":"1471-09-07","ganji":"신묘(辛卯)년 무술(戊戌)월 병자(丙子)일"},{"solar":"1471-09-21 (토)","lunar":"1471-09-08","ganji":"신묘(辛卯)년 무술(戊戌)월 정축(丁丑)일"},{"solar":"1471-09-22 (일)","lunar":"1471-09-09","ganji":"신묘(辛卯)년 무술(戊戌)월 무인(戊寅)일"},{"solar":"1471-09-23 (월)","lunar":"1471-09-10","ganji":"신묘(辛卯)년 무술(戊戌)월 기묘(己卯)일"},{"solar":"1471-09-24 (화)","lunar":"1471-09-11","ganji":"신묘(辛卯)년 무술(戊戌)월 경진(庚辰)일"},{"solar":"1471-09-25 (수)","lunar":"1471-09-12","ganji":"신묘(辛卯)년 무술(戊戌)월 신사(辛巳)일"},{"solar":"1471-09-26 (목)","lunar":"1471-09-13","ganji":"신묘(辛卯)년 무술(戊戌)월 임오(壬午)일"},{"solar":"1471-09-27 (금)","lunar":"1471-09-14","ganji":"신묘(辛卯)년 무술(戊戌)월 계미(癸未)일"},{"solar":"1471-09-28 (토)","lunar":"1471-09-15","ganji":"신묘(辛卯)년 무술(戊戌)월 갑신(甲申)일"},{"solar":"1471-09-29 (일)","lunar":"1471-09-16","ganji":"신묘(辛卯)년 무술(戊戌)월 을유(乙酉)일"},{"solar":"1471-09-30 (월)","lunar":"1471-09-17","ganji":"신묘(辛卯)년 무술(戊戌)월 병술(丙戌)일"},{"solar":"1471-10-01 (화)","lunar":"1471-09-18","ganji":"신묘(辛卯)년 무술(戊戌)월 정해(丁亥)일"},{"solar":"1471-10-02 (수)","lunar":"1471-09-19","ganji":"신묘(辛卯)년 무술(戊戌)월 무자(戊子)일"},{"solar":"1471-10-03 (목)","lunar":"1471-09-20","ganji":"신묘(辛卯)년 무술(戊戌)월 기축(己丑)일"},{"solar":"1471-10-04 (금)","lunar":"1471-09-21","ganji":"신묘(辛卯)년 무술(戊戌)월 경인(庚寅)일"},{"solar":"1471-10-05 (토)","lunar":"1471-09-22","ganji":"신묘(辛卯)년 무술(戊戌)월 신묘(辛卯)일"},{"solar":"1471-10-06 (일)","lunar":"1471-09-23","ganji":"신묘(辛卯)년 무술(戊戌)월 임진(壬辰)일"},{"solar":"1471-10-07 (월)","lunar":"1471-09-24","ganji":"신묘(辛卯)년 무술(戊戌)월 계사(癸巳)일"},{"solar":"1471-10-08 (화)","lunar":"1471-09-25","ganji":"신묘(辛卯)년 무술(戊戌)월 갑오(甲午)일"},{"solar":"1471-10-09 (수)","lunar":"1471-09-26","ganji":"신묘(辛卯)년 무술(戊戌)월 을미(乙未)일"},{"solar":"1471-10-10 (목)","lunar":"1471-09-27","ganji":"신묘(辛卯)년 무술(戊戌)월 병신(丙申)일"},{"solar":"1471-10-11 (금)","lunar":"1471-09-28","ganji":"신묘(辛卯)년 무술(戊戌)월 정유(丁酉)일"},{"solar":"1471-10-12 (토)","lunar":"1471-09-29","ganji":"신묘(辛卯)년 무술(戊戌)월 무술(戊戌)일"},{"solar":"1471-10-13 (일)","lunar":"1471-09-30","ganji":"신묘(辛卯)년 무술(戊戌)월 기해(己亥)일"},{"solar":"1471-10-14 (월)","lunar":"1471-09-01 (윤)","ganji":"신묘(辛卯)년 경자(庚子)일"},{"solar":"1471-10-15 (화)","lunar":"1471-09-02 (윤)","ganji":"신묘(辛卯)년 신축(辛丑)일"},{"solar":"1471-10-16 (수)","lunar":"1471-09-03 (윤)","ganji":"신묘(辛卯)년 임인(壬寅)일"},{"solar":"1471-10-17 (목)","lunar":"1471-09-04 (윤)","ganji":"신묘(辛卯)년 계묘(癸卯)일"},{"solar":"1471-10-18 (금)","lunar":"1471-09-05 (윤)","ganji":"신묘(辛卯)년 갑진(甲辰)일"},{"solar":"1471-10-19 (토)","lunar":"1471-09-06 (윤)","ganji":"신묘(辛卯)년 을사(乙巳)일"},{"solar":"1471-10-20 (일)","lunar":"1471-09-07 (윤)","ganji":"신묘(辛卯)년 병오(丙午)일"},{"solar":"1471-10-21 (월)","lunar":"1471-09-08 (윤)","ganji":"신묘(辛卯)년 정미(丁未)일"},{"solar":"1471-10-22 (화)","lunar":"1471-09-09 (윤)","ganji":"신묘(辛卯)년 무신(戊申)일"},{"solar":"1471-10-23 (수)","lunar":"1471-09-10 (윤)","ganji":"신묘(辛卯)년 기유(己酉)일"},{"solar":"1471-10-24 (목)","lunar":"1471-09-11 (윤)","ganji":"신묘(辛卯)년 경술(庚戌)일"},{"solar":"1471-10-25 (금)","lunar":"1471-09-12 (윤)","ganji":"신묘(辛卯)년 신해(辛亥)일"},{"solar":"1471-10-26 (토)","lunar":"1471-09-13 (윤)","ganji":"신묘(辛卯)년 임자(壬子)일"},{"solar":"1471-10-27 (일)","lunar":"1471-09-14 (윤)","ganji":"신묘(辛卯)년 계축(癸丑)일"},{"solar":"1471-10-28 (월)","lunar":"1471-09-15 (윤)","ganji":"신묘(辛卯)년 갑인(甲寅)일"},{"solar":"1471-10-29 (화)","lunar":"1471-09-16 (윤)","ganji":"신묘(辛卯)년 을묘(乙卯)일"},{"solar":"1471-10-30 (수)","lunar":"1471-09-17 (윤)","ganji":"신묘(辛卯)년 병진(丙辰)일"},{"solar":"1471-10-31 (목)","lunar":"1471-09-18 (윤)","ganji":"신묘(辛卯)년 정사(丁巳)일"},{"solar":"1471-11-01 (금)","lunar":"1471-09-19 (윤)","ganji":"신묘(辛卯)년 무오(戊午)일"},{"solar":"1471-11-02 (토)","lunar":"1471-09-20 (윤)","ganji":"신묘(辛卯)년 기미(己未)일"},{"solar":"1471-11-03 (일)","lunar":"1471-09-21 (윤)","ganji":"신묘(辛卯)년 경신(庚申)일"},{"solar":"1471-11-04 (월)","lunar":"1471-09-22 (윤)","ganji":"신묘(辛卯)년 신유(辛酉)일"},{"solar":"1471-11-05 (화)","lunar":"1471-09-23 (윤)","ganji":"신묘(辛卯)년 임술(壬戌)일"},{"solar":"1471-11-06 (수)","lunar":"1471-09-24 (윤)","ganji":"신묘(辛卯)년 계해(癸亥)일"},{"solar":"1471-11-07 (목)","lunar":"1471-09-25 (윤)","ganji":"신묘(辛卯)년 갑자(甲子)일"},{"solar":"1471-11-08 (금)","lunar":"1471-09-26 (윤)","ganji":"신묘(辛卯)년 을축(乙丑)일"},{"solar":"1471-11-09 (토)","lunar":"1471-09-27 (윤)","ganji":"신묘(辛卯)년 병인(丙寅)일"},{"solar":"1471-11-10 (일)","lunar":"1471-09-28 (윤)","ganji":"신묘(辛卯)년 정묘(丁卯)일"},{"solar":"1471-11-11 (월)","lunar":"1471-09-29 (윤)","ganji":"신묘(辛卯)년 무진(戊辰)일"},{"solar":"1471-11-12 (화)","lunar":"1471-10-01","ganji":"신묘(辛卯)년 기해(己亥)월 기사(己巳)일"},{"solar":"1471-11-13 (수)","lunar":"1471-10-02","ganji":"신묘(辛卯)년 기해(己亥)월 경오(庚午)일"},{"solar":"1471-11-14 (목)","lunar":"1471-10-03","ganji":"신묘(辛卯)년 기해(己亥)월 신미(辛未)일"},{"solar":"1471-11-15 (금)","lunar":"1471-10-04","ganji":"신묘(辛卯)년 기해(己亥)월 임신(壬申)일"},{"solar":"1471-11-16 (토)","lunar":"1471-10-05","ganji":"신묘(辛卯)년 기해(己亥)월 계유(癸酉)일"},{"solar":"1471-11-17 (일)","lunar":"1471-10-06","ganji":"신묘(辛卯)년 기해(己亥)월 갑술(甲戌)일"},{"solar":"1471-11-18 (월)","lunar":"1471-10-07","ganji":"신묘(辛卯)년 기해(己亥)월 을해(乙亥)일"},{"solar":"1471-11-19 (화)","lunar":"1471-10-08","ganji":"신묘(辛卯)년 기해(己亥)월 병자(丙子)일"},{"solar":"1471-11-20 (수)","lunar":"1471-10-09","ganji":"신묘(辛卯)년 기해(己亥)월 정축(丁丑)일"},{"solar":"1471-11-21 (목)","lunar":"1471-10-10","ganji":"신묘(辛卯)년 기해(己亥)월 무인(戊寅)일"},{"solar":"1471-11-22 (금)","lunar":"1471-10-11","ganji":"신묘(辛卯)년 기해(己亥)월 기묘(己卯)일"},{"solar":"1471-11-23 (토)","lunar":"1471-10-12","ganji":"신묘(辛卯)년 기해(己亥)월 경진(庚辰)일"},{"solar":"1471-11-24 (일)","lunar":"1471-10-13","ganji":"신묘(辛卯)년 기해(己亥)월 신사(辛巳)일"},{"solar":"1471-11-25 (월)","lunar":"1471-10-14","ganji":"신묘(辛卯)년 기해(己亥)월 임오(壬午)일"},{"solar":"1471-11-26 (화)","lunar":"1471-10-15","ganji":"신묘(辛卯)년 기해(己亥)월 계미(癸未)일"},{"solar":"1471-11-27 (수)","lunar":"1471-10-16","ganji":"신묘(辛卯)년 기해(己亥)월 갑신(甲申)일"},{"solar":"1471-11-28 (목)","lunar":"1471-10-17","ganji":"신묘(辛卯)년 기해(己亥)월 을유(乙酉)일"},{"solar":"1471-11-29 (금)","lunar":"1471-10-18","ganji":"신묘(辛卯)년 기해(己亥)월 병술(丙戌)일"},{"solar":"1471-11-30 (토)","lunar":"1471-10-19","ganji":"신묘(辛卯)년 기해(己亥)월 정해(丁亥)일"},{"solar":"1471-12-01 (일)","lunar":"1471-10-20","ganji":"신묘(辛卯)년 기해(己亥)월 무자(戊子)일"},{"solar":"1471-12-02 (월)","lunar":"1471-10-21","ganji":"신묘(辛卯)년 기해(己亥)월 기축(己丑)일"},{"solar":"1471-12-03 (화)","lunar":"1471-10-22","ganji":"신묘(辛卯)년 기해(己亥)월 경인(庚寅)일"},{"solar":"1471-12-04 (수)","lunar":"1471-10-23","ganji":"신묘(辛卯)년 기해(己亥)월 신묘(辛卯)일"},{"solar":"1471-12-05 (목)","lunar":"1471-10-24","ganji":"신묘(辛卯)년 기해(己亥)월 임진(壬辰)일"},{"solar":"1471-12-06 (금)","lunar":"1471-10-25","ganji":"신묘(辛卯)년 기해(己亥)월 계사(癸巳)일"},{"solar":"1471-12-07 (토)","lunar":"1471-10-26","ganji":"신묘(辛卯)년 기해(己亥)월 갑오(甲午)일"},{"solar":"1471-12-08 (일)","lunar":"1471-10-27","ganji":"신묘(辛卯)년 기해(己亥)월 을미(乙未)일"},{"solar":"1471-12-09 (월)","lunar":"1471-10-28","ganji":"신묘(辛卯)년 기해(己亥)월 병신(丙申)일"},{"solar":"1471-12-10 (화)","lunar":"1471-10-29","ganji":"신묘(辛卯)년 기해(己亥)월 정유(丁酉)일"},{"solar":"1471-12-11 (수)","lunar":"1471-10-30","ganji":"신묘(辛卯)년 기해(己亥)월 무술(戊戌)일"},{"solar":"1471-12-12 (목)","lunar":"1471-11-01","ganji":"신묘(辛卯)년 경자(庚子)월 기해(己亥)일"},{"solar":"1471-12-13 (금)","lunar":"1471-11-02","ganji":"신묘(辛卯)년 경자(庚子)월 경자(庚子)일"},{"solar":"1471-12-14 (토)","lunar":"1471-11-03","ganji":"신묘(辛卯)년 경자(庚子)월 신축(辛丑)일"},{"solar":"1471-12-15 (일)","lunar":"1471-11-04","ganji":"신묘(辛卯)년 경자(庚子)월 임인(壬寅)일"},{"solar":"1471-12-16 (월)","lunar":"1471-11-05","ganji":"신묘(辛卯)년 경자(庚子)월 계묘(癸卯)일"},{"solar":"1471-12-17 (화)","lunar":"1471-11-06","ganji":"신묘(辛卯)년 경자(庚子)월 갑진(甲辰)일"},{"solar":"1471-12-18 (수)","lunar":"1471-11-07","ganji":"신묘(辛卯)년 경자(庚子)월 을사(乙巳)일"},{"solar":"1471-12-19 (목)","lunar":"1471-11-08","ganji":"신묘(辛卯)년 경자(庚子)월 병오(丙午)일"},{"solar":"1471-12-20 (금)","lunar":"1471-11-09","ganji":"신묘(辛卯)년 경자(庚子)월 정미(丁未)일"},{"solar":"1471-12-21 (토)","lunar":"1471-11-10","ganji":"신묘(辛卯)년 경자(庚子)월 무신(戊申)일"},{"solar":"1471-12-22 (일)","lunar":"1471-11-11","ganji":"신묘(辛卯)년 경자(庚子)월 기유(己酉)일"},{"solar":"1471-12-23 (월)","lunar":"1471-11-12","ganji":"신묘(辛卯)년 경자(庚子)월 경술(庚戌)일"},{"solar":"1471-12-24 (화)","lunar":"1471-11-13","ganji":"신묘(辛卯)년 경자(庚子)월 신해(辛亥)일"},{"solar":"1471-12-25 (수)","lunar":"1471-11-14","ganji":"신묘(辛卯)년 경자(庚子)월 임자(壬子)일"},{"solar":"1471-12-26 (목)","lunar":"1471-11-15","ganji":"신묘(辛卯)년 경자(庚子)월 계축(癸丑)일"},{"solar":"1471-12-27 (금)","lunar":"1471-11-16","ganji":"신묘(辛卯)년 경자(庚子)월 갑인(甲寅)일"},{"solar":"1471-12-28 (토)","lunar":"1471-11-17","ganji":"신묘(辛卯)년 경자(庚子)월 을묘(乙卯)일"},{"solar":"1471-12-29 (일)","lunar":"1471-11-18","ganji":"신묘(辛卯)년 경자(庚子)월 병진(丙辰)일"},{"solar":"1471-12-30 (월)","lunar":"1471-11-19","ganji":"신묘(辛卯)년 경자(庚子)월 정사(丁巳)일"},{"solar":"1471-12-31 (화)","lunar":"1471-11-20","ganji":"신묘(辛卯)년 경자(庚子)월 무오(戊午)일"}]