[{"solar":"1600-01-01 (토)","lunar":"1599-11-16","ganji":"기해(己亥)년 병자(丙子)월 신유(辛酉)일"},{"solar":"1600-01-02 (일)","lunar":"1599-11-17","ganji":"기해(己亥)년 병자(丙子)월 임술(壬戌)일"},{"solar":"1600-01-03 (월)","lunar":"1599-11-18","ganji":"기해(己亥)년 병자(丙子)월 계해(癸亥)일"},{"solar":"1600-01-04 (화)","lunar":"1599-11-19","ganji":"기해(己亥)년 병자(丙子)월 갑자(甲子)일"},{"solar":"1600-01-05 (수)","lunar":"1599-11-20","ganji":"기해(己亥)년 병자(丙子)월 을축(乙丑)일"},{"solar":"1600-01-06 (목)","lunar":"1599-11-21","ganji":"기해(己亥)년 병자(丙子)월 병인(丙寅)일"},{"solar":"1600-01-07 (금)","lunar":"1599-11-22","ganji":"기해(己亥)년 병자(丙子)월 정묘(丁卯)일"},{"solar":"1600-01-08 (토)","lunar":"1599-11-23","ganji":"기해(己亥)년 병자(丙子)월 무진(戊辰)일"},{"solar":"1600-01-09 (일)","lunar":"1599-11-24","ganji":"기해(己亥)년 병자(丙子)월 기사(己巳)일"},{"solar":"1600-01-10 (월)","lunar":"1599-11-25","ganji":"기해(己亥)년 병자(丙子)월 경오(庚午)일"},{"solar":"1600-01-11 (화)","lunar":"1599-11-26","ganji":"기해(己亥)년 병자(丙子)월 신미(辛未)일"},{"solar":"1600-01-12 (수)","lunar":"1599-11-27","ganji":"기해(己亥)년 병자(丙子)월 임신(壬申)일"},{"solar":"1600-01-13 (목)","lunar":"1599-11-28","ganji":"기해(己亥)년 병자(丙子)월 계유(癸酉)일"},{"solar":"1600-01-14 (금)","lunar":"1599-11-29","ganji":"기해(己亥)년 병자(丙子)월 갑술(甲戌)일"},{"solar":"1600-01-15 (토)","lunar":"1599-11-30","ganji":"기해(己亥)년 병자(丙子)월 을해(乙亥)일"},{"solar":"1600-01-16 (일)","lunar":"1599-12-01","ganji":"기해(己亥)년 정축(丁丑)월 병자(丙子)일"},{"solar":"1600-01-17 (월)","lunar":"1599-12-02","ganji":"기해(己亥)년 정축(丁丑)월 정축(丁丑)일"},{"solar":"1600-01-18 (화)","lunar":"1599-12-03","ganji":"기해(己亥)년 정축(丁丑)월 무인(戊寅)일"},{"solar":"1600-01-19 (수)","lunar":"1599-12-04","ganji":"기해(己亥)년 정축(丁丑)월 기묘(己卯)일"},{"solar":"1600-01-20 (목)","lunar":"1599-12-05","ganji":"기해(己亥)년 정축(丁丑)월 경진(庚辰)일"},{"solar":"1600-01-21 (금)","lunar":"1599-12-06","ganji":"기해(己亥)년 정축(丁丑)월 신사(辛巳)일"},{"solar":"1600-01-22 (토)","lunar":"1599-12-07","ganji":"기해(己亥)년 정축(丁丑)월 임오(壬午)일"},{"solar":"1600-01-23 (일)","lunar":"1599-12-08","ganji":"기해(己亥)년 정축(丁丑)월 계미(癸未)일"},{"solar":"1600-01-24 (월)","lunar":"1599-12-09","ganji":"기해(己亥)년 정축(丁丑)월 갑신(甲申)일"},{"solar":"1600-01-25 (화)","lunar":"1599-12-10","ganji":"기해(己亥)년 정축(丁丑)월 을유(乙酉)일"},{"solar":"1600-01-26 (수)","lunar":"1599-12-11","ganji":"기해(己亥)년 정축(丁丑)월 병술(丙戌)일"},{"solar":"1600-01-27 (목)","lunar":"1599-12-12","ganji":"기해(己亥)년 정축(丁丑)월 정해(丁亥)일"},{"solar":"1600-01-28 (금)","lunar":"1599-12-13","ganji":"기해(己亥)년 정축(丁丑)월 무자(戊子)일"},{"solar":"1600-01-29 (토)","lunar":"1599-12-14","ganji":"기해(己亥)년 정축(丁丑)월 기축(己丑)일"},{"solar":"1600-01-30 (일)","lunar":"1599-12-15","ganji":"기해(己亥)년 정축(丁丑)월 경인(庚寅)일"},{"solar":"1600-01-31 (월)","lunar":"1599-12-16","ganji":"기해(己亥)년 정축(丁丑)월 신묘(辛卯)일"},{"solar":"1600-02-01 (화)","lunar":"1599-12-17","ganji":"기해(己亥)년 정축(丁丑)월 임진(壬辰)일"},{"solar":"1600-02-02 (수)","lunar":"1599-12-18","ganji":"기해(己亥)년 정축(丁丑)월 계사(癸巳)일"},{"solar":"1600-02-03 (목)","lunar":"1599-12-19","ganji":"기해(己亥)년 정축(丁丑)월 갑오(甲午)일"},{"solar":"1600-02-04 (금)","lunar":"1599-12-20","ganji":"기해(己亥)년 정축(丁丑)월 을미(乙未)일"},{"solar":"1600-02-05 (토)","lunar":"1599-12-21","ganji":"기해(己亥)년 정축(丁丑)월 병신(丙申)일"},{"solar":"1600-02-06 (일)","lunar":"1599-12-22","ganji":"기해(己亥)년 정축(丁丑)월 정유(丁酉)일"},{"solar":"1600-02-07 (월)","lunar":"1599-12-23","ganji":"기해(己亥)년 정축(丁丑)월 무술(戊戌)일"},{"solar":"1600-02-08 (화)","lunar":"1599-12-24","ganji":"기해(己亥)년 정축(丁丑)월 기해(己亥)일"},{"solar":"1600-02-09 (수)","lunar":"1599-12-25","ganji":"기해(己亥)년 정축(丁丑)월 경자(庚子)일"},{"solar":"1600-02-10 (목)","lunar":"1599-12-26","ganji":"기해(己亥)년 정축(丁丑)월 신축(辛丑)일"},{"solar":"1600-02-11 (금)","lunar":"1599-12-27","ganji":"기해(己亥)년 정축(丁丑)월 임인(壬寅)일"},{"solar":"1600-02-12 (토)","lunar":"1599-12-28","ganji":"기해(己亥)년 정축(丁丑)월 계묘(癸卯)일"},{"solar":"1600-02-13 (일)","lunar":"1599-12-29","ganji":"기해(己亥)년 정축(丁丑)월 갑진(甲辰)일"},{"solar":"1600-02-14 (월)","lunar":"1599-12-30","ganji":"기해(己亥)년 정축(丁丑)월 을사(乙巳)일"},{"solar":"1600-02-15 (화)","lunar":"1600-01-01","ganji":"경자(庚子)년 무인(戊寅)월 병오(丙午)일"},{"solar":"1600-02-16 (수)","lunar":"1600-01-02","ganji":"경자(庚子)년 무인(戊寅)월 정미(丁未)일"},{"solar":"1600-02-17 (목)","lunar":"1600-01-03","ganji":"경자(庚子)년 무인(戊寅)월 무신(戊申)일"},{"solar":"1600-02-18 (금)","lunar":"1600-01-04","ganji":"경자(庚子)년 무인(戊寅)월 기유(己酉)일"},{"solar":"1600-02-19 (토)","lunar":"1600-01-05","ganji":"경자(庚子)년 무인(戊寅)월 경술(庚戌)일"},{"solar":"1600-02-20 (일)","lunar":"1600-01-06","ganji":"경자(庚子)년 무인(戊寅)월 신해(辛亥)일"},{"solar":"1600-02-21 (월)","lunar":"1600-01-07","ganji":"경자(庚子)년 무인(戊寅)월 임자(壬子)일"},{"solar":"1600-02-22 (화)","lunar":"1600-01-08","ganji":"경자(庚子)년 무인(戊寅)월 계축(癸丑)일"},{"solar":"1600-02-23 (수)","lunar":"1600-01-09","ganji":"경자(庚子)년 무인(戊寅)월 갑인(甲寅)일"},{"solar":"1600-02-24 (목)","lunar":"1600-01-10","ganji":"경자(庚子)년 무인(戊寅)월 을묘(乙卯)일"},{"solar":"1600-02-25 (금)","lunar":"1600-01-11","ganji":"경자(庚子)년 무인(戊寅)월 병진(丙辰)일"},{"solar":"1600-02-26 (토)","lunar":"1600-01-12","ganji":"경자(庚子)년 무인(戊寅)월 정사(丁巳)일"},{"solar":"1600-02-27 (일)","lunar":"1600-01-13","ganji":"경자(庚子)년 무인(戊寅)월 무오(戊午)일"},{"solar":"1600-02-28 (월)","lunar":"1600-01-14","ganji":"경자(庚子)년 무인(戊寅)월 기미(己未)일"},{"solar":"1600-02-29 (화)","lunar":"1600-01-15","ganji":"경자(庚子)년 무인(戊寅)월 경신(庚申)일"},{"solar":"1600-03-01 (수)","lunar":"1600-01-16","ganji":"경자(庚子)년 무인(戊寅)월 신유(辛酉)일"},{"solar":"1600-03-02 (목)","lunar":"1600-01-17","ganji":"경자(庚子)년 무인(戊寅)월 임술(壬戌)일"},{"solar":"1600-03-03 (금)","lunar":"1600-01-18","ganji":"경자(庚子)년 무인(戊寅)월 계해(癸亥)일"},{"solar":"1600-03-04 (토)","lunar":"1600-01-19","ganji":"경자(庚子)년 무인(戊寅)월 갑자(甲子)일"},{"solar":"1600-03-05 (일)","lunar":"1600-01-20","ganji":"경자(庚子)년 무인(戊寅)월 을축(乙丑)일"},{"solar":"1600-03-06 (월)","lunar":"1600-01-21","ganji":"경자(庚子)년 무인(戊寅)월 병인(丙寅)일"},{"solar":"1600-03-07 (화)","lunar":"1600-01-22","ganji":"경자(庚子)년 무인(戊寅)월 정묘(丁卯)일"},{"solar":"1600-03-08 (수)","lunar":"1600-01-23","ganji":"경자(庚子)년 무인(戊寅)월 무진(戊辰)일"},{"solar":"1600-03-09 (목)","lunar":"1600-01-24","ganji":"경자(庚子)년 무인(戊寅)월 기사(己巳)일"},{"solar":"1600-03-10 (금)","lunar":"1600-01-25","ganji":"경자(庚子)년 무인(戊寅)월 경오(庚午)일"},{"solar":"1600-03-11 (토)","lunar":"1600-01-26","ganji":"경자(庚子)년 무인(戊寅)월 신미(辛未)일"},{"solar":"1600-03-12 (일)","lunar":"1600-01-27","ganji":"경자(庚子)년 무인(戊寅)월 임신(壬申)일"},{"solar":"1600-03-13 (월)","lunar":"1600-01-28","ganji":"경자(庚子)년 무인(戊寅)월 계유(癸酉)일"},{"solar":"1600-03-14 (화)","lunar":"1600-01-29","ganji":"경자(庚子)년 무인(戊寅)월 갑술(甲戌)일"},{"solar":"1600-03-15 (수)","lunar":"1600-02-01","ganji":"경자(庚子)년 기묘(己卯)월 을해(乙亥)일"},{"solar":"1600-03-16 (목)","lunar":"1600-02-02","ganji":"경자(庚子)년 기묘(己卯)월 병자(丙子)일"},{"solar":"1600-03-17 (금)","lunar":"1600-02-03","ganji":"경자(庚子)년 기묘(己卯)월 정축(丁丑)일"},{"solar":"1600-03-18 (토)","lunar":"1600-02-04","ganji":"경자(庚子)년 기묘(己卯)월 무인(戊寅)일"},{"solar":"1600-03-19 (일)","lunar":"1600-02-05","ganji":"경자(庚子)년 기묘(己卯)월 기묘(己卯)일"},{"solar":"1600-03-20 (월)","lunar":"1600-02-06","ganji":"경자(庚子)년 기묘(己卯)월 경진(庚辰)일"},{"solar":"1600-03-21 (화)","lunar":"1600-02-07","ganji":"경자(庚子)년 기묘(己卯)월 신사(辛巳)일"},{"solar":"1600-03-22 (수)","lunar":"1600-02-08","ganji":"경자(庚子)년 기묘(己卯)월 임오(壬午)일"},{"solar":"1600-03-23 (목)","lunar":"1600-02-09","ganji":"경자(庚子)년 기묘(己卯)월 계미(癸未)일"},{"solar":"1600-03-24 (금)","lunar":"1600-02-10","ganji":"경자(庚子)년 기묘(己卯)월 갑신(甲申)일"},{"solar":"1600-03-25 (토)","lunar":"1600-02-11","ganji":"경자(庚子)년 기묘(己卯)월 을유(乙酉)일"},{"solar":"1600-03-26 (일)","lunar":"1600-02-12","ganji":"경자(庚子)년 기묘(己卯)월 병술(丙戌)일"},{"solar":"1600-03-27 (월)","lunar":"1600-02-13","ganji":"경자(庚子)년 기묘(己卯)월 정해(丁亥)일"},{"solar":"1600-03-28 (화)","lunar":"1600-02-14","ganji":"경자(庚子)년 기묘(己卯)월 무자(戊子)일"},{"solar":"1600-03-29 (수)","lunar":"1600-02-15","ganji":"경자(庚子)년 기묘(己卯)월 기축(己丑)일"},{"solar":"1600-03-30 (목)","lunar":"1600-02-16","ganji":"경자(庚子)년 기묘(己卯)월 경인(庚寅)일"},{"solar":"1600-03-31 (금)","lunar":"1600-02-17","ganji":"경자(庚子)년 기묘(己卯)월 신묘(辛卯)일"},{"solar":"1600-04-01 (토)","lunar":"1600-02-18","ganji":"경자(庚子)년 기묘(己卯)월 임진(壬辰)일"},{"solar":"1600-04-02 (일)","lunar":"1600-02-19","ganji":"경자(庚子)년 기묘(己卯)월 계사(癸巳)일"},{"solar":"1600-04-03 (월)","lunar":"1600-02-20","ganji":"경자(庚子)년 기묘(己卯)월 갑오(甲午)일"},{"solar":"1600-04-04 (화)","lunar":"1600-02-21","ganji":"경자(庚子)년 기묘(己卯)월 을미(乙未)일"},{"solar":"1600-04-05 (수)","lunar":"1600-02-22","ganji":"경자(庚子)년 기묘(己卯)월 병신(丙申)일"},{"solar":"1600-04-06 (목)","lunar":"1600-02-23","ganji":"경자(庚子)년 기묘(己卯)월 정유(丁酉)일"},{"solar":"1600-04-07 (금)","lunar":"1600-02-24","ganji":"경자(庚子)년 기묘(己卯)월 무술(戊戌)일"},{"solar":"1600-04-08 (토)","lunar":"1600-02-25","ganji":"경자(庚子)년 기묘(己卯)월 기해(己亥)일"},{"solar":"1600-04-09 (일)","lunar":"1600-02-26","ganji":"경자(庚子)년 기묘(己卯)월 경자(庚子)일"},{"solar":"1600-04-10 (월)","lunar":"1600-02-27","ganji":"경자(庚子)년 기묘(己卯)월 신축(辛丑)일"},{"solar":"1600-04-11 (화)","lunar":"1600-02-28","ganji":"경자(庚子)년 기묘(己卯)월 임인(壬寅)일"},{"solar":"1600-04-12 (수)","lunar":"1600-02-29","ganji":"경자(庚子)년 기묘(己卯)월 계묘(癸卯)일"},{"solar":"1600-04-13 (목)","lunar":"1600-03-01","ganji":"경자(庚子)년 경진(庚辰)월 갑진(甲辰)일"},{"solar":"1600-04-14 (금)","lunar":"1600-03-02","ganji":"경자(庚子)년 경진(庚辰)월 을사(乙巳)일"},{"solar":"1600-04-15 (토)","lunar":"1600-03-03","ganji":"경자(庚子)년 경진(庚辰)월 병오(丙午)일"},{"solar":"1600-04-16 (일)","lunar":"1600-03-04","ganji":"경자(庚子)년 경진(庚辰)월 정미(丁未)일"},{"solar":"1600-04-17 (월)","lunar":"1600-03-05","ganji":"경자(庚子)년 경진(庚辰)월 무신(戊申)일"},{"solar":"1600-04-18 (화)","lunar":"1600-03-06","ganji":"경자(庚子)년 경진(庚辰)월 기유(己酉)일"},{"solar":"1600-04-19 (수)","lunar":"1600-03-07","ganji":"경자(庚子)년 경진(庚辰)월 경술(庚戌)일"},{"solar":"1600-04-20 (목)","lunar":"1600-03-08","ganji":"경자(庚子)년 경진(庚辰)월 신해(辛亥)일"},{"solar":"1600-04-21 (금)","lunar":"1600-03-09","ganji":"경자(庚子)년 경진(庚辰)월 임자(壬子)일"},{"solar":"1600-04-22 (토)","lunar":"1600-03-10","ganji":"경자(庚子)년 경진(庚辰)월 계축(癸丑)일"},{"solar":"1600-04-23 (일)","lunar":"1600-03-11","ganji":"경자(庚子)년 경진(庚辰)월 갑인(甲寅)일"},{"solar":"1600-04-24 (월)","lunar":"1600-03-12","ganji":"경자(庚子)년 경진(庚辰)월 을묘(乙卯)일"},{"solar":"1600-04-25 (화)","lunar":"1600-03-13","ganji":"경자(庚子)년 경진(庚辰)월 병진(丙辰)일"},{"solar":"1600-04-26 (수)","lunar":"1600-03-14","ganji":"경자(庚子)년 경진(庚辰)월 정사(丁巳)일"},{"solar":"1600-04-27 (목)","lunar":"1600-03-15","ganji":"경자(庚子)년 경진(庚辰)월 무오(戊午)일"},{"solar":"1600-04-28 (금)","lunar":"1600-03-16","ganji":"경자(庚子)년 경진(庚辰)월 기미(己未)일"},{"solar":"1600-04-29 (토)","lunar":"1600-03-17","ganji":"경자(庚子)년 경진(庚辰)월 경신(庚申)일"},{"solar":"1600-04-30 (일)","lunar":"1600-03-18","ganji":"경자(庚子)년 경진(庚辰)월 신유(辛酉)일"},{"solar":"1600-05-01 (월)","lunar":"1600-03-19","ganji":"경자(庚子)년 경진(庚辰)월 임술(壬戌)일"},{"solar":"1600-05-02 (화)","lunar":"1600-03-20","ganji":"경자(庚子)년 경진(庚辰)월 계해(癸亥)일"},{"solar":"1600-05-03 (수)","lunar":"1600-03-21","ganji":"경자(庚子)년 경진(庚辰)월 갑자(甲子)일"},{"solar":"1600-05-04 (목)","lunar":"1600-03-22","ganji":"경자(庚子)년 경진(庚辰)월 을축(乙丑)일"},{"solar":"1600-05-05 (금)","lunar":"1600-03-23","ganji":"경자(庚子)년 경진(庚辰)월 병인(丙寅)일"},{"solar":"1600-05-06 (토)","lunar":"1600-03-24","ganji":"경자(庚子)년 경진(庚辰)월 정묘(丁卯)일"},{"solar":"1600-05-07 (일)","lunar":"1600-03-25","ganji":"경자(庚子)년 경진(庚辰)월 무진(戊辰)일"},{"solar":"1600-05-08 (월)","lunar":"1600-03-26","ganji":"경자(庚子)년 경진(庚辰)월 기사(己巳)일"},{"solar":"1600-05-09 (화)","lunar":"1600-03-27","ganji":"경자(庚子)년 경진(庚辰)월 경오(庚午)일"},{"solar":"1600-05-10 (수)","lunar":"1600-03-28","ganji":"경자(庚子)년 경진(庚辰)월 신미(辛未)일"},{"solar":"1600-05-11 (목)","lunar":"1600-03-29","ganji":"경자(庚子)년 경진(庚辰)월 임신(壬申)일"},{"solar":"1600-05-12 (금)","lunar":"1600-03-30","ganji":"경자(庚子)년 경진(庚辰)월 계유(癸酉)일"},{"solar":"1600-05-13 (토)","lunar":"1600-04-01","ganji":"경자(庚子)년 신사(辛巳)월 갑술(甲戌)일"},{"solar":"1600-05-14 (일)","lunar":"1600-04-02","ganji":"경자(庚子)년 신사(辛巳)월 을해(乙亥)일"},{"solar":"1600-05-15 (월)","lunar":"1600-04-03","ganji":"경자(庚子)년 신사(辛巳)월 병자(丙子)일"},{"solar":"1600-05-16 (화)","lunar":"1600-04-04","ganji":"경자(庚子)년 신사(辛巳)월 정축(丁丑)일"},{"solar":"1600-05-17 (수)","lunar":"1600-04-05","ganji":"경자(庚子)년 신사(辛巳)월 무인(戊寅)일"},{"solar":"1600-05-18 (목)","lunar":"1600-04-06","ganji":"경자(庚子)년 신사(辛巳)월 기묘(己卯)일"},{"solar":"1600-05-19 (금)","lunar":"1600-04-07","ganji":"경자(庚子)년 신사(辛巳)월 경진(庚辰)일"},{"solar":"1600-05-20 (토)","lunar":"1600-04-08","ganji":"경자(庚子)년 신사(辛巳)월 신사(辛巳)일"},{"solar":"1600-05-21 (일)","lunar":"1600-04-09","ganji":"경자(庚子)년 신사(辛巳)월 임오(壬午)일"},{"solar":"1600-05-22 (월)","lunar":"1600-04-10","ganji":"경자(庚子)년 신사(辛巳)월 계미(癸未)일"},{"solar":"1600-05-23 (화)","lunar":"1600-04-11","ganji":"경자(庚子)년 신사(辛巳)월 갑신(甲申)일"},{"solar":"1600-05-24 (수)","lunar":"1600-04-12","ganji":"경자(庚子)년 신사(辛巳)월 을유(乙酉)일"},{"solar":"1600-05-25 (목)","lunar":"1600-04-13","ganji":"경자(庚子)년 신사(辛巳)월 병술(丙戌)일"},{"solar":"1600-05-26 (금)","lunar":"1600-04-14","ganji":"경자(庚子)년 신사(辛巳)월 정해(丁亥)일"},{"solar":"1600-05-27 (토)","lunar":"1600-04-15","ganji":"경자(庚子)년 신사(辛巳)월 무자(戊子)일"},{"solar":"1600-05-28 (일)","lunar":"1600-04-16","ganji":"경자(庚子)년 신사(辛巳)월 기축(己丑)일"},{"solar":"1600-05-29 (월)","lunar":"1600-04-17","ganji":"경자(庚子)년 신사(辛巳)월 경인(庚寅)일"},{"solar":"1600-05-30 (화)","lunar":"1600-04-18","ganji":"경자(庚子)년 신사(辛巳)월 신묘(辛卯)일"},{"solar":"1600-05-31 (수)","lunar":"1600-04-19","ganji":"경자(庚子)년 신사(辛巳)월 임진(壬辰)일"},{"solar":"1600-06-01 (목)","lunar":"1600-04-20","ganji":"경자(庚子)년 신사(辛巳)월 계사(癸巳)일"},{"solar":"1600-06-02 (금)","lunar":"1600-04-21","ganji":"경자(庚子)년 신사(辛巳)월 갑오(甲午)일"},{"solar":"1600-06-03 (토)","lunar":"1600-04-22","ganji":"경자(庚子)년 신사(辛巳)월 을미(乙未)일"},{"solar":"1600-06-04 (일)","lunar":"1600-04-23","ganji":"경자(庚子)년 신사(辛巳)월 병신(丙申)일"},{"solar":"1600-06-05 (월)","lunar":"1600-04-24","ganji":"경자(庚子)년 신사(辛巳)월 정유(丁酉)일"},{"solar":"1600-06-06 (화)","lunar":"1600-04-25","ganji":"경자(庚子)년 신사(辛巳)월 무술(戊戌)일"},{"solar":"1600-06-07 (수)","lunar":"1600-04-26","ganji":"경자(庚子)년 신사(辛巳)월 기해(己亥)일"},{"solar":"1600-06-08 (목)","lunar":"1600-04-27","ganji":"경자(庚子)년 신사(辛巳)월 경자(庚子)일"},{"solar":"1600-06-09 (금)","lunar":"1600-04-28","ganji":"경자(庚子)년 신사(辛巳)월 신축(辛丑)일"},{"solar":"1600-06-10 (토)","lunar":"1600-04-29","ganji":"경자(庚子)년 신사(辛巳)월 임인(壬寅)일"},{"solar":"1600-06-11 (일)","lunar":"1600-05-01","ganji":"경자(庚子)년 임오(壬午)월 계묘(癸卯)일"},{"solar":"1600-06-12 (월)","lunar":"1600-05-02","ganji":"경자(庚子)년 임오(壬午)월 갑진(甲辰)일"},{"solar":"1600-06-13 (화)","lunar":"1600-05-03","ganji":"경자(庚子)년 임오(壬午)월 을사(乙巳)일"},{"solar":"1600-06-14 (수)","lunar":"1600-05-04","ganji":"경자(庚子)년 임오(壬午)월 병오(丙午)일"},{"solar":"1600-06-15 (목)","lunar":"1600-05-05","ganji":"경자(庚子)년 임오(壬午)월 정미(丁未)일"},{"solar":"1600-06-16 (금)","lunar":"1600-05-06","ganji":"경자(庚子)년 임오(壬午)월 무신(戊申)일"},{"solar":"1600-06-17 (토)","lunar":"1600-05-07","ganji":"경자(庚子)년 임오(壬午)월 기유(己酉)일"},{"solar":"1600-06-18 (일)","lunar":"1600-05-08","ganji":"경자(庚子)년 임오(壬午)월 경술(庚戌)일"},{"solar":"1600-06-19 (월)","lunar":"1600-05-09","ganji":"경자(庚子)년 임오(壬午)월 신해(辛亥)일"},{"solar":"1600-06-20 (화)","lunar":"1600-05-10","ganji":"경자(庚子)년 임오(壬午)월 임자(壬子)일"},{"solar":"1600-06-21 (수)","lunar":"1600-05-11","ganji":"경자(庚子)년 임오(壬午)월 계축(癸丑)일"},{"solar":"1600-06-22 (목)","lunar":"1600-05-12","ganji":"경자(庚子)년 임오(壬午)월 갑인(甲寅)일"},{"solar":"1600-06-23 (금)","lunar":"1600-05-13","ganji":"경자(庚子)년 임오(壬午)월 을묘(乙卯)일"},{"solar":"1600-06-24 (토)","lunar":"1600-05-14","ganji":"경자(庚子)년 임오(壬午)월 병진(丙辰)일"},{"solar":"1600-06-25 (일)","lunar":"1600-05-15","ganji":"경자(庚子)년 임오(壬午)월 정사(丁巳)일"},{"solar":"1600-06-26 (월)","lunar":"1600-05-16","ganji":"경자(庚子)년 임오(壬午)월 무오(戊午)일"},{"solar":"1600-06-27 (화)","lunar":"1600-05-17","ganji":"경자(庚子)년 임오(壬午)월 기미(己未)일"},{"solar":"1600-06-28 (수)","lunar":"1600-05-18","ganji":"경자(庚子)년 임오(壬午)월 경신(庚申)일"},{"solar":"1600-06-29 (목)","lunar":"1600-05-19","ganji":"경자(庚子)년 임오(壬午)월 신유(辛酉)일"},{"solar":"1600-06-30 (금)","lunar":"1600-05-20","ganji":"경자(庚子)년 임오(壬午)월 임술(壬戌)일"},{"solar":"1600-07-01 (토)","lunar":"1600-05-21","ganji":"경자(庚子)년 임오(壬午)월 계해(癸亥)일"},{"solar":"1600-07-02 (일)","lunar":"1600-05-22","ganji":"경자(庚子)년 임오(壬午)월 갑자(甲子)일"},{"solar":"1600-07-03 (월)","lunar":"1600-05-23","ganji":"경자(庚子)년 임오(壬午)월 을축(乙丑)일"},{"solar":"1600-07-04 (화)","lunar":"1600-05-24","ganji":"경자(庚子)년 임오(壬午)월 병인(丙寅)일"},{"solar":"1600-07-05 (수)","lunar":"1600-05-25","ganji":"경자(庚子)년 임오(壬午)월 정묘(丁卯)일"},{"solar":"1600-07-06 (목)","lunar":"1600-05-26","ganji":"경자(庚子)년 임오(壬午)월 무진(戊辰)일"},{"solar":"1600-07-07 (금)","lunar":"1600-05-27","ganji":"경자(庚子)년 임오(壬午)월 기사(己巳)일"},{"solar":"1600-07-08 (토)","lunar":"1600-05-28","ganji":"경자(庚子)년 임오(壬午)월 경오(庚午)일"},{"solar":"1600-07-09 (일)","lunar":"1600-05-29","ganji":"경자(庚子)년 임오(壬午)월 신미(辛未)일"},{"solar":"1600-07-10 (월)","lunar":"1600-06-01","ganji":"경자(庚子)년 계미(癸未)월 임신(壬申)일"},{"solar":"1600-07-11 (화)","lunar":"1600-06-02","ganji":"경자(庚子)년 계미(癸未)월 계유(癸酉)일"},{"solar":"1600-07-12 (수)","lunar":"1600-06-03","ganji":"경자(庚子)년 계미(癸未)월 갑술(甲戌)일"},{"solar":"1600-07-13 (목)","lunar":"1600-06-04","ganji":"경자(庚子)년 계미(癸未)월 을해(乙亥)일"},{"solar":"1600-07-14 (금)","lunar":"1600-06-05","ganji":"경자(庚子)년 계미(癸未)월 병자(丙子)일"},{"solar":"1600-07-15 (토)","lunar":"1600-06-06","ganji":"경자(庚子)년 계미(癸未)월 정축(丁丑)일"},{"solar":"1600-07-16 (일)","lunar":"1600-06-07","ganji":"경자(庚子)년 계미(癸未)월 무인(戊寅)일"},{"solar":"1600-07-17 (월)","lunar":"1600-06-08","ganji":"경자(庚子)년 계미(癸未)월 기묘(己卯)일"},{"solar":"1600-07-18 (화)","lunar":"1600-06-09","ganji":"경자(庚子)년 계미(癸未)월 경진(庚辰)일"},{"solar":"1600-07-19 (수)","lunar":"1600-06-10","ganji":"경자(庚子)년 계미(癸未)월 신사(辛巳)일"},{"solar":"1600-07-20 (목)","lunar":"1600-06-11","ganji":"경자(庚子)년 계미(癸未)월 임오(壬午)일"},{"solar":"1600-07-21 (금)","lunar":"1600-06-12","ganji":"경자(庚子)년 계미(癸未)월 계미(癸未)일"},{"solar":"1600-07-22 (토)","lunar":"1600-06-13","ganji":"경자(庚子)년 계미(癸未)월 갑신(甲申)일"},{"solar":"1600-07-23 (일)","lunar":"1600-06-14","ganji":"경자(庚子)년 계미(癸未)월 을유(乙酉)일"},{"solar":"1600-07-24 (월)","lunar":"1600-06-15","ganji":"경자(庚子)년 계미(癸未)월 병술(丙戌)일"},{"solar":"1600-07-25 (화)","lunar":"1600-06-16","ganji":"경자(庚子)년 계미(癸未)월 정해(丁亥)일"},{"solar":"1600-07-26 (수)","lunar":"1600-06-17","ganji":"경자(庚子)년 계미(癸未)월 무자(戊子)일"},{"solar":"1600-07-27 (목)","lunar":"1600-06-18","ganji":"경자(庚子)년 계미(癸未)월 기축(己丑)일"},{"solar":"1600-07-28 (금)","lunar":"1600-06-19","ganji":"경자(庚子)년 계미(癸未)월 경인(庚寅)일"},{"solar":"1600-07-29 (토)","lunar":"1600-06-20","ganji":"경자(庚子)년 계미(癸未)월 신묘(辛卯)일"},{"solar":"1600-07-30 (일)","lunar":"1600-06-21","ganji":"경자(庚子)년 계미(癸未)월 임진(壬辰)일"},{"solar":"1600-07-31 (월)","lunar":"1600-06-22","ganji":"경자(庚子)년 계미(癸未)월 계사(癸巳)일"},{"solar":"1600-08-01 (화)","lunar":"1600-06-23","ganji":"경자(庚子)년 계미(癸未)월 갑오(甲午)일"},{"solar":"1600-08-02 (수)","lunar":"1600-06-24","ganji":"경자(庚子)년 계미(癸未)월 을미(乙未)일"},{"solar":"1600-08-03 (목)","lunar":"1600-06-25","ganji":"경자(庚子)년 계미(癸未)월 병신(丙申)일"},{"solar":"1600-08-04 (금)","lunar":"1600-06-26","ganji":"경자(庚子)년 계미(癸未)월 정유(丁酉)일"},{"solar":"1600-08-05 (토)","lunar":"1600-06-27","ganji":"경자(庚子)년 계미(癸未)월 무술(戊戌)일"},{"solar":"1600-08-06 (일)","lunar":"1600-06-28","ganji":"경자(庚子)년 계미(癸未)월 기해(己亥)일"},{"solar":"1600-08-07 (월)","lunar":"1600-06-29","ganji":"경자(庚子)년 계미(癸未)월 경자(庚子)일"},{"solar":"1600-08-08 (화)","lunar":"1600-06-30","ganji":"경자(庚子)년 계미(癸未)월 신축(辛丑)일"},{"solar":"1600-08-09 (수)","lunar":"1600-07-01","ganji":"경자(庚子)년 갑신(甲申)월 임인(壬寅)일"},{"solar":"1600-08-10 (목)","lunar":"1600-07-02","ganji":"경자(庚子)년 갑신(甲申)월 계묘(癸卯)일"},{"solar":"1600-08-11 (금)","lunar":"1600-07-03","ganji":"경자(庚子)년 갑신(甲申)월 갑진(甲辰)일"},{"solar":"1600-08-12 (토)","lunar":"1600-07-04","ganji":"경자(庚子)년 갑신(甲申)월 을사(乙巳)일"},{"solar":"1600-08-13 (일)","lunar":"1600-07-05","ganji":"경자(庚子)년 갑신(甲申)월 병오(丙午)일"},{"solar":"1600-08-14 (월)","lunar":"1600-07-06","ganji":"경자(庚子)년 갑신(甲申)월 정미(丁未)일"},{"solar":"1600-08-15 (화)","lunar":"1600-07-07","ganji":"경자(庚子)년 갑신(甲申)월 무신(戊申)일"},{"solar":"1600-08-16 (수)","lunar":"1600-07-08","ganji":"경자(庚子)년 갑신(甲申)월 기유(己酉)일"},{"solar":"1600-08-17 (목)","lunar":"1600-07-09","ganji":"경자(庚子)년 갑신(甲申)월 경술(庚戌)일"},{"solar":"1600-08-18 (금)","lunar":"1600-07-10","ganji":"경자(庚子)년 갑신(甲申)월 신해(辛亥)일"},{"solar":"1600-08-19 (토)","lunar":"1600-07-11","ganji":"경자(庚子)년 갑신(甲申)월 임자(壬子)일"},{"solar":"1600-08-20 (일)","lunar":"1600-07-12","ganji":"경자(庚子)년 갑신(甲申)월 계축(癸丑)일"},{"solar":"1600-08-21 (월)","lunar":"1600-07-13","ganji":"경자(庚子)년 갑신(甲申)월 갑인(甲寅)일"},{"solar":"1600-08-22 (화)","lunar":"1600-07-14","ganji":"경자(庚子)년 갑신(甲申)월 을묘(乙卯)일"},{"solar":"1600-08-23 (수)","lunar":"1600-07-15","ganji":"경자(庚子)년 갑신(甲申)월 병진(丙辰)일"},{"solar":"1600-08-24 (목)","lunar":"1600-07-16","ganji":"경자(庚子)년 갑신(甲申)월 정사(丁巳)일"},{"solar":"1600-08-25 (금)","lunar":"1600-07-17","ganji":"경자(庚子)년 갑신(甲申)월 무오(戊午)일"},{"solar":"1600-08-26 (토)","lunar":"1600-07-18","ganji":"경자(庚子)년 갑신(甲申)월 기미(己未)일"},{"solar":"1600-08-27 (일)","lunar":"1600-07-19","ganji":"경자(庚子)년 갑신(甲申)월 경신(庚申)일"},{"solar":"1600-08-28 (월)","lunar":"1600-07-20","ganji":"경자(庚子)년 갑신(甲申)월 신유(辛酉)일"},{"solar":"1600-08-29 (화)","lunar":"1600-07-21","ganji":"경자(庚子)년 갑신(甲申)월 임술(壬戌)일"},{"solar":"1600-08-30 (수)","lunar":"1600-07-22","ganji":"경자(庚子)년 갑신(甲申)월 계해(癸亥)일"},{"solar":"1600-08-31 (목)","lunar":"1600-07-23","ganji":"경자(庚子)년 갑신(甲申)월 갑자(甲子)일"},{"solar":"1600-09-01 (금)","lunar":"1600-07-24","ganji":"경자(庚子)년 갑신(甲申)월 을축(乙丑)일"},{"solar":"1600-09-02 (토)","lunar":"1600-07-25","ganji":"경자(庚子)년 갑신(甲申)월 병인(丙寅)일"},{"solar":"1600-09-03 (일)","lunar":"1600-07-26","ganji":"경자(庚子)년 갑신(甲申)월 정묘(丁卯)일"},{"solar":"1600-09-04 (월)","lunar":"1600-07-27","ganji":"경자(庚子)년 갑신(甲申)월 무진(戊辰)일"},{"solar":"1600-09-05 (화)","lunar":"1600-07-28","ganji":"경자(庚子)년 갑신(甲申)월 기사(己巳)일"},{"solar":"1600-09-06 (수)","lunar":"1600-07-29","ganji":"경자(庚子)년 갑신(甲申)월 경오(庚午)일"},{"solar":"1600-09-07 (목)","lunar":"1600-08-01","ganji":"경자(庚子)년 을유(乙酉)월 신미(辛未)일"},{"solar":"1600-09-08 (금)","lunar":"1600-08-02","ganji":"경자(庚子)년 을유(乙酉)월 임신(壬申)일"},{"solar":"1600-09-09 (토)","lunar":"1600-08-03","ganji":"경자(庚子)년 을유(乙酉)월 계유(癸酉)일"},{"solar":"1600-09-10 (일)","lunar":"1600-08-04","ganji":"경자(庚子)년 을유(乙酉)월 갑술(甲戌)일"},{"solar":"1600-09-11 (월)","lunar":"1600-08-05","ganji":"경자(庚子)년 을유(乙酉)월 을해(乙亥)일"},{"solar":"1600-09-12 (화)","lunar":"1600-08-06","ganji":"경자(庚子)년 을유(乙酉)월 병자(丙子)일"},{"solar":"1600-09-13 (수)","lunar":"1600-08-07","ganji":"경자(庚子)년 을유(乙酉)월 정축(丁丑)일"},{"solar":"1600-09-14 (목)","lunar":"1600-08-08","ganji":"경자(庚子)년 을유(乙酉)월 무인(戊寅)일"},{"solar":"1600-09-15 (금)","lunar":"1600-08-09","ganji":"경자(庚子)년 을유(乙酉)월 기묘(己卯)일"},{"solar":"1600-09-16 (토)","lunar":"1600-08-10","ganji":"경자(庚子)년 을유(乙酉)월 경진(庚辰)일"},{"solar":"1600-09-17 (일)","lunar":"1600-08-11","ganji":"경자(庚子)년 을유(乙酉)월 신사(辛巳)일"},{"solar":"1600-09-18 (월)","lunar":"1600-08-12","ganji":"경자(庚子)년 을유(乙酉)월 임오(壬午)일"},{"solar":"1600-09-19 (화)","lunar":"1600-08-13","ganji":"경자(庚子)년 을유(乙酉)월 계미(癸未)일"},{"solar":"1600-09-20 (수)","lunar":"1600-08-14","ganji":"경자(庚子)년 을유(乙酉)월 갑신(甲申)일"},{"solar":"1600-09-21 (목)","lunar":"1600-08-15","ganji":"경자(庚子)년 을유(乙酉)월 을유(乙酉)일"},{"solar":"1600-09-22 (금)","lunar":"1600-08-16","ganji":"경자(庚子)년 을유(乙酉)월 병술(丙戌)일"},{"solar":"1600-09-23 (토)","lunar":"1600-08-17","ganji":"경자(庚子)년 을유(乙酉)월 정해(丁亥)일"},{"solar":"1600-09-24 (일)","lunar":"1600-08-18","ganji":"경자(庚子)년 을유(乙酉)월 무자(戊子)일"},{"solar":"1600-09-25 (월)","lunar":"1600-08-19","ganji":"경자(庚子)년 을유(乙酉)월 기축(己丑)일"},{"solar":"1600-09-26 (화)","lunar":"1600-08-20","ganji":"경자(庚子)년 을유(乙酉)월 경인(庚寅)일"},{"solar":"1600-09-27 (수)","lunar":"1600-08-21","ganji":"경자(庚子)년 을유(乙酉)월 신묘(辛卯)일"},{"solar":"1600-09-28 (목)","lunar":"1600-08-22","ganji":"경자(庚子)년 을유(乙酉)월 임진(壬辰)일"},{"solar":"1600-09-29 (금)","lunar":"1600-08-23","ganji":"경자(庚子)년 을유(乙酉)월 계사(癸巳)일"},{"solar":"1600-09-30 (토)","lunar":"1600-08-24","ganji":"경자(庚子)년 을유(乙酉)월 갑오(甲午)일"},{"solar":"1600-10-01 (일)","lunar":"1600-08-25","ganji":"경자(庚子)년 을유(乙酉)월 을미(乙未)일"},{"solar":"1600-10-02 (월)","lunar":"1600-08-26","ganji":"경자(庚子)년 을유(乙酉)월 병신(丙申)일"},{"solar":"1600-10-03 (화)","lunar":"1600-08-27","ganji":"경자(庚子)년 을유(乙酉)월 정유(丁酉)일"},{"solar":"1600-10-04 (수)","lunar":"1600-08-28","ganji":"경자(庚子)년 을유(乙酉)월 무술(戊戌)일"},{"solar":"1600-10-05 (목)","lunar":"1600-08-29","ganji":"경자(庚子)년 을유(乙酉)월 기해(己亥)일"},{"solar":"1600-10-06 (금)","lunar":"1600-08-30","ganji":"경자(庚子)년 을유(乙酉)월 경자(庚子)일"},{"solar":"1600-10-07 (토)","lunar":"1600-09-01","ganji":"경자(庚子)년 병술(丙戌)월 신축(辛丑)일"},{"solar":"1600-10-08 (일)","lunar":"1600-09-02","ganji":"경자(庚子)년 병술(丙戌)월 임인(壬寅)일"},{"solar":"1600-10-09 (월)","lunar":"1600-09-03","ganji":"경자(庚子)년 병술(丙戌)월 계묘(癸卯)일"},{"solar":"1600-10-10 (화)","lunar":"1600-09-04","ganji":"경자(庚子)년 병술(丙戌)월 갑진(甲辰)일"},{"solar":"1600-10-11 (수)","lunar":"1600-09-05","ganji":"경자(庚子)년 병술(丙戌)월 을사(乙巳)일"},{"solar":"1600-10-12 (목)","lunar":"1600-09-06","ganji":"경자(庚子)년 병술(丙戌)월 병오(丙午)일"},{"solar":"1600-10-13 (금)","lunar":"1600-09-07","ganji":"경자(庚子)년 병술(丙戌)월 정미(丁未)일"},{"solar":"1600-10-14 (토)","lunar":"1600-09-08","ganji":"경자(庚子)년 병술(丙戌)월 무신(戊申)일"},{"solar":"1600-10-15 (일)","lunar":"1600-09-09","ganji":"경자(庚子)년 병술(丙戌)월 기유(己酉)일"},{"solar":"1600-10-16 (월)","lunar":"1600-09-10","ganji":"경자(庚子)년 병술(丙戌)월 경술(庚戌)일"},{"solar":"1600-10-17 (화)","lunar":"1600-09-11","ganji":"경자(庚子)년 병술(丙戌)월 신해(辛亥)일"},{"solar":"1600-10-18 (수)","lunar":"1600-09-12","ganji":"경자(庚子)년 병술(丙戌)월 임자(壬子)일"},{"solar":"1600-10-19 (목)","lunar":"1600-09-13","ganji":"경자(庚子)년 병술(丙戌)월 계축(癸丑)일"},{"solar":"1600-10-20 (금)","lunar":"1600-09-14","ganji":"경자(庚子)년 병술(丙戌)월 갑인(甲寅)일"},{"solar":"1600-10-21 (토)","lunar":"1600-09-15","ganji":"경자(庚子)년 병술(丙戌)월 을묘(乙卯)일"},{"solar":"1600-10-22 (일)","lunar":"1600-09-16","ganji":"경자(庚子)년 병술(丙戌)월 병진(丙辰)일"},{"solar":"1600-10-23 (월)","lunar":"1600-09-17","ganji":"경자(庚子)년 병술(丙戌)월 정사(丁巳)일"},{"solar":"1600-10-24 (화)","lunar":"1600-09-18","ganji":"경자(庚子)년 병술(丙戌)월 무오(戊午)일"},{"solar":"1600-10-25 (수)","lunar":"1600-09-19","ganji":"경자(庚子)년 병술(丙戌)월 기미(己未)일"},{"solar":"1600-10-26 (목)","lunar":"1600-09-20","ganji":"경자(庚子)년 병술(丙戌)월 경신(庚申)일"},{"solar":"1600-10-27 (금)","lunar":"1600-09-21","ganji":"경자(庚子)년 병술(丙戌)월 신유(辛酉)일"},{"solar":"1600-10-28 (토)","lunar":"1600-09-22","ganji":"경자(庚子)년 병술(丙戌)월 임술(壬戌)일"},{"solar":"1600-10-29 (일)","lunar":"1600-09-23","ganji":"경자(庚子)년 병술(丙戌)월 계해(癸亥)일"},{"solar":"1600-10-30 (월)","lunar":"1600-09-24","ganji":"경자(庚子)년 병술(丙戌)월 갑자(甲子)일"},{"solar":"1600-10-31 (화)","lunar":"1600-09-25","ganji":"경자(庚子)년 병술(丙戌)월 을축(乙丑)일"},{"solar":"1600-11-01 (수)","lunar":"1600-09-26","ganji":"경자(庚子)년 병술(丙戌)월 병인(丙寅)일"},{"solar":"1600-11-02 (목)","lunar":"1600-09-27","ganji":"경자(庚子)년 병술(丙戌)월 정묘(丁卯)일"},{"solar":"1600-11-03 (금)","lunar":"1600-09-28","ganji":"경자(庚子)년 병술(丙戌)월 무진(戊辰)일"},{"solar":"1600-11-04 (토)","lunar":"1600-09-29","ganji":"경자(庚子)년 병술(丙戌)월 기사(己巳)일"},{"solar":"1600-11-05 (일)","lunar":"1600-09-30","ganji":"경자(庚子)년 병술(丙戌)월 경오(庚午)일"},{"solar":"1600-11-06 (월)","lunar":"1600-10-01","ganji":"경자(庚子)년 정해(丁亥)월 신미(辛未)일"},{"solar":"1600-11-07 (화)","lunar":"1600-10-02","ganji":"경자(庚子)년 정해(丁亥)월 임신(壬申)일"},{"solar":"1600-11-08 (수)","lunar":"1600-10-03","ganji":"경자(庚子)년 정해(丁亥)월 계유(癸酉)일"},{"solar":"1600-11-09 (목)","lunar":"1600-10-04","ganji":"경자(庚子)년 정해(丁亥)월 갑술(甲戌)일"},{"solar":"1600-11-10 (금)","lunar":"1600-10-05","ganji":"경자(庚子)년 정해(丁亥)월 을해(乙亥)일"},{"solar":"1600-11-11 (토)","lunar":"1600-10-06","ganji":"경자(庚子)년 정해(丁亥)월 병자(丙子)일"},{"solar":"1600-11-12 (일)","lunar":"1600-10-07","ganji":"경자(庚子)년 정해(丁亥)월 정축(丁丑)일"},{"solar":"1600-11-13 (월)","lunar":"1600-10-08","ganji":"경자(庚子)년 정해(丁亥)월 무인(戊寅)일"},{"solar":"1600-11-14 (화)","lunar":"1600-10-09","ganji":"경자(庚子)년 정해(丁亥)월 기묘(己卯)일"},{"solar":"1600-11-15 (수)","lunar":"1600-10-10","ganji":"경자(庚子)년 정해(丁亥)월 경진(庚辰)일"},{"solar":"1600-11-16 (목)","lunar":"1600-10-11","ganji":"경자(庚子)년 정해(丁亥)월 신사(辛巳)일"},{"solar":"1600-11-17 (금)","lunar":"1600-10-12","ganji":"경자(庚子)년 정해(丁亥)월 임오(壬午)일"},{"solar":"1600-11-18 (토)","lunar":"1600-10-13","ganji":"경자(庚子)년 정해(丁亥)월 계미(癸未)일"},{"solar":"1600-11-19 (일)","lunar":"1600-10-14","ganji":"경자(庚子)년 정해(丁亥)월 갑신(甲申)일"},{"solar":"1600-11-20 (월)","lunar":"1600-10-15","ganji":"경자(庚子)년 정해(丁亥)월 을유(乙酉)일"},{"solar":"1600-11-21 (화)","lunar":"1600-10-16","ganji":"경자(庚子)년 정해(丁亥)월 병술(丙戌)일"},{"solar":"1600-11-22 (수)","lunar":"1600-10-17","ganji":"경자(庚子)년 정해(丁亥)월 정해(丁亥)일"},{"solar":"1600-11-23 (목)","lunar":"1600-10-18","ganji":"경자(庚子)년 정해(丁亥)월 무자(戊子)일"},{"solar":"1600-11-24 (금)","lunar":"1600-10-19","ganji":"경자(庚子)년 정해(丁亥)월 기축(己丑)일"},{"solar":"1600-11-25 (토)","lunar":"1600-10-20","ganji":"경자(庚子)년 정해(丁亥)월 경인(庚寅)일"},{"solar":"1600-11-26 (일)","lunar":"1600-10-21","ganji":"경자(庚子)년 정해(丁亥)월 신묘(辛卯)일"},{"solar":"1600-11-27 (월)","lunar":"1600-10-22","ganji":"경자(庚子)년 정해(丁亥)월 임진(壬辰)일"},{"solar":"1600-11-28 (화)","lunar":"1600-10-23","ganji":"경자(庚子)년 정해(丁亥)월 계사(癸巳)일"},{"solar":"1600-11-29 (수)","lunar":"1600-10-24","ganji":"경자(庚子)년 정해(丁亥)월 갑오(甲午)일"},{"solar":"1600-11-30 (목)","lunar":"1600-10-25","ganji":"경자(庚子)년 정해(丁亥)월 을미(乙未)일"},{"solar":"1600-12-01 (금)","lunar":"1600-10-26","ganji":"경자(庚子)년 정해(丁亥)월 병신(丙申)일"},{"solar":"1600-12-02 (토)","lunar":"1600-10-27","ganji":"경자(庚子)년 정해(丁亥)월 정유(丁酉)일"},{"solar":"1600-12-03 (일)","lunar":"1600-10-28","ganji":"경자(庚子)년 정해(丁亥)월 무술(戊戌)일"},{"solar":"1600-12-04 (월)","lunar":"1600-10-29","ganji":"경자(庚子)년 정해(丁亥)월 기해(己亥)일"},{"solar":"1600-12-05 (화)","lunar":"1600-10-30","ganji":"경자(庚子)년 정해(丁亥)월 경자(庚子)일"},{"solar":"1600-12-06 (수)","lunar":"1600-11-01","ganji":"경자(庚子)년 무자(戊子)월 신축(辛丑)일"},{"solar":"1600-12-07 (목)","lunar":"1600-11-02","ganji":"경자(庚子)년 무자(戊子)월 임인(壬寅)일"},{"solar":"1600-12-08 (금)","lunar":"1600-11-03","ganji":"경자(庚子)년 무자(戊子)월 계묘(癸卯)일"},{"solar":"1600-12-09 (토)","lunar":"1600-11-04","ganji":"경자(庚子)년 무자(戊子)월 갑진(甲辰)일"},{"solar":"1600-12-10 (일)","lunar":"1600-11-05","ganji":"경자(庚子)년 무자(戊子)월 을사(乙巳)일"},{"solar":"1600-12-11 (월)","lunar":"1600-11-06","ganji":"경자(庚子)년 무자(戊子)월 병오(丙午)일"},{"solar":"1600-12-12 (화)","lunar":"1600-11-07","ganji":"경자(庚子)년 무자(戊子)월 정미(丁未)일"},{"solar":"1600-12-13 (수)","lunar":"1600-11-08","ganji":"경자(庚子)년 무자(戊子)월 무신(戊申)일"},{"solar":"1600-12-14 (목)","lunar":"1600-11-09","ganji":"경자(庚子)년 무자(戊子)월 기유(己酉)일"},{"solar":"1600-12-15 (금)","lunar":"1600-11-10","ganji":"경자(庚子)년 무자(戊子)월 경술(庚戌)일"},{"solar":"1600-12-16 (토)","lunar":"1600-11-11","ganji":"경자(庚子)년 무자(戊子)월 신해(辛亥)일"},{"solar":"1600-12-17 (일)","lunar":"1600-11-12","ganji":"경자(庚子)년 무자(戊子)월 임자(壬子)일"},{"solar":"1600-12-18 (월)","lunar":"1600-11-13","ganji":"경자(庚子)년 무자(戊子)월 계축(癸丑)일"},{"solar":"1600-12-19 (화)","lunar":"1600-11-14","ganji":"경자(庚子)년 무자(戊子)월 갑인(甲寅)일"},{"solar":"1600-12-20 (수)","lunar":"1600-11-15","ganji":"경자(庚子)년 무자(戊子)월 을묘(乙卯)일"},{"solar":"1600-12-21 (목)","lunar":"1600-11-16","ganji":"경자(庚子)년 무자(戊子)월 병진(丙辰)일"},{"solar":"1600-12-22 (금)","lunar":"1600-11-17","ganji":"경자(庚子)년 무자(戊子)월 정사(丁巳)일"},{"solar":"1600-12-23 (토)","lunar":"1600-11-18","ganji":"경자(庚子)년 무자(戊子)월 무오(戊午)일"},{"solar":"1600-12-24 (일)","lunar":"1600-11-19","ganji":"경자(庚子)년 무자(戊子)월 기미(己未)일"},{"solar":"1600-12-25 (월)","lunar":"1600-11-20","ganji":"경자(庚子)년 무자(戊子)월 경신(庚申)일"},{"solar":"1600-12-26 (화)","lunar":"1600-11-21","ganji":"경자(庚子)년 무자(戊子)월 신유(辛酉)일"},{"solar":"1600-12-27 (수)","lunar":"1600-11-22","ganji":"경자(庚子)년 무자(戊子)월 임술(壬戌)일"},{"solar":"1600-12-28 (목)","lunar":"1600-11-23","ganji":"경자(庚子)년 무자(戊子)월 계해(癸亥)일"},{"solar":"1600-12-29 (금)","lunar":"1600-11-24","ganji":"경자(庚子)년 무자(戊子)월 갑자(甲子)일"},{"solar":"1600-12-30 (토)","lunar":"1600-11-25","ganji":"경자(庚子)년 무자(戊子)월 을축(乙丑)일"},{"solar":"1600-12-31 (일)","lunar":"1600-11-26","ganji":"경자(庚子)년 무자(戊子)월 병인(丙寅)일"}]