[{"solar":"1635-01-01 (월)","lunar":"1634-11-13","ganji":"갑술(甲戌)년 병자(丙子)월 을축(乙丑)일"},{"solar":"1635-01-02 (화)","lunar":"1634-11-14","ganji":"갑술(甲戌)년 병자(丙子)월 병인(丙寅)일"},{"solar":"1635-01-03 (수)","lunar":"1634-11-15","ganji":"갑술(甲戌)년 병자(丙子)월 정묘(丁卯)일"},{"solar":"1635-01-04 (목)","lunar":"1634-11-16","ganji":"갑술(甲戌)년 병자(丙子)월 무진(戊辰)일"},{"solar":"1635-01-05 (금)","lunar":"1634-11-17","ganji":"갑술(甲戌)년 병자(丙子)월 기사(己巳)일"},{"solar":"1635-01-06 (토)","lunar":"1634-11-18","ganji":"갑술(甲戌)년 병자(丙子)월 경오(庚午)일"},{"solar":"1635-01-07 (일)","lunar":"1634-11-19","ganji":"갑술(甲戌)년 병자(丙子)월 신미(辛未)일"},{"solar":"1635-01-08 (월)","lunar":"1634-11-20","ganji":"갑술(甲戌)년 병자(丙子)월 임신(壬申)일"},{"solar":"1635-01-09 (화)","lunar":"1634-11-21","ganji":"갑술(甲戌)년 병자(丙子)월 계유(癸酉)일"},{"solar":"1635-01-10 (수)","lunar":"1634-11-22","ganji":"갑술(甲戌)년 병자(丙子)월 갑술(甲戌)일"},{"solar":"1635-01-11 (목)","lunar":"1634-11-23","ganji":"갑술(甲戌)년 병자(丙子)월 을해(乙亥)일"},{"solar":"1635-01-12 (금)","lunar":"1634-11-24","ganji":"갑술(甲戌)년 병자(丙子)월 병자(丙子)일"},{"solar":"1635-01-13 (토)","lunar":"1634-11-25","ganji":"갑술(甲戌)년 병자(丙子)월 정축(丁丑)일"},{"solar":"1635-01-14 (일)","lunar":"1634-11-26","ganji":"갑술(甲戌)년 병자(丙子)월 무인(戊寅)일"},{"solar":"1635-01-15 (월)","lunar":"1634-11-27","ganji":"갑술(甲戌)년 병자(丙子)월 기묘(己卯)일"},{"solar":"1635-01-16 (화)","lunar":"1634-11-28","ganji":"갑술(甲戌)년 병자(丙子)월 경진(庚辰)일"},{"solar":"1635-01-17 (수)","lunar":"1634-11-29","ganji":"갑술(甲戌)년 병자(丙子)월 신사(辛巳)일"},{"solar":"1635-01-18 (목)","lunar":"1634-11-30","ganji":"갑술(甲戌)년 병자(丙子)월 임오(壬午)일"},{"solar":"1635-01-19 (금)","lunar":"1634-12-01","ganji":"갑술(甲戌)년 정축(丁丑)월 계미(癸未)일"},{"solar":"1635-01-20 (토)","lunar":"1634-12-02","ganji":"갑술(甲戌)년 정축(丁丑)월 갑신(甲申)일"},{"solar":"1635-01-21 (일)","lunar":"1634-12-03","ganji":"갑술(甲戌)년 정축(丁丑)월 을유(乙酉)일"},{"solar":"1635-01-22 (월)","lunar":"1634-12-04","ganji":"갑술(甲戌)년 정축(丁丑)월 병술(丙戌)일"},{"solar":"1635-01-23 (화)","lunar":"1634-12-05","ganji":"갑술(甲戌)년 정축(丁丑)월 정해(丁亥)일"},{"solar":"1635-01-24 (수)","lunar":"1634-12-06","ganji":"갑술(甲戌)년 정축(丁丑)월 무자(戊子)일"},{"solar":"1635-01-25 (목)","lunar":"1634-12-07","ganji":"갑술(甲戌)년 정축(丁丑)월 기축(己丑)일"},{"solar":"1635-01-26 (금)","lunar":"1634-12-08","ganji":"갑술(甲戌)년 정축(丁丑)월 경인(庚寅)일"},{"solar":"1635-01-27 (토)","lunar":"1634-12-09","ganji":"갑술(甲戌)년 정축(丁丑)월 신묘(辛卯)일"},{"solar":"1635-01-28 (일)","lunar":"1634-12-10","ganji":"갑술(甲戌)년 정축(丁丑)월 임진(壬辰)일"},{"solar":"1635-01-29 (월)","lunar":"1634-12-11","ganji":"갑술(甲戌)년 정축(丁丑)월 계사(癸巳)일"},{"solar":"1635-01-30 (화)","lunar":"1634-12-12","ganji":"갑술(甲戌)년 정축(丁丑)월 갑오(甲午)일"},{"solar":"1635-01-31 (수)","lunar":"1634-12-13","ganji":"갑술(甲戌)년 정축(丁丑)월 을미(乙未)일"},{"solar":"1635-02-01 (목)","lunar":"1634-12-14","ganji":"갑술(甲戌)년 정축(丁丑)월 병신(丙申)일"},{"solar":"1635-02-02 (금)","lunar":"1634-12-15","ganji":"갑술(甲戌)년 정축(丁丑)월 정유(丁酉)일"},{"solar":"1635-02-03 (토)","lunar":"1634-12-16","ganji":"갑술(甲戌)년 정축(丁丑)월 무술(戊戌)일"},{"solar":"1635-02-04 (일)","lunar":"1634-12-17","ganji":"갑술(甲戌)년 정축(丁丑)월 기해(己亥)일"},{"solar":"1635-02-05 (월)","lunar":"1634-12-18","ganji":"갑술(甲戌)년 정축(丁丑)월 경자(庚子)일"},{"solar":"1635-02-06 (화)","lunar":"1634-12-19","ganji":"갑술(甲戌)년 정축(丁丑)월 신축(辛丑)일"},{"solar":"1635-02-07 (수)","lunar":"1634-12-20","ganji":"갑술(甲戌)년 정축(丁丑)월 임인(壬寅)일"},{"solar":"1635-02-08 (목)","lunar":"1634-12-21","ganji":"갑술(甲戌)년 정축(丁丑)월 계묘(癸卯)일"},{"solar":"1635-02-09 (금)","lunar":"1634-12-22","ganji":"갑술(甲戌)년 정축(丁丑)월 갑진(甲辰)일"},{"solar":"1635-02-10 (토)","lunar":"1634-12-23","ganji":"갑술(甲戌)년 정축(丁丑)월 을사(乙巳)일"},{"solar":"1635-02-11 (일)","lunar":"1634-12-24","ganji":"갑술(甲戌)년 정축(丁丑)월 병오(丙午)일"},{"solar":"1635-02-12 (월)","lunar":"1634-12-25","ganji":"갑술(甲戌)년 정축(丁丑)월 정미(丁未)일"},{"solar":"1635-02-13 (화)","lunar":"1634-12-26","ganji":"갑술(甲戌)년 정축(丁丑)월 무신(戊申)일"},{"solar":"1635-02-14 (수)","lunar":"1634-12-27","ganji":"갑술(甲戌)년 정축(丁丑)월 기유(己酉)일"},{"solar":"1635-02-15 (목)","lunar":"1634-12-28","ganji":"갑술(甲戌)년 정축(丁丑)월 경술(庚戌)일"},{"solar":"1635-02-16 (금)","lunar":"1634-12-29","ganji":"갑술(甲戌)년 정축(丁丑)월 신해(辛亥)일"},{"solar":"1635-02-17 (토)","lunar":"1635-01-01","ganji":"을해(乙亥)년 무인(戊寅)월 임자(壬子)일"},{"solar":"1635-02-18 (일)","lunar":"1635-01-02","ganji":"을해(乙亥)년 무인(戊寅)월 계축(癸丑)일"},{"solar":"1635-02-19 (월)","lunar":"1635-01-03","ganji":"을해(乙亥)년 무인(戊寅)월 갑인(甲寅)일"},{"solar":"1635-02-20 (화)","lunar":"1635-01-04","ganji":"을해(乙亥)년 무인(戊寅)월 을묘(乙卯)일"},{"solar":"1635-02-21 (수)","lunar":"1635-01-05","ganji":"을해(乙亥)년 무인(戊寅)월 병진(丙辰)일"},{"solar":"1635-02-22 (목)","lunar":"1635-01-06","ganji":"을해(乙亥)년 무인(戊寅)월 정사(丁巳)일"},{"solar":"1635-02-23 (금)","lunar":"1635-01-07","ganji":"을해(乙亥)년 무인(戊寅)월 무오(戊午)일"},{"solar":"1635-02-24 (토)","lunar":"1635-01-08","ganji":"을해(乙亥)년 무인(戊寅)월 기미(己未)일"},{"solar":"1635-02-25 (일)","lunar":"1635-01-09","ganji":"을해(乙亥)년 무인(戊寅)월 경신(庚申)일"},{"solar":"1635-02-26 (월)","lunar":"1635-01-10","ganji":"을해(乙亥)년 무인(戊寅)월 신유(辛酉)일"},{"solar":"1635-02-27 (화)","lunar":"1635-01-11","ganji":"을해(乙亥)년 무인(戊寅)월 임술(壬戌)일"},{"solar":"1635-02-28 (수)","lunar":"1635-01-12","ganji":"을해(乙亥)년 무인(戊寅)월 계해(癸亥)일"},{"solar":"1635-03-01 (목)","lunar":"1635-01-13","ganji":"을해(乙亥)년 무인(戊寅)월 갑자(甲子)일"},{"solar":"1635-03-02 (금)","lunar":"1635-01-14","ganji":"을해(乙亥)년 무인(戊寅)월 을축(乙丑)일"},{"solar":"1635-03-03 (토)","lunar":"1635-01-15","ganji":"을해(乙亥)년 무인(戊寅)월 병인(丙寅)일"},{"solar":"1635-03-04 (일)","lunar":"1635-01-16","ganji":"을해(乙亥)년 무인(戊寅)월 정묘(丁卯)일"},{"solar":"1635-03-05 (월)","lunar":"1635-01-17","ganji":"을해(乙亥)년 무인(戊寅)월 무진(戊辰)일"},{"solar":"1635-03-06 (화)","lunar":"1635-01-18","ganji":"을해(乙亥)년 무인(戊寅)월 기사(己巳)일"},{"solar":"1635-03-07 (수)","lunar":"1635-01-19","ganji":"을해(乙亥)년 무인(戊寅)월 경오(庚午)일"},{"solar":"1635-03-08 (목)","lunar":"1635-01-20","ganji":"을해(乙亥)년 무인(戊寅)월 신미(辛未)일"},{"solar":"1635-03-09 (금)","lunar":"1635-01-21","ganji":"을해(乙亥)년 무인(戊寅)월 임신(壬申)일"},{"solar":"1635-03-10 (토)","lunar":"1635-01-22","ganji":"을해(乙亥)년 무인(戊寅)월 계유(癸酉)일"},{"solar":"1635-03-11 (일)","lunar":"1635-01-23","ganji":"을해(乙亥)년 무인(戊寅)월 갑술(甲戌)일"},{"solar":"1635-03-12 (월)","lunar":"1635-01-24","ganji":"을해(乙亥)년 무인(戊寅)월 을해(乙亥)일"},{"solar":"1635-03-13 (화)","lunar":"1635-01-25","ganji":"을해(乙亥)년 무인(戊寅)월 병자(丙子)일"},{"solar":"1635-03-14 (수)","lunar":"1635-01-26","ganji":"을해(乙亥)년 무인(戊寅)월 정축(丁丑)일"},{"solar":"1635-03-15 (목)","lunar":"1635-01-27","ganji":"을해(乙亥)년 무인(戊寅)월 무인(戊寅)일"},{"solar":"1635-03-16 (금)","lunar":"1635-01-28","ganji":"을해(乙亥)년 무인(戊寅)월 기묘(己卯)일"},{"solar":"1635-03-17 (토)","lunar":"1635-01-29","ganji":"을해(乙亥)년 무인(戊寅)월 경진(庚辰)일"},{"solar":"1635-03-18 (일)","lunar":"1635-01-30","ganji":"을해(乙亥)년 무인(戊寅)월 신사(辛巳)일"},{"solar":"1635-03-19 (월)","lunar":"1635-02-01","ganji":"을해(乙亥)년 기묘(己卯)월 임오(壬午)일"},{"solar":"1635-03-20 (화)","lunar":"1635-02-02","ganji":"을해(乙亥)년 기묘(己卯)월 계미(癸未)일"},{"solar":"1635-03-21 (수)","lunar":"1635-02-03","ganji":"을해(乙亥)년 기묘(己卯)월 갑신(甲申)일"},{"solar":"1635-03-22 (목)","lunar":"1635-02-04","ganji":"을해(乙亥)년 기묘(己卯)월 을유(乙酉)일"},{"solar":"1635-03-23 (금)","lunar":"1635-02-05","ganji":"을해(乙亥)년 기묘(己卯)월 병술(丙戌)일"},{"solar":"1635-03-24 (토)","lunar":"1635-02-06","ganji":"을해(乙亥)년 기묘(己卯)월 정해(丁亥)일"},{"solar":"1635-03-25 (일)","lunar":"1635-02-07","ganji":"을해(乙亥)년 기묘(己卯)월 무자(戊子)일"},{"solar":"1635-03-26 (월)","lunar":"1635-02-08","ganji":"을해(乙亥)년 기묘(己卯)월 기축(己丑)일"},{"solar":"1635-03-27 (화)","lunar":"1635-02-09","ganji":"을해(乙亥)년 기묘(己卯)월 경인(庚寅)일"},{"solar":"1635-03-28 (수)","lunar":"1635-02-10","ganji":"을해(乙亥)년 기묘(己卯)월 신묘(辛卯)일"},{"solar":"1635-03-29 (목)","lunar":"1635-02-11","ganji":"을해(乙亥)년 기묘(己卯)월 임진(壬辰)일"},{"solar":"1635-03-30 (금)","lunar":"1635-02-12","ganji":"을해(乙亥)년 기묘(己卯)월 계사(癸巳)일"},{"solar":"1635-03-31 (토)","lunar":"1635-02-13","ganji":"을해(乙亥)년 기묘(己卯)월 갑오(甲午)일"},{"solar":"1635-04-01 (일)","lunar":"1635-02-14","ganji":"을해(乙亥)년 기묘(己卯)월 을미(乙未)일"},{"solar":"1635-04-02 (월)","lunar":"1635-02-15","ganji":"을해(乙亥)년 기묘(己卯)월 병신(丙申)일"},{"solar":"1635-04-03 (화)","lunar":"1635-02-16","ganji":"을해(乙亥)년 기묘(己卯)월 정유(丁酉)일"},{"solar":"1635-04-04 (수)","lunar":"1635-02-17","ganji":"을해(乙亥)년 기묘(己卯)월 무술(戊戌)일"},{"solar":"1635-04-05 (목)","lunar":"1635-02-18","ganji":"을해(乙亥)년 기묘(己卯)월 기해(己亥)일"},{"solar":"1635-04-06 (금)","lunar":"1635-02-19","ganji":"을해(乙亥)년 기묘(己卯)월 경자(庚子)일"},{"solar":"1635-04-07 (토)","lunar":"1635-02-20","ganji":"을해(乙亥)년 기묘(己卯)월 신축(辛丑)일"},{"solar":"1635-04-08 (일)","lunar":"1635-02-21","ganji":"을해(乙亥)년 기묘(己卯)월 임인(壬寅)일"},{"solar":"1635-04-09 (월)","lunar":"1635-02-22","ganji":"을해(乙亥)년 기묘(己卯)월 계묘(癸卯)일"},{"solar":"1635-04-10 (화)","lunar":"1635-02-23","ganji":"을해(乙亥)년 기묘(己卯)월 갑진(甲辰)일"},{"solar":"1635-04-11 (수)","lunar":"1635-02-24","ganji":"을해(乙亥)년 기묘(己卯)월 을사(乙巳)일"},{"solar":"1635-04-12 (목)","lunar":"1635-02-25","ganji":"을해(乙亥)년 기묘(己卯)월 병오(丙午)일"},{"solar":"1635-04-13 (금)","lunar":"1635-02-26","ganji":"을해(乙亥)년 기묘(己卯)월 정미(丁未)일"},{"solar":"1635-04-14 (토)","lunar":"1635-02-27","ganji":"을해(乙亥)년 기묘(己卯)월 무신(戊申)일"},{"solar":"1635-04-15 (일)","lunar":"1635-02-28","ganji":"을해(乙亥)년 기묘(己卯)월 기유(己酉)일"},{"solar":"1635-04-16 (월)","lunar":"1635-02-29","ganji":"을해(乙亥)년 기묘(己卯)월 경술(庚戌)일"},{"solar":"1635-04-17 (화)","lunar":"1635-03-01","ganji":"을해(乙亥)년 경진(庚辰)월 신해(辛亥)일"},{"solar":"1635-04-18 (수)","lunar":"1635-03-02","ganji":"을해(乙亥)년 경진(庚辰)월 임자(壬子)일"},{"solar":"1635-04-19 (목)","lunar":"1635-03-03","ganji":"을해(乙亥)년 경진(庚辰)월 계축(癸丑)일"},{"solar":"1635-04-20 (금)","lunar":"1635-03-04","ganji":"을해(乙亥)년 경진(庚辰)월 갑인(甲寅)일"},{"solar":"1635-04-21 (토)","lunar":"1635-03-05","ganji":"을해(乙亥)년 경진(庚辰)월 을묘(乙卯)일"},{"solar":"1635-04-22 (일)","lunar":"1635-03-06","ganji":"을해(乙亥)년 경진(庚辰)월 병진(丙辰)일"},{"solar":"1635-04-23 (월)","lunar":"1635-03-07","ganji":"을해(乙亥)년 경진(庚辰)월 정사(丁巳)일"},{"solar":"1635-04-24 (화)","lunar":"1635-03-08","ganji":"을해(乙亥)년 경진(庚辰)월 무오(戊午)일"},{"solar":"1635-04-25 (수)","lunar":"1635-03-09","ganji":"을해(乙亥)년 경진(庚辰)월 기미(己未)일"},{"solar":"1635-04-26 (목)","lunar":"1635-03-10","ganji":"을해(乙亥)년 경진(庚辰)월 경신(庚申)일"},{"solar":"1635-04-27 (금)","lunar":"1635-03-11","ganji":"을해(乙亥)년 경진(庚辰)월 신유(辛酉)일"},{"solar":"1635-04-28 (토)","lunar":"1635-03-12","ganji":"을해(乙亥)년 경진(庚辰)월 임술(壬戌)일"},{"solar":"1635-04-29 (일)","lunar":"1635-03-13","ganji":"을해(乙亥)년 경진(庚辰)월 계해(癸亥)일"},{"solar":"1635-04-30 (월)","lunar":"1635-03-14","ganji":"을해(乙亥)년 경진(庚辰)월 갑자(甲子)일"},{"solar":"1635-05-01 (화)","lunar":"1635-03-15","ganji":"을해(乙亥)년 경진(庚辰)월 을축(乙丑)일"},{"solar":"1635-05-02 (수)","lunar":"1635-03-16","ganji":"을해(乙亥)년 경진(庚辰)월 병인(丙寅)일"},{"solar":"1635-05-03 (목)","lunar":"1635-03-17","ganji":"을해(乙亥)년 경진(庚辰)월 정묘(丁卯)일"},{"solar":"1635-05-04 (금)","lunar":"1635-03-18","ganji":"을해(乙亥)년 경진(庚辰)월 무진(戊辰)일"},{"solar":"1635-05-05 (토)","lunar":"1635-03-19","ganji":"을해(乙亥)년 경진(庚辰)월 기사(己巳)일"},{"solar":"1635-05-06 (일)","lunar":"1635-03-20","ganji":"을해(乙亥)년 경진(庚辰)월 경오(庚午)일"},{"solar":"1635-05-07 (월)","lunar":"1635-03-21","ganji":"을해(乙亥)년 경진(庚辰)월 신미(辛未)일"},{"solar":"1635-05-08 (화)","lunar":"1635-03-22","ganji":"을해(乙亥)년 경진(庚辰)월 임신(壬申)일"},{"solar":"1635-05-09 (수)","lunar":"1635-03-23","ganji":"을해(乙亥)년 경진(庚辰)월 계유(癸酉)일"},{"solar":"1635-05-10 (목)","lunar":"1635-03-24","ganji":"을해(乙亥)년 경진(庚辰)월 갑술(甲戌)일"},{"solar":"1635-05-11 (금)","lunar":"1635-03-25","ganji":"을해(乙亥)년 경진(庚辰)월 을해(乙亥)일"},{"solar":"1635-05-12 (토)","lunar":"1635-03-26","ganji":"을해(乙亥)년 경진(庚辰)월 병자(丙子)일"},{"solar":"1635-05-13 (일)","lunar":"1635-03-27","ganji":"을해(乙亥)년 경진(庚辰)월 정축(丁丑)일"},{"solar":"1635-05-14 (월)","lunar":"1635-03-28","ganji":"을해(乙亥)년 경진(庚辰)월 무인(戊寅)일"},{"solar":"1635-05-15 (화)","lunar":"1635-03-29","ganji":"을해(乙亥)년 경진(庚辰)월 기묘(己卯)일"},{"solar":"1635-05-16 (수)","lunar":"1635-04-01","ganji":"을해(乙亥)년 신사(辛巳)월 경진(庚辰)일"},{"solar":"1635-05-17 (목)","lunar":"1635-04-02","ganji":"을해(乙亥)년 신사(辛巳)월 신사(辛巳)일"},{"solar":"1635-05-18 (금)","lunar":"1635-04-03","ganji":"을해(乙亥)년 신사(辛巳)월 임오(壬午)일"},{"solar":"1635-05-19 (토)","lunar":"1635-04-04","ganji":"을해(乙亥)년 신사(辛巳)월 계미(癸未)일"},{"solar":"1635-05-20 (일)","lunar":"1635-04-05","ganji":"을해(乙亥)년 신사(辛巳)월 갑신(甲申)일"},{"solar":"1635-05-21 (월)","lunar":"1635-04-06","ganji":"을해(乙亥)년 신사(辛巳)월 을유(乙酉)일"},{"solar":"1635-05-22 (화)","lunar":"1635-04-07","ganji":"을해(乙亥)년 신사(辛巳)월 병술(丙戌)일"},{"solar":"1635-05-23 (수)","lunar":"1635-04-08","ganji":"을해(乙亥)년 신사(辛巳)월 정해(丁亥)일"},{"solar":"1635-05-24 (목)","lunar":"1635-04-09","ganji":"을해(乙亥)년 신사(辛巳)월 무자(戊子)일"},{"solar":"1635-05-25 (금)","lunar":"1635-04-10","ganji":"을해(乙亥)년 신사(辛巳)월 기축(己丑)일"},{"solar":"1635-05-26 (토)","lunar":"1635-04-11","ganji":"을해(乙亥)년 신사(辛巳)월 경인(庚寅)일"},{"solar":"1635-05-27 (일)","lunar":"1635-04-12","ganji":"을해(乙亥)년 신사(辛巳)월 신묘(辛卯)일"},{"solar":"1635-05-28 (월)","lunar":"1635-04-13","ganji":"을해(乙亥)년 신사(辛巳)월 임진(壬辰)일"},{"solar":"1635-05-29 (화)","lunar":"1635-04-14","ganji":"을해(乙亥)년 신사(辛巳)월 계사(癸巳)일"},{"solar":"1635-05-30 (수)","lunar":"1635-04-15","ganji":"을해(乙亥)년 신사(辛巳)월 갑오(甲午)일"},{"solar":"1635-05-31 (목)","lunar":"1635-04-16","ganji":"을해(乙亥)년 신사(辛巳)월 을미(乙未)일"},{"solar":"1635-06-01 (금)","lunar":"1635-04-17","ganji":"을해(乙亥)년 신사(辛巳)월 병신(丙申)일"},{"solar":"1635-06-02 (토)","lunar":"1635-04-18","ganji":"을해(乙亥)년 신사(辛巳)월 정유(丁酉)일"},{"solar":"1635-06-03 (일)","lunar":"1635-04-19","ganji":"을해(乙亥)년 신사(辛巳)월 무술(戊戌)일"},{"solar":"1635-06-04 (월)","lunar":"1635-04-20","ganji":"을해(乙亥)년 신사(辛巳)월 기해(己亥)일"},{"solar":"1635-06-05 (화)","lunar":"1635-04-21","ganji":"을해(乙亥)년 신사(辛巳)월 경자(庚子)일"},{"solar":"1635-06-06 (수)","lunar":"1635-04-22","ganji":"을해(乙亥)년 신사(辛巳)월 신축(辛丑)일"},{"solar":"1635-06-07 (목)","lunar":"1635-04-23","ganji":"을해(乙亥)년 신사(辛巳)월 임인(壬寅)일"},{"solar":"1635-06-08 (금)","lunar":"1635-04-24","ganji":"을해(乙亥)년 신사(辛巳)월 계묘(癸卯)일"},{"solar":"1635-06-09 (토)","lunar":"1635-04-25","ganji":"을해(乙亥)년 신사(辛巳)월 갑진(甲辰)일"},{"solar":"1635-06-10 (일)","lunar":"1635-04-26","ganji":"을해(乙亥)년 신사(辛巳)월 을사(乙巳)일"},{"solar":"1635-06-11 (월)","lunar":"1635-04-27","ganji":"을해(乙亥)년 신사(辛巳)월 병오(丙午)일"},{"solar":"1635-06-12 (화)","lunar":"1635-04-28","ganji":"을해(乙亥)년 신사(辛巳)월 정미(丁未)일"},{"solar":"1635-06-13 (수)","lunar":"1635-04-29","ganji":"을해(乙亥)년 신사(辛巳)월 무신(戊申)일"},{"solar":"1635-06-14 (목)","lunar":"1635-04-30","ganji":"을해(乙亥)년 신사(辛巳)월 기유(己酉)일"},{"solar":"1635-06-15 (금)","lunar":"1635-05-01","ganji":"을해(乙亥)년 임오(壬午)월 경술(庚戌)일"},{"solar":"1635-06-16 (토)","lunar":"1635-05-02","ganji":"을해(乙亥)년 임오(壬午)월 신해(辛亥)일"},{"solar":"1635-06-17 (일)","lunar":"1635-05-03","ganji":"을해(乙亥)년 임오(壬午)월 임자(壬子)일"},{"solar":"1635-06-18 (월)","lunar":"1635-05-04","ganji":"을해(乙亥)년 임오(壬午)월 계축(癸丑)일"},{"solar":"1635-06-19 (화)","lunar":"1635-05-05","ganji":"을해(乙亥)년 임오(壬午)월 갑인(甲寅)일"},{"solar":"1635-06-20 (수)","lunar":"1635-05-06","ganji":"을해(乙亥)년 임오(壬午)월 을묘(乙卯)일"},{"solar":"1635-06-21 (목)","lunar":"1635-05-07","ganji":"을해(乙亥)년 임오(壬午)월 병진(丙辰)일"},{"solar":"1635-06-22 (금)","lunar":"1635-05-08","ganji":"을해(乙亥)년 임오(壬午)월 정사(丁巳)일"},{"solar":"1635-06-23 (토)","lunar":"1635-05-09","ganji":"을해(乙亥)년 임오(壬午)월 무오(戊午)일"},{"solar":"1635-06-24 (일)","lunar":"1635-05-10","ganji":"을해(乙亥)년 임오(壬午)월 기미(己未)일"},{"solar":"1635-06-25 (월)","lunar":"1635-05-11","ganji":"을해(乙亥)년 임오(壬午)월 경신(庚申)일"},{"solar":"1635-06-26 (화)","lunar":"1635-05-12","ganji":"을해(乙亥)년 임오(壬午)월 신유(辛酉)일"},{"solar":"1635-06-27 (수)","lunar":"1635-05-13","ganji":"을해(乙亥)년 임오(壬午)월 임술(壬戌)일"},{"solar":"1635-06-28 (목)","lunar":"1635-05-14","ganji":"을해(乙亥)년 임오(壬午)월 계해(癸亥)일"},{"solar":"1635-06-29 (금)","lunar":"1635-05-15","ganji":"을해(乙亥)년 임오(壬午)월 갑자(甲子)일"},{"solar":"1635-06-30 (토)","lunar":"1635-05-16","ganji":"을해(乙亥)년 임오(壬午)월 을축(乙丑)일"},{"solar":"1635-07-01 (일)","lunar":"1635-05-17","ganji":"을해(乙亥)년 임오(壬午)월 병인(丙寅)일"},{"solar":"1635-07-02 (월)","lunar":"1635-05-18","ganji":"을해(乙亥)년 임오(壬午)월 정묘(丁卯)일"},{"solar":"1635-07-03 (화)","lunar":"1635-05-19","ganji":"을해(乙亥)년 임오(壬午)월 무진(戊辰)일"},{"solar":"1635-07-04 (수)","lunar":"1635-05-20","ganji":"을해(乙亥)년 임오(壬午)월 기사(己巳)일"},{"solar":"1635-07-05 (목)","lunar":"1635-05-21","ganji":"을해(乙亥)년 임오(壬午)월 경오(庚午)일"},{"solar":"1635-07-06 (금)","lunar":"1635-05-22","ganji":"을해(乙亥)년 임오(壬午)월 신미(辛未)일"},{"solar":"1635-07-07 (토)","lunar":"1635-05-23","ganji":"을해(乙亥)년 임오(壬午)월 임신(壬申)일"},{"solar":"1635-07-08 (일)","lunar":"1635-05-24","ganji":"을해(乙亥)년 임오(壬午)월 계유(癸酉)일"},{"solar":"1635-07-09 (월)","lunar":"1635-05-25","ganji":"을해(乙亥)년 임오(壬午)월 갑술(甲戌)일"},{"solar":"1635-07-10 (화)","lunar":"1635-05-26","ganji":"을해(乙亥)년 임오(壬午)월 을해(乙亥)일"},{"solar":"1635-07-11 (수)","lunar":"1635-05-27","ganji":"을해(乙亥)년 임오(壬午)월 병자(丙子)일"},{"solar":"1635-07-12 (목)","lunar":"1635-05-28","ganji":"을해(乙亥)년 임오(壬午)월 정축(丁丑)일"},{"solar":"1635-07-13 (금)","lunar":"1635-05-29","ganji":"을해(乙亥)년 임오(壬午)월 무인(戊寅)일"},{"solar":"1635-07-14 (토)","lunar":"1635-06-01","ganji":"을해(乙亥)년 계미(癸未)월 기묘(己卯)일"},{"solar":"1635-07-15 (일)","lunar":"1635-06-02","ganji":"을해(乙亥)년 계미(癸未)월 경진(庚辰)일"},{"solar":"1635-07-16 (월)","lunar":"1635-06-03","ganji":"을해(乙亥)년 계미(癸未)월 신사(辛巳)일"},{"solar":"1635-07-17 (화)","lunar":"1635-06-04","ganji":"을해(乙亥)년 계미(癸未)월 임오(壬午)일"},{"solar":"1635-07-18 (수)","lunar":"1635-06-05","ganji":"을해(乙亥)년 계미(癸未)월 계미(癸未)일"},{"solar":"1635-07-19 (목)","lunar":"1635-06-06","ganji":"을해(乙亥)년 계미(癸未)월 갑신(甲申)일"},{"solar":"1635-07-20 (금)","lunar":"1635-06-07","ganji":"을해(乙亥)년 계미(癸未)월 을유(乙酉)일"},{"solar":"1635-07-21 (토)","lunar":"1635-06-08","ganji":"을해(乙亥)년 계미(癸未)월 병술(丙戌)일"},{"solar":"1635-07-22 (일)","lunar":"1635-06-09","ganji":"을해(乙亥)년 계미(癸未)월 정해(丁亥)일"},{"solar":"1635-07-23 (월)","lunar":"1635-06-10","ganji":"을해(乙亥)년 계미(癸未)월 무자(戊子)일"},{"solar":"1635-07-24 (화)","lunar":"1635-06-11","ganji":"을해(乙亥)년 계미(癸未)월 기축(己丑)일"},{"solar":"1635-07-25 (수)","lunar":"1635-06-12","ganji":"을해(乙亥)년 계미(癸未)월 경인(庚寅)일"},{"solar":"1635-07-26 (목)","lunar":"1635-06-13","ganji":"을해(乙亥)년 계미(癸未)월 신묘(辛卯)일"},{"solar":"1635-07-27 (금)","lunar":"1635-06-14","ganji":"을해(乙亥)년 계미(癸未)월 임진(壬辰)일"},{"solar":"1635-07-28 (토)","lunar":"1635-06-15","ganji":"을해(乙亥)년 계미(癸未)월 계사(癸巳)일"},{"solar":"1635-07-29 (일)","lunar":"1635-06-16","ganji":"을해(乙亥)년 계미(癸未)월 갑오(甲午)일"},{"solar":"1635-07-30 (월)","lunar":"1635-06-17","ganji":"을해(乙亥)년 계미(癸未)월 을미(乙未)일"},{"solar":"1635-07-31 (화)","lunar":"1635-06-18","ganji":"을해(乙亥)년 계미(癸未)월 병신(丙申)일"},{"solar":"1635-08-01 (수)","lunar":"1635-06-19","ganji":"을해(乙亥)년 계미(癸未)월 정유(丁酉)일"},{"solar":"1635-08-02 (목)","lunar":"1635-06-20","ganji":"을해(乙亥)년 계미(癸未)월 무술(戊戌)일"},{"solar":"1635-08-03 (금)","lunar":"1635-06-21","ganji":"을해(乙亥)년 계미(癸未)월 기해(己亥)일"},{"solar":"1635-08-04 (토)","lunar":"1635-06-22","ganji":"을해(乙亥)년 계미(癸未)월 경자(庚子)일"},{"solar":"1635-08-05 (일)","lunar":"1635-06-23","ganji":"을해(乙亥)년 계미(癸未)월 신축(辛丑)일"},{"solar":"1635-08-06 (월)","lunar":"1635-06-24","ganji":"을해(乙亥)년 계미(癸未)월 임인(壬寅)일"},{"solar":"1635-08-07 (화)","lunar":"1635-06-25","ganji":"을해(乙亥)년 계미(癸未)월 계묘(癸卯)일"},{"solar":"1635-08-08 (수)","lunar":"1635-06-26","ganji":"을해(乙亥)년 계미(癸未)월 갑진(甲辰)일"},{"solar":"1635-08-09 (목)","lunar":"1635-06-27","ganji":"을해(乙亥)년 계미(癸未)월 을사(乙巳)일"},{"solar":"1635-08-10 (금)","lunar":"1635-06-28","ganji":"을해(乙亥)년 계미(癸未)월 병오(丙午)일"},{"solar":"1635-08-11 (토)","lunar":"1635-06-29","ganji":"을해(乙亥)년 계미(癸未)월 정미(丁未)일"},{"solar":"1635-08-12 (일)","lunar":"1635-06-30","ganji":"을해(乙亥)년 계미(癸未)월 무신(戊申)일"},{"solar":"1635-08-13 (월)","lunar":"1635-07-01","ganji":"을해(乙亥)년 갑신(甲申)월 기유(己酉)일"},{"solar":"1635-08-14 (화)","lunar":"1635-07-02","ganji":"을해(乙亥)년 갑신(甲申)월 경술(庚戌)일"},{"solar":"1635-08-15 (수)","lunar":"1635-07-03","ganji":"을해(乙亥)년 갑신(甲申)월 신해(辛亥)일"},{"solar":"1635-08-16 (목)","lunar":"1635-07-04","ganji":"을해(乙亥)년 갑신(甲申)월 임자(壬子)일"},{"solar":"1635-08-17 (금)","lunar":"1635-07-05","ganji":"을해(乙亥)년 갑신(甲申)월 계축(癸丑)일"},{"solar":"1635-08-18 (토)","lunar":"1635-07-06","ganji":"을해(乙亥)년 갑신(甲申)월 갑인(甲寅)일"},{"solar":"1635-08-19 (일)","lunar":"1635-07-07","ganji":"을해(乙亥)년 갑신(甲申)월 을묘(乙卯)일"},{"solar":"1635-08-20 (월)","lunar":"1635-07-08","ganji":"을해(乙亥)년 갑신(甲申)월 병진(丙辰)일"},{"solar":"1635-08-21 (화)","lunar":"1635-07-09","ganji":"을해(乙亥)년 갑신(甲申)월 정사(丁巳)일"},{"solar":"1635-08-22 (수)","lunar":"1635-07-10","ganji":"을해(乙亥)년 갑신(甲申)월 무오(戊午)일"},{"solar":"1635-08-23 (목)","lunar":"1635-07-11","ganji":"을해(乙亥)년 갑신(甲申)월 기미(己未)일"},{"solar":"1635-08-24 (금)","lunar":"1635-07-12","ganji":"을해(乙亥)년 갑신(甲申)월 경신(庚申)일"},{"solar":"1635-08-25 (토)","lunar":"1635-07-13","ganji":"을해(乙亥)년 갑신(甲申)월 신유(辛酉)일"},{"solar":"1635-08-26 (일)","lunar":"1635-07-14","ganji":"을해(乙亥)년 갑신(甲申)월 임술(壬戌)일"},{"solar":"1635-08-27 (월)","lunar":"1635-07-15","ganji":"을해(乙亥)년 갑신(甲申)월 계해(癸亥)일"},{"solar":"1635-08-28 (화)","lunar":"1635-07-16","ganji":"을해(乙亥)년 갑신(甲申)월 갑자(甲子)일"},{"solar":"1635-08-29 (수)","lunar":"1635-07-17","ganji":"을해(乙亥)년 갑신(甲申)월 을축(乙丑)일"},{"solar":"1635-08-30 (목)","lunar":"1635-07-18","ganji":"을해(乙亥)년 갑신(甲申)월 병인(丙寅)일"},{"solar":"1635-08-31 (금)","lunar":"1635-07-19","ganji":"을해(乙亥)년 갑신(甲申)월 정묘(丁卯)일"},{"solar":"1635-09-01 (토)","lunar":"1635-07-20","ganji":"을해(乙亥)년 갑신(甲申)월 무진(戊辰)일"},{"solar":"1635-09-02 (일)","lunar":"1635-07-21","ganji":"을해(乙亥)년 갑신(甲申)월 기사(己巳)일"},{"solar":"1635-09-03 (월)","lunar":"1635-07-22","ganji":"을해(乙亥)년 갑신(甲申)월 경오(庚午)일"},{"solar":"1635-09-04 (화)","lunar":"1635-07-23","ganji":"을해(乙亥)년 갑신(甲申)월 신미(辛未)일"},{"solar":"1635-09-05 (수)","lunar":"1635-07-24","ganji":"을해(乙亥)년 갑신(甲申)월 임신(壬申)일"},{"solar":"1635-09-06 (목)","lunar":"1635-07-25","ganji":"을해(乙亥)년 갑신(甲申)월 계유(癸酉)일"},{"solar":"1635-09-07 (금)","lunar":"1635-07-26","ganji":"을해(乙亥)년 갑신(甲申)월 갑술(甲戌)일"},{"solar":"1635-09-08 (토)","lunar":"1635-07-27","ganji":"을해(乙亥)년 갑신(甲申)월 을해(乙亥)일"},{"solar":"1635-09-09 (일)","lunar":"1635-07-28","ganji":"을해(乙亥)년 갑신(甲申)월 병자(丙子)일"},{"solar":"1635-09-10 (월)","lunar":"1635-07-29","ganji":"을해(乙亥)년 갑신(甲申)월 정축(丁丑)일"},{"solar":"1635-09-11 (화)","lunar":"1635-08-01","ganji":"을해(乙亥)년 을유(乙酉)월 무인(戊寅)일"},{"solar":"1635-09-12 (수)","lunar":"1635-08-02","ganji":"을해(乙亥)년 을유(乙酉)월 기묘(己卯)일"},{"solar":"1635-09-13 (목)","lunar":"1635-08-03","ganji":"을해(乙亥)년 을유(乙酉)월 경진(庚辰)일"},{"solar":"1635-09-14 (금)","lunar":"1635-08-04","ganji":"을해(乙亥)년 을유(乙酉)월 신사(辛巳)일"},{"solar":"1635-09-15 (토)","lunar":"1635-08-05","ganji":"을해(乙亥)년 을유(乙酉)월 임오(壬午)일"},{"solar":"1635-09-16 (일)","lunar":"1635-08-06","ganji":"을해(乙亥)년 을유(乙酉)월 계미(癸未)일"},{"solar":"1635-09-17 (월)","lunar":"1635-08-07","ganji":"을해(乙亥)년 을유(乙酉)월 갑신(甲申)일"},{"solar":"1635-09-18 (화)","lunar":"1635-08-08","ganji":"을해(乙亥)년 을유(乙酉)월 을유(乙酉)일"},{"solar":"1635-09-19 (수)","lunar":"1635-08-09","ganji":"을해(乙亥)년 을유(乙酉)월 병술(丙戌)일"},{"solar":"1635-09-20 (목)","lunar":"1635-08-10","ganji":"을해(乙亥)년 을유(乙酉)월 정해(丁亥)일"},{"solar":"1635-09-21 (금)","lunar":"1635-08-11","ganji":"을해(乙亥)년 을유(乙酉)월 무자(戊子)일"},{"solar":"1635-09-22 (토)","lunar":"1635-08-12","ganji":"을해(乙亥)년 을유(乙酉)월 기축(己丑)일"},{"solar":"1635-09-23 (일)","lunar":"1635-08-13","ganji":"을해(乙亥)년 을유(乙酉)월 경인(庚寅)일"},{"solar":"1635-09-24 (월)","lunar":"1635-08-14","ganji":"을해(乙亥)년 을유(乙酉)월 신묘(辛卯)일"},{"solar":"1635-09-25 (화)","lunar":"1635-08-15","ganji":"을해(乙亥)년 을유(乙酉)월 임진(壬辰)일"},{"solar":"1635-09-26 (수)","lunar":"1635-08-16","ganji":"을해(乙亥)년 을유(乙酉)월 계사(癸巳)일"},{"solar":"1635-09-27 (목)","lunar":"1635-08-17","ganji":"을해(乙亥)년 을유(乙酉)월 갑오(甲午)일"},{"solar":"1635-09-28 (금)","lunar":"1635-08-18","ganji":"을해(乙亥)년 을유(乙酉)월 을미(乙未)일"},{"solar":"1635-09-29 (토)","lunar":"1635-08-19","ganji":"을해(乙亥)년 을유(乙酉)월 병신(丙申)일"},{"solar":"1635-09-30 (일)","lunar":"1635-08-20","ganji":"을해(乙亥)년 을유(乙酉)월 정유(丁酉)일"},{"solar":"1635-10-01 (월)","lunar":"1635-08-21","ganji":"을해(乙亥)년 을유(乙酉)월 무술(戊戌)일"},{"solar":"1635-10-02 (화)","lunar":"1635-08-22","ganji":"을해(乙亥)년 을유(乙酉)월 기해(己亥)일"},{"solar":"1635-10-03 (수)","lunar":"1635-08-23","ganji":"을해(乙亥)년 을유(乙酉)월 경자(庚子)일"},{"solar":"1635-10-04 (목)","lunar":"1635-08-24","ganji":"을해(乙亥)년 을유(乙酉)월 신축(辛丑)일"},{"solar":"1635-10-05 (금)","lunar":"1635-08-25","ganji":"을해(乙亥)년 을유(乙酉)월 임인(壬寅)일"},{"solar":"1635-10-06 (토)","lunar":"1635-08-26","ganji":"을해(乙亥)년 을유(乙酉)월 계묘(癸卯)일"},{"solar":"1635-10-07 (일)","lunar":"1635-08-27","ganji":"을해(乙亥)년 을유(乙酉)월 갑진(甲辰)일"},{"solar":"1635-10-08 (월)","lunar":"1635-08-28","ganji":"을해(乙亥)년 을유(乙酉)월 을사(乙巳)일"},{"solar":"1635-10-09 (화)","lunar":"1635-08-29","ganji":"을해(乙亥)년 을유(乙酉)월 병오(丙午)일"},{"solar":"1635-10-10 (수)","lunar":"1635-08-30","ganji":"을해(乙亥)년 을유(乙酉)월 정미(丁未)일"},{"solar":"1635-10-11 (목)","lunar":"1635-09-01","ganji":"을해(乙亥)년 병술(丙戌)월 무신(戊申)일"},{"solar":"1635-10-12 (금)","lunar":"1635-09-02","ganji":"을해(乙亥)년 병술(丙戌)월 기유(己酉)일"},{"solar":"1635-10-13 (토)","lunar":"1635-09-03","ganji":"을해(乙亥)년 병술(丙戌)월 경술(庚戌)일"},{"solar":"1635-10-14 (일)","lunar":"1635-09-04","ganji":"을해(乙亥)년 병술(丙戌)월 신해(辛亥)일"},{"solar":"1635-10-15 (월)","lunar":"1635-09-05","ganji":"을해(乙亥)년 병술(丙戌)월 임자(壬子)일"},{"solar":"1635-10-16 (화)","lunar":"1635-09-06","ganji":"을해(乙亥)년 병술(丙戌)월 계축(癸丑)일"},{"solar":"1635-10-17 (수)","lunar":"1635-09-07","ganji":"을해(乙亥)년 병술(丙戌)월 갑인(甲寅)일"},{"solar":"1635-10-18 (목)","lunar":"1635-09-08","ganji":"을해(乙亥)년 병술(丙戌)월 을묘(乙卯)일"},{"solar":"1635-10-19 (금)","lunar":"1635-09-09","ganji":"을해(乙亥)년 병술(丙戌)월 병진(丙辰)일"},{"solar":"1635-10-20 (토)","lunar":"1635-09-10","ganji":"을해(乙亥)년 병술(丙戌)월 정사(丁巳)일"},{"solar":"1635-10-21 (일)","lunar":"1635-09-11","ganji":"을해(乙亥)년 병술(丙戌)월 무오(戊午)일"},{"solar":"1635-10-22 (월)","lunar":"1635-09-12","ganji":"을해(乙亥)년 병술(丙戌)월 기미(己未)일"},{"solar":"1635-10-23 (화)","lunar":"1635-09-13","ganji":"을해(乙亥)년 병술(丙戌)월 경신(庚申)일"},{"solar":"1635-10-24 (수)","lunar":"1635-09-14","ganji":"을해(乙亥)년 병술(丙戌)월 신유(辛酉)일"},{"solar":"1635-10-25 (목)","lunar":"1635-09-15","ganji":"을해(乙亥)년 병술(丙戌)월 임술(壬戌)일"},{"solar":"1635-10-26 (금)","lunar":"1635-09-16","ganji":"을해(乙亥)년 병술(丙戌)월 계해(癸亥)일"},{"solar":"1635-10-27 (토)","lunar":"1635-09-17","ganji":"을해(乙亥)년 병술(丙戌)월 갑자(甲子)일"},{"solar":"1635-10-28 (일)","lunar":"1635-09-18","ganji":"을해(乙亥)년 병술(丙戌)월 을축(乙丑)일"},{"solar":"1635-10-29 (월)","lunar":"1635-09-19","ganji":"을해(乙亥)년 병술(丙戌)월 병인(丙寅)일"},{"solar":"1635-10-30 (화)","lunar":"1635-09-20","ganji":"을해(乙亥)년 병술(丙戌)월 정묘(丁卯)일"},{"solar":"1635-10-31 (수)","lunar":"1635-09-21","ganji":"을해(乙亥)년 병술(丙戌)월 무진(戊辰)일"},{"solar":"1635-11-01 (목)","lunar":"1635-09-22","ganji":"을해(乙亥)년 병술(丙戌)월 기사(己巳)일"},{"solar":"1635-11-02 (금)","lunar":"1635-09-23","ganji":"을해(乙亥)년 병술(丙戌)월 경오(庚午)일"},{"solar":"1635-11-03 (토)","lunar":"1635-09-24","ganji":"을해(乙亥)년 병술(丙戌)월 신미(辛未)일"},{"solar":"1635-11-04 (일)","lunar":"1635-09-25","ganji":"을해(乙亥)년 병술(丙戌)월 임신(壬申)일"},{"solar":"1635-11-05 (월)","lunar":"1635-09-26","ganji":"을해(乙亥)년 병술(丙戌)월 계유(癸酉)일"},{"solar":"1635-11-06 (화)","lunar":"1635-09-27","ganji":"을해(乙亥)년 병술(丙戌)월 갑술(甲戌)일"},{"solar":"1635-11-07 (수)","lunar":"1635-09-28","ganji":"을해(乙亥)년 병술(丙戌)월 을해(乙亥)일"},{"solar":"1635-11-08 (목)","lunar":"1635-09-29","ganji":"을해(乙亥)년 병술(丙戌)월 병자(丙子)일"},{"solar":"1635-11-09 (금)","lunar":"1635-09-30","ganji":"을해(乙亥)년 병술(丙戌)월 정축(丁丑)일"},{"solar":"1635-11-10 (토)","lunar":"1635-10-01","ganji":"을해(乙亥)년 정해(丁亥)월 무인(戊寅)일"},{"solar":"1635-11-11 (일)","lunar":"1635-10-02","ganji":"을해(乙亥)년 정해(丁亥)월 기묘(己卯)일"},{"solar":"1635-11-12 (월)","lunar":"1635-10-03","ganji":"을해(乙亥)년 정해(丁亥)월 경진(庚辰)일"},{"solar":"1635-11-13 (화)","lunar":"1635-10-04","ganji":"을해(乙亥)년 정해(丁亥)월 신사(辛巳)일"},{"solar":"1635-11-14 (수)","lunar":"1635-10-05","ganji":"을해(乙亥)년 정해(丁亥)월 임오(壬午)일"},{"solar":"1635-11-15 (목)","lunar":"1635-10-06","ganji":"을해(乙亥)년 정해(丁亥)월 계미(癸未)일"},{"solar":"1635-11-16 (금)","lunar":"1635-10-07","ganji":"을해(乙亥)년 정해(丁亥)월 갑신(甲申)일"},{"solar":"1635-11-17 (토)","lunar":"1635-10-08","ganji":"을해(乙亥)년 정해(丁亥)월 을유(乙酉)일"},{"solar":"1635-11-18 (일)","lunar":"1635-10-09","ganji":"을해(乙亥)년 정해(丁亥)월 병술(丙戌)일"},{"solar":"1635-11-19 (월)","lunar":"1635-10-10","ganji":"을해(乙亥)년 정해(丁亥)월 정해(丁亥)일"},{"solar":"1635-11-20 (화)","lunar":"1635-10-11","ganji":"을해(乙亥)년 정해(丁亥)월 무자(戊子)일"},{"solar":"1635-11-21 (수)","lunar":"1635-10-12","ganji":"을해(乙亥)년 정해(丁亥)월 기축(己丑)일"},{"solar":"1635-11-22 (목)","lunar":"1635-10-13","ganji":"을해(乙亥)년 정해(丁亥)월 경인(庚寅)일"},{"solar":"1635-11-23 (금)","lunar":"1635-10-14","ganji":"을해(乙亥)년 정해(丁亥)월 신묘(辛卯)일"},{"solar":"1635-11-24 (토)","lunar":"1635-10-15","ganji":"을해(乙亥)년 정해(丁亥)월 임진(壬辰)일"},{"solar":"1635-11-25 (일)","lunar":"1635-10-16","ganji":"을해(乙亥)년 정해(丁亥)월 계사(癸巳)일"},{"solar":"1635-11-26 (월)","lunar":"1635-10-17","ganji":"을해(乙亥)년 정해(丁亥)월 갑오(甲午)일"},{"solar":"1635-11-27 (화)","lunar":"1635-10-18","ganji":"을해(乙亥)년 정해(丁亥)월 을미(乙未)일"},{"solar":"1635-11-28 (수)","lunar":"1635-10-19","ganji":"을해(乙亥)년 정해(丁亥)월 병신(丙申)일"},{"solar":"1635-11-29 (목)","lunar":"1635-10-20","ganji":"을해(乙亥)년 정해(丁亥)월 정유(丁酉)일"},{"solar":"1635-11-30 (금)","lunar":"1635-10-21","ganji":"을해(乙亥)년 정해(丁亥)월 무술(戊戌)일"},{"solar":"1635-12-01 (토)","lunar":"1635-10-22","ganji":"을해(乙亥)년 정해(丁亥)월 기해(己亥)일"},{"solar":"1635-12-02 (일)","lunar":"1635-10-23","ganji":"을해(乙亥)년 정해(丁亥)월 경자(庚子)일"},{"solar":"1635-12-03 (월)","lunar":"1635-10-24","ganji":"을해(乙亥)년 정해(丁亥)월 신축(辛丑)일"},{"solar":"1635-12-04 (화)","lunar":"1635-10-25","ganji":"을해(乙亥)년 정해(丁亥)월 임인(壬寅)일"},{"solar":"1635-12-05 (수)","lunar":"1635-10-26","ganji":"을해(乙亥)년 정해(丁亥)월 계묘(癸卯)일"},{"solar":"1635-12-06 (목)","lunar":"1635-10-27","ganji":"을해(乙亥)년 정해(丁亥)월 갑진(甲辰)일"},{"solar":"1635-12-07 (금)","lunar":"1635-10-28","ganji":"을해(乙亥)년 정해(丁亥)월 을사(乙巳)일"},{"solar":"1635-12-08 (토)","lunar":"1635-10-29","ganji":"을해(乙亥)년 정해(丁亥)월 병오(丙午)일"},{"solar":"1635-12-09 (일)","lunar":"1635-11-01","ganji":"을해(乙亥)년 무자(戊子)월 정미(丁未)일"},{"solar":"1635-12-10 (월)","lunar":"1635-11-02","ganji":"을해(乙亥)년 무자(戊子)월 무신(戊申)일"},{"solar":"1635-12-11 (화)","lunar":"1635-11-03","ganji":"을해(乙亥)년 무자(戊子)월 기유(己酉)일"},{"solar":"1635-12-12 (수)","lunar":"1635-11-04","ganji":"을해(乙亥)년 무자(戊子)월 경술(庚戌)일"},{"solar":"1635-12-13 (목)","lunar":"1635-11-05","ganji":"을해(乙亥)년 무자(戊子)월 신해(辛亥)일"},{"solar":"1635-12-14 (금)","lunar":"1635-11-06","ganji":"을해(乙亥)년 무자(戊子)월 임자(壬子)일"},{"solar":"1635-12-15 (토)","lunar":"1635-11-07","ganji":"을해(乙亥)년 무자(戊子)월 계축(癸丑)일"},{"solar":"1635-12-16 (일)","lunar":"1635-11-08","ganji":"을해(乙亥)년 무자(戊子)월 갑인(甲寅)일"},{"solar":"1635-12-17 (월)","lunar":"1635-11-09","ganji":"을해(乙亥)년 무자(戊子)월 을묘(乙卯)일"},{"solar":"1635-12-18 (화)","lunar":"1635-11-10","ganji":"을해(乙亥)년 무자(戊子)월 병진(丙辰)일"},{"solar":"1635-12-19 (수)","lunar":"1635-11-11","ganji":"을해(乙亥)년 무자(戊子)월 정사(丁巳)일"},{"solar":"1635-12-20 (목)","lunar":"1635-11-12","ganji":"을해(乙亥)년 무자(戊子)월 무오(戊午)일"},{"solar":"1635-12-21 (금)","lunar":"1635-11-13","ganji":"을해(乙亥)년 무자(戊子)월 기미(己未)일"},{"solar":"1635-12-22 (토)","lunar":"1635-11-14","ganji":"을해(乙亥)년 무자(戊子)월 경신(庚申)일"},{"solar":"1635-12-23 (일)","lunar":"1635-11-15","ganji":"을해(乙亥)년 무자(戊子)월 신유(辛酉)일"},{"solar":"1635-12-24 (월)","lunar":"1635-11-16","ganji":"을해(乙亥)년 무자(戊子)월 임술(壬戌)일"},{"solar":"1635-12-25 (화)","lunar":"1635-11-17","ganji":"을해(乙亥)년 무자(戊子)월 계해(癸亥)일"},{"solar":"1635-12-26 (수)","lunar":"1635-11-18","ganji":"을해(乙亥)년 무자(戊子)월 갑자(甲子)일"},{"solar":"1635-12-27 (목)","lunar":"1635-11-19","ganji":"을해(乙亥)년 무자(戊子)월 을축(乙丑)일"},{"solar":"1635-12-28 (금)","lunar":"1635-11-20","ganji":"을해(乙亥)년 무자(戊子)월 병인(丙寅)일"},{"solar":"1635-12-29 (토)","lunar":"1635-11-21","ganji":"을해(乙亥)년 무자(戊子)월 정묘(丁卯)일"},{"solar":"1635-12-30 (일)","lunar":"1635-11-22","ganji":"을해(乙亥)년 무자(戊子)월 무진(戊辰)일"},{"solar":"1635-12-31 (월)","lunar":"1635-11-23","ganji":"을해(乙亥)년 무자(戊子)월 기사(己巳)일"}]