[{"solar":"1642-01-01 (수)","lunar":"1641-12-01","ganji":"신사(辛巳)년 신축(辛丑)월 임인(壬寅)일"},{"solar":"1642-01-02 (목)","lunar":"1641-12-02","ganji":"신사(辛巳)년 신축(辛丑)월 계묘(癸卯)일"},{"solar":"1642-01-03 (금)","lunar":"1641-12-03","ganji":"신사(辛巳)년 신축(辛丑)월 갑진(甲辰)일"},{"solar":"1642-01-04 (토)","lunar":"1641-12-04","ganji":"신사(辛巳)년 신축(辛丑)월 을사(乙巳)일"},{"solar":"1642-01-05 (일)","lunar":"1641-12-05","ganji":"신사(辛巳)년 신축(辛丑)월 병오(丙午)일"},{"solar":"1642-01-06 (월)","lunar":"1641-12-06","ganji":"신사(辛巳)년 신축(辛丑)월 정미(丁未)일"},{"solar":"1642-01-07 (화)","lunar":"1641-12-07","ganji":"신사(辛巳)년 신축(辛丑)월 무신(戊申)일"},{"solar":"1642-01-08 (수)","lunar":"1641-12-08","ganji":"신사(辛巳)년 신축(辛丑)월 기유(己酉)일"},{"solar":"1642-01-09 (목)","lunar":"1641-12-09","ganji":"신사(辛巳)년 신축(辛丑)월 경술(庚戌)일"},{"solar":"1642-01-10 (금)","lunar":"1641-12-10","ganji":"신사(辛巳)년 신축(辛丑)월 신해(辛亥)일"},{"solar":"1642-01-11 (토)","lunar":"1641-12-11","ganji":"신사(辛巳)년 신축(辛丑)월 임자(壬子)일"},{"solar":"1642-01-12 (일)","lunar":"1641-12-12","ganji":"신사(辛巳)년 신축(辛丑)월 계축(癸丑)일"},{"solar":"1642-01-13 (월)","lunar":"1641-12-13","ganji":"신사(辛巳)년 신축(辛丑)월 갑인(甲寅)일"},{"solar":"1642-01-14 (화)","lunar":"1641-12-14","ganji":"신사(辛巳)년 신축(辛丑)월 을묘(乙卯)일"},{"solar":"1642-01-15 (수)","lunar":"1641-12-15","ganji":"신사(辛巳)년 신축(辛丑)월 병진(丙辰)일"},{"solar":"1642-01-16 (목)","lunar":"1641-12-16","ganji":"신사(辛巳)년 신축(辛丑)월 정사(丁巳)일"},{"solar":"1642-01-17 (금)","lunar":"1641-12-17","ganji":"신사(辛巳)년 신축(辛丑)월 무오(戊午)일"},{"solar":"1642-01-18 (토)","lunar":"1641-12-18","ganji":"신사(辛巳)년 신축(辛丑)월 기미(己未)일"},{"solar":"1642-01-19 (일)","lunar":"1641-12-19","ganji":"신사(辛巳)년 신축(辛丑)월 경신(庚申)일"},{"solar":"1642-01-20 (월)","lunar":"1641-12-20","ganji":"신사(辛巳)년 신축(辛丑)월 신유(辛酉)일"},{"solar":"1642-01-21 (화)","lunar":"1641-12-21","ganji":"신사(辛巳)년 신축(辛丑)월 임술(壬戌)일"},{"solar":"1642-01-22 (수)","lunar":"1641-12-22","ganji":"신사(辛巳)년 신축(辛丑)월 계해(癸亥)일"},{"solar":"1642-01-23 (목)","lunar":"1641-12-23","ganji":"신사(辛巳)년 신축(辛丑)월 갑자(甲子)일"},{"solar":"1642-01-24 (금)","lunar":"1641-12-24","ganji":"신사(辛巳)년 신축(辛丑)월 을축(乙丑)일"},{"solar":"1642-01-25 (토)","lunar":"1641-12-25","ganji":"신사(辛巳)년 신축(辛丑)월 병인(丙寅)일"},{"solar":"1642-01-26 (일)","lunar":"1641-12-26","ganji":"신사(辛巳)년 신축(辛丑)월 정묘(丁卯)일"},{"solar":"1642-01-27 (월)","lunar":"1641-12-27","ganji":"신사(辛巳)년 신축(辛丑)월 무진(戊辰)일"},{"solar":"1642-01-28 (화)","lunar":"1641-12-28","ganji":"신사(辛巳)년 신축(辛丑)월 기사(己巳)일"},{"solar":"1642-01-29 (수)","lunar":"1641-12-29","ganji":"신사(辛巳)년 신축(辛丑)월 경오(庚午)일"},{"solar":"1642-01-30 (목)","lunar":"1642-01-01","ganji":"임오(壬午)년 임인(壬寅)월 신미(辛未)일"},{"solar":"1642-01-31 (금)","lunar":"1642-01-02","ganji":"임오(壬午)년 임인(壬寅)월 임신(壬申)일"},{"solar":"1642-02-01 (토)","lunar":"1642-01-03","ganji":"임오(壬午)년 임인(壬寅)월 계유(癸酉)일"},{"solar":"1642-02-02 (일)","lunar":"1642-01-04","ganji":"임오(壬午)년 임인(壬寅)월 갑술(甲戌)일"},{"solar":"1642-02-03 (월)","lunar":"1642-01-05","ganji":"임오(壬午)년 임인(壬寅)월 을해(乙亥)일"},{"solar":"1642-02-04 (화)","lunar":"1642-01-06","ganji":"임오(壬午)년 임인(壬寅)월 병자(丙子)일"},{"solar":"1642-02-05 (수)","lunar":"1642-01-07","ganji":"임오(壬午)년 임인(壬寅)월 정축(丁丑)일"},{"solar":"1642-02-06 (목)","lunar":"1642-01-08","ganji":"임오(壬午)년 임인(壬寅)월 무인(戊寅)일"},{"solar":"1642-02-07 (금)","lunar":"1642-01-09","ganji":"임오(壬午)년 임인(壬寅)월 기묘(己卯)일"},{"solar":"1642-02-08 (토)","lunar":"1642-01-10","ganji":"임오(壬午)년 임인(壬寅)월 경진(庚辰)일"},{"solar":"1642-02-09 (일)","lunar":"1642-01-11","ganji":"임오(壬午)년 임인(壬寅)월 신사(辛巳)일"},{"solar":"1642-02-10 (월)","lunar":"1642-01-12","ganji":"임오(壬午)년 임인(壬寅)월 임오(壬午)일"},{"solar":"1642-02-11 (화)","lunar":"1642-01-13","ganji":"임오(壬午)년 임인(壬寅)월 계미(癸未)일"},{"solar":"1642-02-12 (수)","lunar":"1642-01-14","ganji":"임오(壬午)년 임인(壬寅)월 갑신(甲申)일"},{"solar":"1642-02-13 (목)","lunar":"1642-01-15","ganji":"임오(壬午)년 임인(壬寅)월 을유(乙酉)일"},{"solar":"1642-02-14 (금)","lunar":"1642-01-16","ganji":"임오(壬午)년 임인(壬寅)월 병술(丙戌)일"},{"solar":"1642-02-15 (토)","lunar":"1642-01-17","ganji":"임오(壬午)년 임인(壬寅)월 정해(丁亥)일"},{"solar":"1642-02-16 (일)","lunar":"1642-01-18","ganji":"임오(壬午)년 임인(壬寅)월 무자(戊子)일"},{"solar":"1642-02-17 (월)","lunar":"1642-01-19","ganji":"임오(壬午)년 임인(壬寅)월 기축(己丑)일"},{"solar":"1642-02-18 (화)","lunar":"1642-01-20","ganji":"임오(壬午)년 임인(壬寅)월 경인(庚寅)일"},{"solar":"1642-02-19 (수)","lunar":"1642-01-21","ganji":"임오(壬午)년 임인(壬寅)월 신묘(辛卯)일"},{"solar":"1642-02-20 (목)","lunar":"1642-01-22","ganji":"임오(壬午)년 임인(壬寅)월 임진(壬辰)일"},{"solar":"1642-02-21 (금)","lunar":"1642-01-23","ganji":"임오(壬午)년 임인(壬寅)월 계사(癸巳)일"},{"solar":"1642-02-22 (토)","lunar":"1642-01-24","ganji":"임오(壬午)년 임인(壬寅)월 갑오(甲午)일"},{"solar":"1642-02-23 (일)","lunar":"1642-01-25","ganji":"임오(壬午)년 임인(壬寅)월 을미(乙未)일"},{"solar":"1642-02-24 (월)","lunar":"1642-01-26","ganji":"임오(壬午)년 임인(壬寅)월 병신(丙申)일"},{"solar":"1642-02-25 (화)","lunar":"1642-01-27","ganji":"임오(壬午)년 임인(壬寅)월 정유(丁酉)일"},{"solar":"1642-02-26 (수)","lunar":"1642-01-28","ganji":"임오(壬午)년 임인(壬寅)월 무술(戊戌)일"},{"solar":"1642-02-27 (목)","lunar":"1642-01-29","ganji":"임오(壬午)년 임인(壬寅)월 기해(己亥)일"},{"solar":"1642-02-28 (금)","lunar":"1642-01-30","ganji":"임오(壬午)년 임인(壬寅)월 경자(庚子)일"},{"solar":"1642-03-01 (토)","lunar":"1642-02-01","ganji":"임오(壬午)년 계묘(癸卯)월 신축(辛丑)일"},{"solar":"1642-03-02 (일)","lunar":"1642-02-02","ganji":"임오(壬午)년 계묘(癸卯)월 임인(壬寅)일"},{"solar":"1642-03-03 (월)","lunar":"1642-02-03","ganji":"임오(壬午)년 계묘(癸卯)월 계묘(癸卯)일"},{"solar":"1642-03-04 (화)","lunar":"1642-02-04","ganji":"임오(壬午)년 계묘(癸卯)월 갑진(甲辰)일"},{"solar":"1642-03-05 (수)","lunar":"1642-02-05","ganji":"임오(壬午)년 계묘(癸卯)월 을사(乙巳)일"},{"solar":"1642-03-06 (목)","lunar":"1642-02-06","ganji":"임오(壬午)년 계묘(癸卯)월 병오(丙午)일"},{"solar":"1642-03-07 (금)","lunar":"1642-02-07","ganji":"임오(壬午)년 계묘(癸卯)월 정미(丁未)일"},{"solar":"1642-03-08 (토)","lunar":"1642-02-08","ganji":"임오(壬午)년 계묘(癸卯)월 무신(戊申)일"},{"solar":"1642-03-09 (일)","lunar":"1642-02-09","ganji":"임오(壬午)년 계묘(癸卯)월 기유(己酉)일"},{"solar":"1642-03-10 (월)","lunar":"1642-02-10","ganji":"임오(壬午)년 계묘(癸卯)월 경술(庚戌)일"},{"solar":"1642-03-11 (화)","lunar":"1642-02-11","ganji":"임오(壬午)년 계묘(癸卯)월 신해(辛亥)일"},{"solar":"1642-03-12 (수)","lunar":"1642-02-12","ganji":"임오(壬午)년 계묘(癸卯)월 임자(壬子)일"},{"solar":"1642-03-13 (목)","lunar":"1642-02-13","ganji":"임오(壬午)년 계묘(癸卯)월 계축(癸丑)일"},{"solar":"1642-03-14 (금)","lunar":"1642-02-14","ganji":"임오(壬午)년 계묘(癸卯)월 갑인(甲寅)일"},{"solar":"1642-03-15 (토)","lunar":"1642-02-15","ganji":"임오(壬午)년 계묘(癸卯)월 을묘(乙卯)일"},{"solar":"1642-03-16 (일)","lunar":"1642-02-16","ganji":"임오(壬午)년 계묘(癸卯)월 병진(丙辰)일"},{"solar":"1642-03-17 (월)","lunar":"1642-02-17","ganji":"임오(壬午)년 계묘(癸卯)월 정사(丁巳)일"},{"solar":"1642-03-18 (화)","lunar":"1642-02-18","ganji":"임오(壬午)년 계묘(癸卯)월 무오(戊午)일"},{"solar":"1642-03-19 (수)","lunar":"1642-02-19","ganji":"임오(壬午)년 계묘(癸卯)월 기미(己未)일"},{"solar":"1642-03-20 (목)","lunar":"1642-02-20","ganji":"임오(壬午)년 계묘(癸卯)월 경신(庚申)일"},{"solar":"1642-03-21 (금)","lunar":"1642-02-21","ganji":"임오(壬午)년 계묘(癸卯)월 신유(辛酉)일"},{"solar":"1642-03-22 (토)","lunar":"1642-02-22","ganji":"임오(壬午)년 계묘(癸卯)월 임술(壬戌)일"},{"solar":"1642-03-23 (일)","lunar":"1642-02-23","ganji":"임오(壬午)년 계묘(癸卯)월 계해(癸亥)일"},{"solar":"1642-03-24 (월)","lunar":"1642-02-24","ganji":"임오(壬午)년 계묘(癸卯)월 갑자(甲子)일"},{"solar":"1642-03-25 (화)","lunar":"1642-02-25","ganji":"임오(壬午)년 계묘(癸卯)월 을축(乙丑)일"},{"solar":"1642-03-26 (수)","lunar":"1642-02-26","ganji":"임오(壬午)년 계묘(癸卯)월 병인(丙寅)일"},{"solar":"1642-03-27 (목)","lunar":"1642-02-27","ganji":"임오(壬午)년 계묘(癸卯)월 정묘(丁卯)일"},{"solar":"1642-03-28 (금)","lunar":"1642-02-28","ganji":"임오(壬午)년 계묘(癸卯)월 무진(戊辰)일"},{"solar":"1642-03-29 (토)","lunar":"1642-02-29","ganji":"임오(壬午)년 계묘(癸卯)월 기사(己巳)일"},{"solar":"1642-03-30 (일)","lunar":"1642-03-01","ganji":"임오(壬午)년 갑진(甲辰)월 경오(庚午)일"},{"solar":"1642-03-31 (월)","lunar":"1642-03-02","ganji":"임오(壬午)년 갑진(甲辰)월 신미(辛未)일"},{"solar":"1642-04-01 (화)","lunar":"1642-03-03","ganji":"임오(壬午)년 갑진(甲辰)월 임신(壬申)일"},{"solar":"1642-04-02 (수)","lunar":"1642-03-04","ganji":"임오(壬午)년 갑진(甲辰)월 계유(癸酉)일"},{"solar":"1642-04-03 (목)","lunar":"1642-03-05","ganji":"임오(壬午)년 갑진(甲辰)월 갑술(甲戌)일"},{"solar":"1642-04-04 (금)","lunar":"1642-03-06","ganji":"임오(壬午)년 갑진(甲辰)월 을해(乙亥)일"},{"solar":"1642-04-05 (토)","lunar":"1642-03-07","ganji":"임오(壬午)년 갑진(甲辰)월 병자(丙子)일"},{"solar":"1642-04-06 (일)","lunar":"1642-03-08","ganji":"임오(壬午)년 갑진(甲辰)월 정축(丁丑)일"},{"solar":"1642-04-07 (월)","lunar":"1642-03-09","ganji":"임오(壬午)년 갑진(甲辰)월 무인(戊寅)일"},{"solar":"1642-04-08 (화)","lunar":"1642-03-10","ganji":"임오(壬午)년 갑진(甲辰)월 기묘(己卯)일"},{"solar":"1642-04-09 (수)","lunar":"1642-03-11","ganji":"임오(壬午)년 갑진(甲辰)월 경진(庚辰)일"},{"solar":"1642-04-10 (목)","lunar":"1642-03-12","ganji":"임오(壬午)년 갑진(甲辰)월 신사(辛巳)일"},{"solar":"1642-04-11 (금)","lunar":"1642-03-13","ganji":"임오(壬午)년 갑진(甲辰)월 임오(壬午)일"},{"solar":"1642-04-12 (토)","lunar":"1642-03-14","ganji":"임오(壬午)년 갑진(甲辰)월 계미(癸未)일"},{"solar":"1642-04-13 (일)","lunar":"1642-03-15","ganji":"임오(壬午)년 갑진(甲辰)월 갑신(甲申)일"},{"solar":"1642-04-14 (월)","lunar":"1642-03-16","ganji":"임오(壬午)년 갑진(甲辰)월 을유(乙酉)일"},{"solar":"1642-04-15 (화)","lunar":"1642-03-17","ganji":"임오(壬午)년 갑진(甲辰)월 병술(丙戌)일"},{"solar":"1642-04-16 (수)","lunar":"1642-03-18","ganji":"임오(壬午)년 갑진(甲辰)월 정해(丁亥)일"},{"solar":"1642-04-17 (목)","lunar":"1642-03-19","ganji":"임오(壬午)년 갑진(甲辰)월 무자(戊子)일"},{"solar":"1642-04-18 (금)","lunar":"1642-03-20","ganji":"임오(壬午)년 갑진(甲辰)월 기축(己丑)일"},{"solar":"1642-04-19 (토)","lunar":"1642-03-21","ganji":"임오(壬午)년 갑진(甲辰)월 경인(庚寅)일"},{"solar":"1642-04-20 (일)","lunar":"1642-03-22","ganji":"임오(壬午)년 갑진(甲辰)월 신묘(辛卯)일"},{"solar":"1642-04-21 (월)","lunar":"1642-03-23","ganji":"임오(壬午)년 갑진(甲辰)월 임진(壬辰)일"},{"solar":"1642-04-22 (화)","lunar":"1642-03-24","ganji":"임오(壬午)년 갑진(甲辰)월 계사(癸巳)일"},{"solar":"1642-04-23 (수)","lunar":"1642-03-25","ganji":"임오(壬午)년 갑진(甲辰)월 갑오(甲午)일"},{"solar":"1642-04-24 (목)","lunar":"1642-03-26","ganji":"임오(壬午)년 갑진(甲辰)월 을미(乙未)일"},{"solar":"1642-04-25 (금)","lunar":"1642-03-27","ganji":"임오(壬午)년 갑진(甲辰)월 병신(丙申)일"},{"solar":"1642-04-26 (토)","lunar":"1642-03-28","ganji":"임오(壬午)년 갑진(甲辰)월 정유(丁酉)일"},{"solar":"1642-04-27 (일)","lunar":"1642-03-29","ganji":"임오(壬午)년 갑진(甲辰)월 무술(戊戌)일"},{"solar":"1642-04-28 (월)","lunar":"1642-03-30","ganji":"임오(壬午)년 갑진(甲辰)월 기해(己亥)일"},{"solar":"1642-04-29 (화)","lunar":"1642-04-01","ganji":"임오(壬午)년 을사(乙巳)월 경자(庚子)일"},{"solar":"1642-04-30 (수)","lunar":"1642-04-02","ganji":"임오(壬午)년 을사(乙巳)월 신축(辛丑)일"},{"solar":"1642-05-01 (목)","lunar":"1642-04-03","ganji":"임오(壬午)년 을사(乙巳)월 임인(壬寅)일"},{"solar":"1642-05-02 (금)","lunar":"1642-04-04","ganji":"임오(壬午)년 을사(乙巳)월 계묘(癸卯)일"},{"solar":"1642-05-03 (토)","lunar":"1642-04-05","ganji":"임오(壬午)년 을사(乙巳)월 갑진(甲辰)일"},{"solar":"1642-05-04 (일)","lunar":"1642-04-06","ganji":"임오(壬午)년 을사(乙巳)월 을사(乙巳)일"},{"solar":"1642-05-05 (월)","lunar":"1642-04-07","ganji":"임오(壬午)년 을사(乙巳)월 병오(丙午)일"},{"solar":"1642-05-06 (화)","lunar":"1642-04-08","ganji":"임오(壬午)년 을사(乙巳)월 정미(丁未)일"},{"solar":"1642-05-07 (수)","lunar":"1642-04-09","ganji":"임오(壬午)년 을사(乙巳)월 무신(戊申)일"},{"solar":"1642-05-08 (목)","lunar":"1642-04-10","ganji":"임오(壬午)년 을사(乙巳)월 기유(己酉)일"},{"solar":"1642-05-09 (금)","lunar":"1642-04-11","ganji":"임오(壬午)년 을사(乙巳)월 경술(庚戌)일"},{"solar":"1642-05-10 (토)","lunar":"1642-04-12","ganji":"임오(壬午)년 을사(乙巳)월 신해(辛亥)일"},{"solar":"1642-05-11 (일)","lunar":"1642-04-13","ganji":"임오(壬午)년 을사(乙巳)월 임자(壬子)일"},{"solar":"1642-05-12 (월)","lunar":"1642-04-14","ganji":"임오(壬午)년 을사(乙巳)월 계축(癸丑)일"},{"solar":"1642-05-13 (화)","lunar":"1642-04-15","ganji":"임오(壬午)년 을사(乙巳)월 갑인(甲寅)일"},{"solar":"1642-05-14 (수)","lunar":"1642-04-16","ganji":"임오(壬午)년 을사(乙巳)월 을묘(乙卯)일"},{"solar":"1642-05-15 (목)","lunar":"1642-04-17","ganji":"임오(壬午)년 을사(乙巳)월 병진(丙辰)일"},{"solar":"1642-05-16 (금)","lunar":"1642-04-18","ganji":"임오(壬午)년 을사(乙巳)월 정사(丁巳)일"},{"solar":"1642-05-17 (토)","lunar":"1642-04-19","ganji":"임오(壬午)년 을사(乙巳)월 무오(戊午)일"},{"solar":"1642-05-18 (일)","lunar":"1642-04-20","ganji":"임오(壬午)년 을사(乙巳)월 기미(己未)일"},{"solar":"1642-05-19 (월)","lunar":"1642-04-21","ganji":"임오(壬午)년 을사(乙巳)월 경신(庚申)일"},{"solar":"1642-05-20 (화)","lunar":"1642-04-22","ganji":"임오(壬午)년 을사(乙巳)월 신유(辛酉)일"},{"solar":"1642-05-21 (수)","lunar":"1642-04-23","ganji":"임오(壬午)년 을사(乙巳)월 임술(壬戌)일"},{"solar":"1642-05-22 (목)","lunar":"1642-04-24","ganji":"임오(壬午)년 을사(乙巳)월 계해(癸亥)일"},{"solar":"1642-05-23 (금)","lunar":"1642-04-25","ganji":"임오(壬午)년 을사(乙巳)월 갑자(甲子)일"},{"solar":"1642-05-24 (토)","lunar":"1642-04-26","ganji":"임오(壬午)년 을사(乙巳)월 을축(乙丑)일"},{"solar":"1642-05-25 (일)","lunar":"1642-04-27","ganji":"임오(壬午)년 을사(乙巳)월 병인(丙寅)일"},{"solar":"1642-05-26 (월)","lunar":"1642-04-28","ganji":"임오(壬午)년 을사(乙巳)월 정묘(丁卯)일"},{"solar":"1642-05-27 (화)","lunar":"1642-04-29","ganji":"임오(壬午)년 을사(乙巳)월 무진(戊辰)일"},{"solar":"1642-05-28 (수)","lunar":"1642-05-01","ganji":"임오(壬午)년 병오(丙午)월 기사(己巳)일"},{"solar":"1642-05-29 (목)","lunar":"1642-05-02","ganji":"임오(壬午)년 병오(丙午)월 경오(庚午)일"},{"solar":"1642-05-30 (금)","lunar":"1642-05-03","ganji":"임오(壬午)년 병오(丙午)월 신미(辛未)일"},{"solar":"1642-05-31 (토)","lunar":"1642-05-04","ganji":"임오(壬午)년 병오(丙午)월 임신(壬申)일"},{"solar":"1642-06-01 (일)","lunar":"1642-05-05","ganji":"임오(壬午)년 병오(丙午)월 계유(癸酉)일"},{"solar":"1642-06-02 (월)","lunar":"1642-05-06","ganji":"임오(壬午)년 병오(丙午)월 갑술(甲戌)일"},{"solar":"1642-06-03 (화)","lunar":"1642-05-07","ganji":"임오(壬午)년 병오(丙午)월 을해(乙亥)일"},{"solar":"1642-06-04 (수)","lunar":"1642-05-08","ganji":"임오(壬午)년 병오(丙午)월 병자(丙子)일"},{"solar":"1642-06-05 (목)","lunar":"1642-05-09","ganji":"임오(壬午)년 병오(丙午)월 정축(丁丑)일"},{"solar":"1642-06-06 (금)","lunar":"1642-05-10","ganji":"임오(壬午)년 병오(丙午)월 무인(戊寅)일"},{"solar":"1642-06-07 (토)","lunar":"1642-05-11","ganji":"임오(壬午)년 병오(丙午)월 기묘(己卯)일"},{"solar":"1642-06-08 (일)","lunar":"1642-05-12","ganji":"임오(壬午)년 병오(丙午)월 경진(庚辰)일"},{"solar":"1642-06-09 (월)","lunar":"1642-05-13","ganji":"임오(壬午)년 병오(丙午)월 신사(辛巳)일"},{"solar":"1642-06-10 (화)","lunar":"1642-05-14","ganji":"임오(壬午)년 병오(丙午)월 임오(壬午)일"},{"solar":"1642-06-11 (수)","lunar":"1642-05-15","ganji":"임오(壬午)년 병오(丙午)월 계미(癸未)일"},{"solar":"1642-06-12 (목)","lunar":"1642-05-16","ganji":"임오(壬午)년 병오(丙午)월 갑신(甲申)일"},{"solar":"1642-06-13 (금)","lunar":"1642-05-17","ganji":"임오(壬午)년 병오(丙午)월 을유(乙酉)일"},{"solar":"1642-06-14 (토)","lunar":"1642-05-18","ganji":"임오(壬午)년 병오(丙午)월 병술(丙戌)일"},{"solar":"1642-06-15 (일)","lunar":"1642-05-19","ganji":"임오(壬午)년 병오(丙午)월 정해(丁亥)일"},{"solar":"1642-06-16 (월)","lunar":"1642-05-20","ganji":"임오(壬午)년 병오(丙午)월 무자(戊子)일"},{"solar":"1642-06-17 (화)","lunar":"1642-05-21","ganji":"임오(壬午)년 병오(丙午)월 기축(己丑)일"},{"solar":"1642-06-18 (수)","lunar":"1642-05-22","ganji":"임오(壬午)년 병오(丙午)월 경인(庚寅)일"},{"solar":"1642-06-19 (목)","lunar":"1642-05-23","ganji":"임오(壬午)년 병오(丙午)월 신묘(辛卯)일"},{"solar":"1642-06-20 (금)","lunar":"1642-05-24","ganji":"임오(壬午)년 병오(丙午)월 임진(壬辰)일"},{"solar":"1642-06-21 (토)","lunar":"1642-05-25","ganji":"임오(壬午)년 병오(丙午)월 계사(癸巳)일"},{"solar":"1642-06-22 (일)","lunar":"1642-05-26","ganji":"임오(壬午)년 병오(丙午)월 갑오(甲午)일"},{"solar":"1642-06-23 (월)","lunar":"1642-05-27","ganji":"임오(壬午)년 병오(丙午)월 을미(乙未)일"},{"solar":"1642-06-24 (화)","lunar":"1642-05-28","ganji":"임오(壬午)년 병오(丙午)월 병신(丙申)일"},{"solar":"1642-06-25 (수)","lunar":"1642-05-29","ganji":"임오(壬午)년 병오(丙午)월 정유(丁酉)일"},{"solar":"1642-06-26 (목)","lunar":"1642-05-30","ganji":"임오(壬午)년 병오(丙午)월 무술(戊戌)일"},{"solar":"1642-06-27 (금)","lunar":"1642-06-01","ganji":"임오(壬午)년 정미(丁未)월 기해(己亥)일"},{"solar":"1642-06-28 (토)","lunar":"1642-06-02","ganji":"임오(壬午)년 정미(丁未)월 경자(庚子)일"},{"solar":"1642-06-29 (일)","lunar":"1642-06-03","ganji":"임오(壬午)년 정미(丁未)월 신축(辛丑)일"},{"solar":"1642-06-30 (월)","lunar":"1642-06-04","ganji":"임오(壬午)년 정미(丁未)월 임인(壬寅)일"},{"solar":"1642-07-01 (화)","lunar":"1642-06-05","ganji":"임오(壬午)년 정미(丁未)월 계묘(癸卯)일"},{"solar":"1642-07-02 (수)","lunar":"1642-06-06","ganji":"임오(壬午)년 정미(丁未)월 갑진(甲辰)일"},{"solar":"1642-07-03 (목)","lunar":"1642-06-07","ganji":"임오(壬午)년 정미(丁未)월 을사(乙巳)일"},{"solar":"1642-07-04 (금)","lunar":"1642-06-08","ganji":"임오(壬午)년 정미(丁未)월 병오(丙午)일"},{"solar":"1642-07-05 (토)","lunar":"1642-06-09","ganji":"임오(壬午)년 정미(丁未)월 정미(丁未)일"},{"solar":"1642-07-06 (일)","lunar":"1642-06-10","ganji":"임오(壬午)년 정미(丁未)월 무신(戊申)일"},{"solar":"1642-07-07 (월)","lunar":"1642-06-11","ganji":"임오(壬午)년 정미(丁未)월 기유(己酉)일"},{"solar":"1642-07-08 (화)","lunar":"1642-06-12","ganji":"임오(壬午)년 정미(丁未)월 경술(庚戌)일"},{"solar":"1642-07-09 (수)","lunar":"1642-06-13","ganji":"임오(壬午)년 정미(丁未)월 신해(辛亥)일"},{"solar":"1642-07-10 (목)","lunar":"1642-06-14","ganji":"임오(壬午)년 정미(丁未)월 임자(壬子)일"},{"solar":"1642-07-11 (금)","lunar":"1642-06-15","ganji":"임오(壬午)년 정미(丁未)월 계축(癸丑)일"},{"solar":"1642-07-12 (토)","lunar":"1642-06-16","ganji":"임오(壬午)년 정미(丁未)월 갑인(甲寅)일"},{"solar":"1642-07-13 (일)","lunar":"1642-06-17","ganji":"임오(壬午)년 정미(丁未)월 을묘(乙卯)일"},{"solar":"1642-07-14 (월)","lunar":"1642-06-18","ganji":"임오(壬午)년 정미(丁未)월 병진(丙辰)일"},{"solar":"1642-07-15 (화)","lunar":"1642-06-19","ganji":"임오(壬午)년 정미(丁未)월 정사(丁巳)일"},{"solar":"1642-07-16 (수)","lunar":"1642-06-20","ganji":"임오(壬午)년 정미(丁未)월 무오(戊午)일"},{"solar":"1642-07-17 (목)","lunar":"1642-06-21","ganji":"임오(壬午)년 정미(丁未)월 기미(己未)일"},{"solar":"1642-07-18 (금)","lunar":"1642-06-22","ganji":"임오(壬午)년 정미(丁未)월 경신(庚申)일"},{"solar":"1642-07-19 (토)","lunar":"1642-06-23","ganji":"임오(壬午)년 정미(丁未)월 신유(辛酉)일"},{"solar":"1642-07-20 (일)","lunar":"1642-06-24","ganji":"임오(壬午)년 정미(丁未)월 임술(壬戌)일"},{"solar":"1642-07-21 (월)","lunar":"1642-06-25","ganji":"임오(壬午)년 정미(丁未)월 계해(癸亥)일"},{"solar":"1642-07-22 (화)","lunar":"1642-06-26","ganji":"임오(壬午)년 정미(丁未)월 갑자(甲子)일"},{"solar":"1642-07-23 (수)","lunar":"1642-06-27","ganji":"임오(壬午)년 정미(丁未)월 을축(乙丑)일"},{"solar":"1642-07-24 (목)","lunar":"1642-06-28","ganji":"임오(壬午)년 정미(丁未)월 병인(丙寅)일"},{"solar":"1642-07-25 (금)","lunar":"1642-06-29","ganji":"임오(壬午)년 정미(丁未)월 정묘(丁卯)일"},{"solar":"1642-07-26 (토)","lunar":"1642-06-30","ganji":"임오(壬午)년 정미(丁未)월 무진(戊辰)일"},{"solar":"1642-07-27 (일)","lunar":"1642-07-01","ganji":"임오(壬午)년 무신(戊申)월 기사(己巳)일"},{"solar":"1642-07-28 (월)","lunar":"1642-07-02","ganji":"임오(壬午)년 무신(戊申)월 경오(庚午)일"},{"solar":"1642-07-29 (화)","lunar":"1642-07-03","ganji":"임오(壬午)년 무신(戊申)월 신미(辛未)일"},{"solar":"1642-07-30 (수)","lunar":"1642-07-04","ganji":"임오(壬午)년 무신(戊申)월 임신(壬申)일"},{"solar":"1642-07-31 (목)","lunar":"1642-07-05","ganji":"임오(壬午)년 무신(戊申)월 계유(癸酉)일"},{"solar":"1642-08-01 (금)","lunar":"1642-07-06","ganji":"임오(壬午)년 무신(戊申)월 갑술(甲戌)일"},{"solar":"1642-08-02 (토)","lunar":"1642-07-07","ganji":"임오(壬午)년 무신(戊申)월 을해(乙亥)일"},{"solar":"1642-08-03 (일)","lunar":"1642-07-08","ganji":"임오(壬午)년 무신(戊申)월 병자(丙子)일"},{"solar":"1642-08-04 (월)","lunar":"1642-07-09","ganji":"임오(壬午)년 무신(戊申)월 정축(丁丑)일"},{"solar":"1642-08-05 (화)","lunar":"1642-07-10","ganji":"임오(壬午)년 무신(戊申)월 무인(戊寅)일"},{"solar":"1642-08-06 (수)","lunar":"1642-07-11","ganji":"임오(壬午)년 무신(戊申)월 기묘(己卯)일"},{"solar":"1642-08-07 (목)","lunar":"1642-07-12","ganji":"임오(壬午)년 무신(戊申)월 경진(庚辰)일"},{"solar":"1642-08-08 (금)","lunar":"1642-07-13","ganji":"임오(壬午)년 무신(戊申)월 신사(辛巳)일"},{"solar":"1642-08-09 (토)","lunar":"1642-07-14","ganji":"임오(壬午)년 무신(戊申)월 임오(壬午)일"},{"solar":"1642-08-10 (일)","lunar":"1642-07-15","ganji":"임오(壬午)년 무신(戊申)월 계미(癸未)일"},{"solar":"1642-08-11 (월)","lunar":"1642-07-16","ganji":"임오(壬午)년 무신(戊申)월 갑신(甲申)일"},{"solar":"1642-08-12 (화)","lunar":"1642-07-17","ganji":"임오(壬午)년 무신(戊申)월 을유(乙酉)일"},{"solar":"1642-08-13 (수)","lunar":"1642-07-18","ganji":"임오(壬午)년 무신(戊申)월 병술(丙戌)일"},{"solar":"1642-08-14 (목)","lunar":"1642-07-19","ganji":"임오(壬午)년 무신(戊申)월 정해(丁亥)일"},{"solar":"1642-08-15 (금)","lunar":"1642-07-20","ganji":"임오(壬午)년 무신(戊申)월 무자(戊子)일"},{"solar":"1642-08-16 (토)","lunar":"1642-07-21","ganji":"임오(壬午)년 무신(戊申)월 기축(己丑)일"},{"solar":"1642-08-17 (일)","lunar":"1642-07-22","ganji":"임오(壬午)년 무신(戊申)월 경인(庚寅)일"},{"solar":"1642-08-18 (월)","lunar":"1642-07-23","ganji":"임오(壬午)년 무신(戊申)월 신묘(辛卯)일"},{"solar":"1642-08-19 (화)","lunar":"1642-07-24","ganji":"임오(壬午)년 무신(戊申)월 임진(壬辰)일"},{"solar":"1642-08-20 (수)","lunar":"1642-07-25","ganji":"임오(壬午)년 무신(戊申)월 계사(癸巳)일"},{"solar":"1642-08-21 (목)","lunar":"1642-07-26","ganji":"임오(壬午)년 무신(戊申)월 갑오(甲午)일"},{"solar":"1642-08-22 (금)","lunar":"1642-07-27","ganji":"임오(壬午)년 무신(戊申)월 을미(乙未)일"},{"solar":"1642-08-23 (토)","lunar":"1642-07-28","ganji":"임오(壬午)년 무신(戊申)월 병신(丙申)일"},{"solar":"1642-08-24 (일)","lunar":"1642-07-29","ganji":"임오(壬午)년 무신(戊申)월 정유(丁酉)일"},{"solar":"1642-08-25 (월)","lunar":"1642-08-01","ganji":"임오(壬午)년 기유(己酉)월 무술(戊戌)일"},{"solar":"1642-08-26 (화)","lunar":"1642-08-02","ganji":"임오(壬午)년 기유(己酉)월 기해(己亥)일"},{"solar":"1642-08-27 (수)","lunar":"1642-08-03","ganji":"임오(壬午)년 기유(己酉)월 경자(庚子)일"},{"solar":"1642-08-28 (목)","lunar":"1642-08-04","ganji":"임오(壬午)년 기유(己酉)월 신축(辛丑)일"},{"solar":"1642-08-29 (금)","lunar":"1642-08-05","ganji":"임오(壬午)년 기유(己酉)월 임인(壬寅)일"},{"solar":"1642-08-30 (토)","lunar":"1642-08-06","ganji":"임오(壬午)년 기유(己酉)월 계묘(癸卯)일"},{"solar":"1642-08-31 (일)","lunar":"1642-08-07","ganji":"임오(壬午)년 기유(己酉)월 갑진(甲辰)일"},{"solar":"1642-09-01 (월)","lunar":"1642-08-08","ganji":"임오(壬午)년 기유(己酉)월 을사(乙巳)일"},{"solar":"1642-09-02 (화)","lunar":"1642-08-09","ganji":"임오(壬午)년 기유(己酉)월 병오(丙午)일"},{"solar":"1642-09-03 (수)","lunar":"1642-08-10","ganji":"임오(壬午)년 기유(己酉)월 정미(丁未)일"},{"solar":"1642-09-04 (목)","lunar":"1642-08-11","ganji":"임오(壬午)년 기유(己酉)월 무신(戊申)일"},{"solar":"1642-09-05 (금)","lunar":"1642-08-12","ganji":"임오(壬午)년 기유(己酉)월 기유(己酉)일"},{"solar":"1642-09-06 (토)","lunar":"1642-08-13","ganji":"임오(壬午)년 기유(己酉)월 경술(庚戌)일"},{"solar":"1642-09-07 (일)","lunar":"1642-08-14","ganji":"임오(壬午)년 기유(己酉)월 신해(辛亥)일"},{"solar":"1642-09-08 (월)","lunar":"1642-08-15","ganji":"임오(壬午)년 기유(己酉)월 임자(壬子)일"},{"solar":"1642-09-09 (화)","lunar":"1642-08-16","ganji":"임오(壬午)년 기유(己酉)월 계축(癸丑)일"},{"solar":"1642-09-10 (수)","lunar":"1642-08-17","ganji":"임오(壬午)년 기유(己酉)월 갑인(甲寅)일"},{"solar":"1642-09-11 (목)","lunar":"1642-08-18","ganji":"임오(壬午)년 기유(己酉)월 을묘(乙卯)일"},{"solar":"1642-09-12 (금)","lunar":"1642-08-19","ganji":"임오(壬午)년 기유(己酉)월 병진(丙辰)일"},{"solar":"1642-09-13 (토)","lunar":"1642-08-20","ganji":"임오(壬午)년 기유(己酉)월 정사(丁巳)일"},{"solar":"1642-09-14 (일)","lunar":"1642-08-21","ganji":"임오(壬午)년 기유(己酉)월 무오(戊午)일"},{"solar":"1642-09-15 (월)","lunar":"1642-08-22","ganji":"임오(壬午)년 기유(己酉)월 기미(己未)일"},{"solar":"1642-09-16 (화)","lunar":"1642-08-23","ganji":"임오(壬午)년 기유(己酉)월 경신(庚申)일"},{"solar":"1642-09-17 (수)","lunar":"1642-08-24","ganji":"임오(壬午)년 기유(己酉)월 신유(辛酉)일"},{"solar":"1642-09-18 (목)","lunar":"1642-08-25","ganji":"임오(壬午)년 기유(己酉)월 임술(壬戌)일"},{"solar":"1642-09-19 (금)","lunar":"1642-08-26","ganji":"임오(壬午)년 기유(己酉)월 계해(癸亥)일"},{"solar":"1642-09-20 (토)","lunar":"1642-08-27","ganji":"임오(壬午)년 기유(己酉)월 갑자(甲子)일"},{"solar":"1642-09-21 (일)","lunar":"1642-08-28","ganji":"임오(壬午)년 기유(己酉)월 을축(乙丑)일"},{"solar":"1642-09-22 (월)","lunar":"1642-08-29","ganji":"임오(壬午)년 기유(己酉)월 병인(丙寅)일"},{"solar":"1642-09-23 (화)","lunar":"1642-08-30","ganji":"임오(壬午)년 기유(己酉)월 정묘(丁卯)일"},{"solar":"1642-09-24 (수)","lunar":"1642-09-01","ganji":"임오(壬午)년 경술(庚戌)월 무진(戊辰)일"},{"solar":"1642-09-25 (목)","lunar":"1642-09-02","ganji":"임오(壬午)년 경술(庚戌)월 기사(己巳)일"},{"solar":"1642-09-26 (금)","lunar":"1642-09-03","ganji":"임오(壬午)년 경술(庚戌)월 경오(庚午)일"},{"solar":"1642-09-27 (토)","lunar":"1642-09-04","ganji":"임오(壬午)년 경술(庚戌)월 신미(辛未)일"},{"solar":"1642-09-28 (일)","lunar":"1642-09-05","ganji":"임오(壬午)년 경술(庚戌)월 임신(壬申)일"},{"solar":"1642-09-29 (월)","lunar":"1642-09-06","ganji":"임오(壬午)년 경술(庚戌)월 계유(癸酉)일"},{"solar":"1642-09-30 (화)","lunar":"1642-09-07","ganji":"임오(壬午)년 경술(庚戌)월 갑술(甲戌)일"},{"solar":"1642-10-01 (수)","lunar":"1642-09-08","ganji":"임오(壬午)년 경술(庚戌)월 을해(乙亥)일"},{"solar":"1642-10-02 (목)","lunar":"1642-09-09","ganji":"임오(壬午)년 경술(庚戌)월 병자(丙子)일"},{"solar":"1642-10-03 (금)","lunar":"1642-09-10","ganji":"임오(壬午)년 경술(庚戌)월 정축(丁丑)일"},{"solar":"1642-10-04 (토)","lunar":"1642-09-11","ganji":"임오(壬午)년 경술(庚戌)월 무인(戊寅)일"},{"solar":"1642-10-05 (일)","lunar":"1642-09-12","ganji":"임오(壬午)년 경술(庚戌)월 기묘(己卯)일"},{"solar":"1642-10-06 (월)","lunar":"1642-09-13","ganji":"임오(壬午)년 경술(庚戌)월 경진(庚辰)일"},{"solar":"1642-10-07 (화)","lunar":"1642-09-14","ganji":"임오(壬午)년 경술(庚戌)월 신사(辛巳)일"},{"solar":"1642-10-08 (수)","lunar":"1642-09-15","ganji":"임오(壬午)년 경술(庚戌)월 임오(壬午)일"},{"solar":"1642-10-09 (목)","lunar":"1642-09-16","ganji":"임오(壬午)년 경술(庚戌)월 계미(癸未)일"},{"solar":"1642-10-10 (금)","lunar":"1642-09-17","ganji":"임오(壬午)년 경술(庚戌)월 갑신(甲申)일"},{"solar":"1642-10-11 (토)","lunar":"1642-09-18","ganji":"임오(壬午)년 경술(庚戌)월 을유(乙酉)일"},{"solar":"1642-10-12 (일)","lunar":"1642-09-19","ganji":"임오(壬午)년 경술(庚戌)월 병술(丙戌)일"},{"solar":"1642-10-13 (월)","lunar":"1642-09-20","ganji":"임오(壬午)년 경술(庚戌)월 정해(丁亥)일"},{"solar":"1642-10-14 (화)","lunar":"1642-09-21","ganji":"임오(壬午)년 경술(庚戌)월 무자(戊子)일"},{"solar":"1642-10-15 (수)","lunar":"1642-09-22","ganji":"임오(壬午)년 경술(庚戌)월 기축(己丑)일"},{"solar":"1642-10-16 (목)","lunar":"1642-09-23","ganji":"임오(壬午)년 경술(庚戌)월 경인(庚寅)일"},{"solar":"1642-10-17 (금)","lunar":"1642-09-24","ganji":"임오(壬午)년 경술(庚戌)월 신묘(辛卯)일"},{"solar":"1642-10-18 (토)","lunar":"1642-09-25","ganji":"임오(壬午)년 경술(庚戌)월 임진(壬辰)일"},{"solar":"1642-10-19 (일)","lunar":"1642-09-26","ganji":"임오(壬午)년 경술(庚戌)월 계사(癸巳)일"},{"solar":"1642-10-20 (월)","lunar":"1642-09-27","ganji":"임오(壬午)년 경술(庚戌)월 갑오(甲午)일"},{"solar":"1642-10-21 (화)","lunar":"1642-09-28","ganji":"임오(壬午)년 경술(庚戌)월 을미(乙未)일"},{"solar":"1642-10-22 (수)","lunar":"1642-09-29","ganji":"임오(壬午)년 경술(庚戌)월 병신(丙申)일"},{"solar":"1642-10-23 (목)","lunar":"1642-09-30","ganji":"임오(壬午)년 경술(庚戌)월 정유(丁酉)일"},{"solar":"1642-10-24 (금)","lunar":"1642-10-01","ganji":"임오(壬午)년 신해(辛亥)월 무술(戊戌)일"},{"solar":"1642-10-25 (토)","lunar":"1642-10-02","ganji":"임오(壬午)년 신해(辛亥)월 기해(己亥)일"},{"solar":"1642-10-26 (일)","lunar":"1642-10-03","ganji":"임오(壬午)년 신해(辛亥)월 경자(庚子)일"},{"solar":"1642-10-27 (월)","lunar":"1642-10-04","ganji":"임오(壬午)년 신해(辛亥)월 신축(辛丑)일"},{"solar":"1642-10-28 (화)","lunar":"1642-10-05","ganji":"임오(壬午)년 신해(辛亥)월 임인(壬寅)일"},{"solar":"1642-10-29 (수)","lunar":"1642-10-06","ganji":"임오(壬午)년 신해(辛亥)월 계묘(癸卯)일"},{"solar":"1642-10-30 (목)","lunar":"1642-10-07","ganji":"임오(壬午)년 신해(辛亥)월 갑진(甲辰)일"},{"solar":"1642-10-31 (금)","lunar":"1642-10-08","ganji":"임오(壬午)년 신해(辛亥)월 을사(乙巳)일"},{"solar":"1642-11-01 (토)","lunar":"1642-10-09","ganji":"임오(壬午)년 신해(辛亥)월 병오(丙午)일"},{"solar":"1642-11-02 (일)","lunar":"1642-10-10","ganji":"임오(壬午)년 신해(辛亥)월 정미(丁未)일"},{"solar":"1642-11-03 (월)","lunar":"1642-10-11","ganji":"임오(壬午)년 신해(辛亥)월 무신(戊申)일"},{"solar":"1642-11-04 (화)","lunar":"1642-10-12","ganji":"임오(壬午)년 신해(辛亥)월 기유(己酉)일"},{"solar":"1642-11-05 (수)","lunar":"1642-10-13","ganji":"임오(壬午)년 신해(辛亥)월 경술(庚戌)일"},{"solar":"1642-11-06 (목)","lunar":"1642-10-14","ganji":"임오(壬午)년 신해(辛亥)월 신해(辛亥)일"},{"solar":"1642-11-07 (금)","lunar":"1642-10-15","ganji":"임오(壬午)년 신해(辛亥)월 임자(壬子)일"},{"solar":"1642-11-08 (토)","lunar":"1642-10-16","ganji":"임오(壬午)년 신해(辛亥)월 계축(癸丑)일"},{"solar":"1642-11-09 (일)","lunar":"1642-10-17","ganji":"임오(壬午)년 신해(辛亥)월 갑인(甲寅)일"},{"solar":"1642-11-10 (월)","lunar":"1642-10-18","ganji":"임오(壬午)년 신해(辛亥)월 을묘(乙卯)일"},{"solar":"1642-11-11 (화)","lunar":"1642-10-19","ganji":"임오(壬午)년 신해(辛亥)월 병진(丙辰)일"},{"solar":"1642-11-12 (수)","lunar":"1642-10-20","ganji":"임오(壬午)년 신해(辛亥)월 정사(丁巳)일"},{"solar":"1642-11-13 (목)","lunar":"1642-10-21","ganji":"임오(壬午)년 신해(辛亥)월 무오(戊午)일"},{"solar":"1642-11-14 (금)","lunar":"1642-10-22","ganji":"임오(壬午)년 신해(辛亥)월 기미(己未)일"},{"solar":"1642-11-15 (토)","lunar":"1642-10-23","ganji":"임오(壬午)년 신해(辛亥)월 경신(庚申)일"},{"solar":"1642-11-16 (일)","lunar":"1642-10-24","ganji":"임오(壬午)년 신해(辛亥)월 신유(辛酉)일"},{"solar":"1642-11-17 (월)","lunar":"1642-10-25","ganji":"임오(壬午)년 신해(辛亥)월 임술(壬戌)일"},{"solar":"1642-11-18 (화)","lunar":"1642-10-26","ganji":"임오(壬午)년 신해(辛亥)월 계해(癸亥)일"},{"solar":"1642-11-19 (수)","lunar":"1642-10-27","ganji":"임오(壬午)년 신해(辛亥)월 갑자(甲子)일"},{"solar":"1642-11-20 (목)","lunar":"1642-10-28","ganji":"임오(壬午)년 신해(辛亥)월 을축(乙丑)일"},{"solar":"1642-11-21 (금)","lunar":"1642-10-29","ganji":"임오(壬午)년 신해(辛亥)월 병인(丙寅)일"},{"solar":"1642-11-22 (토)","lunar":"1642-11-01","ganji":"임오(壬午)년 임자(壬子)월 정묘(丁卯)일"},{"solar":"1642-11-23 (일)","lunar":"1642-11-02","ganji":"임오(壬午)년 임자(壬子)월 무진(戊辰)일"},{"solar":"1642-11-24 (월)","lunar":"1642-11-03","ganji":"임오(壬午)년 임자(壬子)월 기사(己巳)일"},{"solar":"1642-11-25 (화)","lunar":"1642-11-04","ganji":"임오(壬午)년 임자(壬子)월 경오(庚午)일"},{"solar":"1642-11-26 (수)","lunar":"1642-11-05","ganji":"임오(壬午)년 임자(壬子)월 신미(辛未)일"},{"solar":"1642-11-27 (목)","lunar":"1642-11-06","ganji":"임오(壬午)년 임자(壬子)월 임신(壬申)일"},{"solar":"1642-11-28 (금)","lunar":"1642-11-07","ganji":"임오(壬午)년 임자(壬子)월 계유(癸酉)일"},{"solar":"1642-11-29 (토)","lunar":"1642-11-08","ganji":"임오(壬午)년 임자(壬子)월 갑술(甲戌)일"},{"solar":"1642-11-30 (일)","lunar":"1642-11-09","ganji":"임오(壬午)년 임자(壬子)월 을해(乙亥)일"},{"solar":"1642-12-01 (월)","lunar":"1642-11-10","ganji":"임오(壬午)년 임자(壬子)월 병자(丙子)일"},{"solar":"1642-12-02 (화)","lunar":"1642-11-11","ganji":"임오(壬午)년 임자(壬子)월 정축(丁丑)일"},{"solar":"1642-12-03 (수)","lunar":"1642-11-12","ganji":"임오(壬午)년 임자(壬子)월 무인(戊寅)일"},{"solar":"1642-12-04 (목)","lunar":"1642-11-13","ganji":"임오(壬午)년 임자(壬子)월 기묘(己卯)일"},{"solar":"1642-12-05 (금)","lunar":"1642-11-14","ganji":"임오(壬午)년 임자(壬子)월 경진(庚辰)일"},{"solar":"1642-12-06 (토)","lunar":"1642-11-15","ganji":"임오(壬午)년 임자(壬子)월 신사(辛巳)일"},{"solar":"1642-12-07 (일)","lunar":"1642-11-16","ganji":"임오(壬午)년 임자(壬子)월 임오(壬午)일"},{"solar":"1642-12-08 (월)","lunar":"1642-11-17","ganji":"임오(壬午)년 임자(壬子)월 계미(癸未)일"},{"solar":"1642-12-09 (화)","lunar":"1642-11-18","ganji":"임오(壬午)년 임자(壬子)월 갑신(甲申)일"},{"solar":"1642-12-10 (수)","lunar":"1642-11-19","ganji":"임오(壬午)년 임자(壬子)월 을유(乙酉)일"},{"solar":"1642-12-11 (목)","lunar":"1642-11-20","ganji":"임오(壬午)년 임자(壬子)월 병술(丙戌)일"},{"solar":"1642-12-12 (금)","lunar":"1642-11-21","ganji":"임오(壬午)년 임자(壬子)월 정해(丁亥)일"},{"solar":"1642-12-13 (토)","lunar":"1642-11-22","ganji":"임오(壬午)년 임자(壬子)월 무자(戊子)일"},{"solar":"1642-12-14 (일)","lunar":"1642-11-23","ganji":"임오(壬午)년 임자(壬子)월 기축(己丑)일"},{"solar":"1642-12-15 (월)","lunar":"1642-11-24","ganji":"임오(壬午)년 임자(壬子)월 경인(庚寅)일"},{"solar":"1642-12-16 (화)","lunar":"1642-11-25","ganji":"임오(壬午)년 임자(壬子)월 신묘(辛卯)일"},{"solar":"1642-12-17 (수)","lunar":"1642-11-26","ganji":"임오(壬午)년 임자(壬子)월 임진(壬辰)일"},{"solar":"1642-12-18 (목)","lunar":"1642-11-27","ganji":"임오(壬午)년 임자(壬子)월 계사(癸巳)일"},{"solar":"1642-12-19 (금)","lunar":"1642-11-28","ganji":"임오(壬午)년 임자(壬子)월 갑오(甲午)일"},{"solar":"1642-12-20 (토)","lunar":"1642-11-29","ganji":"임오(壬午)년 임자(壬子)월 을미(乙未)일"},{"solar":"1642-12-21 (일)","lunar":"1642-11-30","ganji":"임오(壬午)년 임자(壬子)월 병신(丙申)일"},{"solar":"1642-12-22 (월)","lunar":"1642-11-01 (윤)","ganji":"임오(壬午)년 정유(丁酉)일"},{"solar":"1642-12-23 (화)","lunar":"1642-11-02 (윤)","ganji":"임오(壬午)년 무술(戊戌)일"},{"solar":"1642-12-24 (수)","lunar":"1642-11-03 (윤)","ganji":"임오(壬午)년 기해(己亥)일"},{"solar":"1642-12-25 (목)","lunar":"1642-11-04 (윤)","ganji":"임오(壬午)년 경자(庚子)일"},{"solar":"1642-12-26 (금)","lunar":"1642-11-05 (윤)","ganji":"임오(壬午)년 신축(辛丑)일"},{"solar":"1642-12-27 (토)","lunar":"1642-11-06 (윤)","ganji":"임오(壬午)년 임인(壬寅)일"},{"solar":"1642-12-28 (일)","lunar":"1642-11-07 (윤)","ganji":"임오(壬午)년 계묘(癸卯)일"},{"solar":"1642-12-29 (월)","lunar":"1642-11-08 (윤)","ganji":"임오(壬午)년 갑진(甲辰)일"},{"solar":"1642-12-30 (화)","lunar":"1642-11-09 (윤)","ganji":"임오(壬午)년 을사(乙巳)일"},{"solar":"1642-12-31 (수)","lunar":"1642-11-10 (윤)","ganji":"임오(壬午)년 병오(丙午)일"}]