[{"solar":"1813-01-01 (금)","lunar":"1812-11-29","ganji":"임신(壬申)년 임자(壬子)월 무술(戊戌)일"},{"solar":"1813-01-02 (토)","lunar":"1812-11-30","ganji":"임신(壬申)년 임자(壬子)월 기해(己亥)일"},{"solar":"1813-01-03 (일)","lunar":"1812-12-01","ganji":"임신(壬申)년 계축(癸丑)월 경자(庚子)일"},{"solar":"1813-01-04 (월)","lunar":"1812-12-02","ganji":"임신(壬申)년 계축(癸丑)월 신축(辛丑)일"},{"solar":"1813-01-05 (화)","lunar":"1812-12-03","ganji":"임신(壬申)년 계축(癸丑)월 임인(壬寅)일"},{"solar":"1813-01-06 (수)","lunar":"1812-12-04","ganji":"임신(壬申)년 계축(癸丑)월 계묘(癸卯)일"},{"solar":"1813-01-07 (목)","lunar":"1812-12-05","ganji":"임신(壬申)년 계축(癸丑)월 갑진(甲辰)일"},{"solar":"1813-01-08 (금)","lunar":"1812-12-06","ganji":"임신(壬申)년 계축(癸丑)월 을사(乙巳)일"},{"solar":"1813-01-09 (토)","lunar":"1812-12-07","ganji":"임신(壬申)년 계축(癸丑)월 병오(丙午)일"},{"solar":"1813-01-10 (일)","lunar":"1812-12-08","ganji":"임신(壬申)년 계축(癸丑)월 정미(丁未)일"},{"solar":"1813-01-11 (월)","lunar":"1812-12-09","ganji":"임신(壬申)년 계축(癸丑)월 무신(戊申)일"},{"solar":"1813-01-12 (화)","lunar":"1812-12-10","ganji":"임신(壬申)년 계축(癸丑)월 기유(己酉)일"},{"solar":"1813-01-13 (수)","lunar":"1812-12-11","ganji":"임신(壬申)년 계축(癸丑)월 경술(庚戌)일"},{"solar":"1813-01-14 (목)","lunar":"1812-12-12","ganji":"임신(壬申)년 계축(癸丑)월 신해(辛亥)일"},{"solar":"1813-01-15 (금)","lunar":"1812-12-13","ganji":"임신(壬申)년 계축(癸丑)월 임자(壬子)일"},{"solar":"1813-01-16 (토)","lunar":"1812-12-14","ganji":"임신(壬申)년 계축(癸丑)월 계축(癸丑)일"},{"solar":"1813-01-17 (일)","lunar":"1812-12-15","ganji":"임신(壬申)년 계축(癸丑)월 갑인(甲寅)일"},{"solar":"1813-01-18 (월)","lunar":"1812-12-16","ganji":"임신(壬申)년 계축(癸丑)월 을묘(乙卯)일"},{"solar":"1813-01-19 (화)","lunar":"1812-12-17","ganji":"임신(壬申)년 계축(癸丑)월 병진(丙辰)일"},{"solar":"1813-01-20 (수)","lunar":"1812-12-18","ganji":"임신(壬申)년 계축(癸丑)월 정사(丁巳)일"},{"solar":"1813-01-21 (목)","lunar":"1812-12-19","ganji":"임신(壬申)년 계축(癸丑)월 무오(戊午)일"},{"solar":"1813-01-22 (금)","lunar":"1812-12-20","ganji":"임신(壬申)년 계축(癸丑)월 기미(己未)일"},{"solar":"1813-01-23 (토)","lunar":"1812-12-21","ganji":"임신(壬申)년 계축(癸丑)월 경신(庚申)일"},{"solar":"1813-01-24 (일)","lunar":"1812-12-22","ganji":"임신(壬申)년 계축(癸丑)월 신유(辛酉)일"},{"solar":"1813-01-25 (월)","lunar":"1812-12-23","ganji":"임신(壬申)년 계축(癸丑)월 임술(壬戌)일"},{"solar":"1813-01-26 (화)","lunar":"1812-12-24","ganji":"임신(壬申)년 계축(癸丑)월 계해(癸亥)일"},{"solar":"1813-01-27 (수)","lunar":"1812-12-25","ganji":"임신(壬申)년 계축(癸丑)월 갑자(甲子)일"},{"solar":"1813-01-28 (목)","lunar":"1812-12-26","ganji":"임신(壬申)년 계축(癸丑)월 을축(乙丑)일"},{"solar":"1813-01-29 (금)","lunar":"1812-12-27","ganji":"임신(壬申)년 계축(癸丑)월 병인(丙寅)일"},{"solar":"1813-01-30 (토)","lunar":"1812-12-28","ganji":"임신(壬申)년 계축(癸丑)월 정묘(丁卯)일"},{"solar":"1813-01-31 (일)","lunar":"1812-12-29","ganji":"임신(壬申)년 계축(癸丑)월 무진(戊辰)일"},{"solar":"1813-02-01 (월)","lunar":"1813-01-01","ganji":"계유(癸酉)년 갑인(甲寅)월 기사(己巳)일"},{"solar":"1813-02-02 (화)","lunar":"1813-01-02","ganji":"계유(癸酉)년 갑인(甲寅)월 경오(庚午)일"},{"solar":"1813-02-03 (수)","lunar":"1813-01-03","ganji":"계유(癸酉)년 갑인(甲寅)월 신미(辛未)일"},{"solar":"1813-02-04 (목)","lunar":"1813-01-04","ganji":"계유(癸酉)년 갑인(甲寅)월 임신(壬申)일"},{"solar":"1813-02-05 (금)","lunar":"1813-01-05","ganji":"계유(癸酉)년 갑인(甲寅)월 계유(癸酉)일"},{"solar":"1813-02-06 (토)","lunar":"1813-01-06","ganji":"계유(癸酉)년 갑인(甲寅)월 갑술(甲戌)일"},{"solar":"1813-02-07 (일)","lunar":"1813-01-07","ganji":"계유(癸酉)년 갑인(甲寅)월 을해(乙亥)일"},{"solar":"1813-02-08 (월)","lunar":"1813-01-08","ganji":"계유(癸酉)년 갑인(甲寅)월 병자(丙子)일"},{"solar":"1813-02-09 (화)","lunar":"1813-01-09","ganji":"계유(癸酉)년 갑인(甲寅)월 정축(丁丑)일"},{"solar":"1813-02-10 (수)","lunar":"1813-01-10","ganji":"계유(癸酉)년 갑인(甲寅)월 무인(戊寅)일"},{"solar":"1813-02-11 (목)","lunar":"1813-01-11","ganji":"계유(癸酉)년 갑인(甲寅)월 기묘(己卯)일"},{"solar":"1813-02-12 (금)","lunar":"1813-01-12","ganji":"계유(癸酉)년 갑인(甲寅)월 경진(庚辰)일"},{"solar":"1813-02-13 (토)","lunar":"1813-01-13","ganji":"계유(癸酉)년 갑인(甲寅)월 신사(辛巳)일"},{"solar":"1813-02-14 (일)","lunar":"1813-01-14","ganji":"계유(癸酉)년 갑인(甲寅)월 임오(壬午)일"},{"solar":"1813-02-15 (월)","lunar":"1813-01-15","ganji":"계유(癸酉)년 갑인(甲寅)월 계미(癸未)일"},{"solar":"1813-02-16 (화)","lunar":"1813-01-16","ganji":"계유(癸酉)년 갑인(甲寅)월 갑신(甲申)일"},{"solar":"1813-02-17 (수)","lunar":"1813-01-17","ganji":"계유(癸酉)년 갑인(甲寅)월 을유(乙酉)일"},{"solar":"1813-02-18 (목)","lunar":"1813-01-18","ganji":"계유(癸酉)년 갑인(甲寅)월 병술(丙戌)일"},{"solar":"1813-02-19 (금)","lunar":"1813-01-19","ganji":"계유(癸酉)년 갑인(甲寅)월 정해(丁亥)일"},{"solar":"1813-02-20 (토)","lunar":"1813-01-20","ganji":"계유(癸酉)년 갑인(甲寅)월 무자(戊子)일"},{"solar":"1813-02-21 (일)","lunar":"1813-01-21","ganji":"계유(癸酉)년 갑인(甲寅)월 기축(己丑)일"},{"solar":"1813-02-22 (월)","lunar":"1813-01-22","ganji":"계유(癸酉)년 갑인(甲寅)월 경인(庚寅)일"},{"solar":"1813-02-23 (화)","lunar":"1813-01-23","ganji":"계유(癸酉)년 갑인(甲寅)월 신묘(辛卯)일"},{"solar":"1813-02-24 (수)","lunar":"1813-01-24","ganji":"계유(癸酉)년 갑인(甲寅)월 임진(壬辰)일"},{"solar":"1813-02-25 (목)","lunar":"1813-01-25","ganji":"계유(癸酉)년 갑인(甲寅)월 계사(癸巳)일"},{"solar":"1813-02-26 (금)","lunar":"1813-01-26","ganji":"계유(癸酉)년 갑인(甲寅)월 갑오(甲午)일"},{"solar":"1813-02-27 (토)","lunar":"1813-01-27","ganji":"계유(癸酉)년 갑인(甲寅)월 을미(乙未)일"},{"solar":"1813-02-28 (일)","lunar":"1813-01-28","ganji":"계유(癸酉)년 갑인(甲寅)월 병신(丙申)일"},{"solar":"1813-03-01 (월)","lunar":"1813-01-29","ganji":"계유(癸酉)년 갑인(甲寅)월 정유(丁酉)일"},{"solar":"1813-03-02 (화)","lunar":"1813-01-30","ganji":"계유(癸酉)년 갑인(甲寅)월 무술(戊戌)일"},{"solar":"1813-03-03 (수)","lunar":"1813-02-01","ganji":"계유(癸酉)년 을묘(乙卯)월 기해(己亥)일"},{"solar":"1813-03-04 (목)","lunar":"1813-02-02","ganji":"계유(癸酉)년 을묘(乙卯)월 경자(庚子)일"},{"solar":"1813-03-05 (금)","lunar":"1813-02-03","ganji":"계유(癸酉)년 을묘(乙卯)월 신축(辛丑)일"},{"solar":"1813-03-06 (토)","lunar":"1813-02-04","ganji":"계유(癸酉)년 을묘(乙卯)월 임인(壬寅)일"},{"solar":"1813-03-07 (일)","lunar":"1813-02-05","ganji":"계유(癸酉)년 을묘(乙卯)월 계묘(癸卯)일"},{"solar":"1813-03-08 (월)","lunar":"1813-02-06","ganji":"계유(癸酉)년 을묘(乙卯)월 갑진(甲辰)일"},{"solar":"1813-03-09 (화)","lunar":"1813-02-07","ganji":"계유(癸酉)년 을묘(乙卯)월 을사(乙巳)일"},{"solar":"1813-03-10 (수)","lunar":"1813-02-08","ganji":"계유(癸酉)년 을묘(乙卯)월 병오(丙午)일"},{"solar":"1813-03-11 (목)","lunar":"1813-02-09","ganji":"계유(癸酉)년 을묘(乙卯)월 정미(丁未)일"},{"solar":"1813-03-12 (금)","lunar":"1813-02-10","ganji":"계유(癸酉)년 을묘(乙卯)월 무신(戊申)일"},{"solar":"1813-03-13 (토)","lunar":"1813-02-11","ganji":"계유(癸酉)년 을묘(乙卯)월 기유(己酉)일"},{"solar":"1813-03-14 (일)","lunar":"1813-02-12","ganji":"계유(癸酉)년 을묘(乙卯)월 경술(庚戌)일"},{"solar":"1813-03-15 (월)","lunar":"1813-02-13","ganji":"계유(癸酉)년 을묘(乙卯)월 신해(辛亥)일"},{"solar":"1813-03-16 (화)","lunar":"1813-02-14","ganji":"계유(癸酉)년 을묘(乙卯)월 임자(壬子)일"},{"solar":"1813-03-17 (수)","lunar":"1813-02-15","ganji":"계유(癸酉)년 을묘(乙卯)월 계축(癸丑)일"},{"solar":"1813-03-18 (목)","lunar":"1813-02-16","ganji":"계유(癸酉)년 을묘(乙卯)월 갑인(甲寅)일"},{"solar":"1813-03-19 (금)","lunar":"1813-02-17","ganji":"계유(癸酉)년 을묘(乙卯)월 을묘(乙卯)일"},{"solar":"1813-03-20 (토)","lunar":"1813-02-18","ganji":"계유(癸酉)년 을묘(乙卯)월 병진(丙辰)일"},{"solar":"1813-03-21 (일)","lunar":"1813-02-19","ganji":"계유(癸酉)년 을묘(乙卯)월 정사(丁巳)일"},{"solar":"1813-03-22 (월)","lunar":"1813-02-20","ganji":"계유(癸酉)년 을묘(乙卯)월 무오(戊午)일"},{"solar":"1813-03-23 (화)","lunar":"1813-02-21","ganji":"계유(癸酉)년 을묘(乙卯)월 기미(己未)일"},{"solar":"1813-03-24 (수)","lunar":"1813-02-22","ganji":"계유(癸酉)년 을묘(乙卯)월 경신(庚申)일"},{"solar":"1813-03-25 (목)","lunar":"1813-02-23","ganji":"계유(癸酉)년 을묘(乙卯)월 신유(辛酉)일"},{"solar":"1813-03-26 (금)","lunar":"1813-02-24","ganji":"계유(癸酉)년 을묘(乙卯)월 임술(壬戌)일"},{"solar":"1813-03-27 (토)","lunar":"1813-02-25","ganji":"계유(癸酉)년 을묘(乙卯)월 계해(癸亥)일"},{"solar":"1813-03-28 (일)","lunar":"1813-02-26","ganji":"계유(癸酉)년 을묘(乙卯)월 갑자(甲子)일"},{"solar":"1813-03-29 (월)","lunar":"1813-02-27","ganji":"계유(癸酉)년 을묘(乙卯)월 을축(乙丑)일"},{"solar":"1813-03-30 (화)","lunar":"1813-02-28","ganji":"계유(癸酉)년 을묘(乙卯)월 병인(丙寅)일"},{"solar":"1813-03-31 (수)","lunar":"1813-02-29","ganji":"계유(癸酉)년 을묘(乙卯)월 정묘(丁卯)일"},{"solar":"1813-04-01 (목)","lunar":"1813-03-01","ganji":"계유(癸酉)년 병진(丙辰)월 무진(戊辰)일"},{"solar":"1813-04-02 (금)","lunar":"1813-03-02","ganji":"계유(癸酉)년 병진(丙辰)월 기사(己巳)일"},{"solar":"1813-04-03 (토)","lunar":"1813-03-03","ganji":"계유(癸酉)년 병진(丙辰)월 경오(庚午)일"},{"solar":"1813-04-04 (일)","lunar":"1813-03-04","ganji":"계유(癸酉)년 병진(丙辰)월 신미(辛未)일"},{"solar":"1813-04-05 (월)","lunar":"1813-03-05","ganji":"계유(癸酉)년 병진(丙辰)월 임신(壬申)일"},{"solar":"1813-04-06 (화)","lunar":"1813-03-06","ganji":"계유(癸酉)년 병진(丙辰)월 계유(癸酉)일"},{"solar":"1813-04-07 (수)","lunar":"1813-03-07","ganji":"계유(癸酉)년 병진(丙辰)월 갑술(甲戌)일"},{"solar":"1813-04-08 (목)","lunar":"1813-03-08","ganji":"계유(癸酉)년 병진(丙辰)월 을해(乙亥)일"},{"solar":"1813-04-09 (금)","lunar":"1813-03-09","ganji":"계유(癸酉)년 병진(丙辰)월 병자(丙子)일"},{"solar":"1813-04-10 (토)","lunar":"1813-03-10","ganji":"계유(癸酉)년 병진(丙辰)월 정축(丁丑)일"},{"solar":"1813-04-11 (일)","lunar":"1813-03-11","ganji":"계유(癸酉)년 병진(丙辰)월 무인(戊寅)일"},{"solar":"1813-04-12 (월)","lunar":"1813-03-12","ganji":"계유(癸酉)년 병진(丙辰)월 기묘(己卯)일"},{"solar":"1813-04-13 (화)","lunar":"1813-03-13","ganji":"계유(癸酉)년 병진(丙辰)월 경진(庚辰)일"},{"solar":"1813-04-14 (수)","lunar":"1813-03-14","ganji":"계유(癸酉)년 병진(丙辰)월 신사(辛巳)일"},{"solar":"1813-04-15 (목)","lunar":"1813-03-15","ganji":"계유(癸酉)년 병진(丙辰)월 임오(壬午)일"},{"solar":"1813-04-16 (금)","lunar":"1813-03-16","ganji":"계유(癸酉)년 병진(丙辰)월 계미(癸未)일"},{"solar":"1813-04-17 (토)","lunar":"1813-03-17","ganji":"계유(癸酉)년 병진(丙辰)월 갑신(甲申)일"},{"solar":"1813-04-18 (일)","lunar":"1813-03-18","ganji":"계유(癸酉)년 병진(丙辰)월 을유(乙酉)일"},{"solar":"1813-04-19 (월)","lunar":"1813-03-19","ganji":"계유(癸酉)년 병진(丙辰)월 병술(丙戌)일"},{"solar":"1813-04-20 (화)","lunar":"1813-03-20","ganji":"계유(癸酉)년 병진(丙辰)월 정해(丁亥)일"},{"solar":"1813-04-21 (수)","lunar":"1813-03-21","ganji":"계유(癸酉)년 병진(丙辰)월 무자(戊子)일"},{"solar":"1813-04-22 (목)","lunar":"1813-03-22","ganji":"계유(癸酉)년 병진(丙辰)월 기축(己丑)일"},{"solar":"1813-04-23 (금)","lunar":"1813-03-23","ganji":"계유(癸酉)년 병진(丙辰)월 경인(庚寅)일"},{"solar":"1813-04-24 (토)","lunar":"1813-03-24","ganji":"계유(癸酉)년 병진(丙辰)월 신묘(辛卯)일"},{"solar":"1813-04-25 (일)","lunar":"1813-03-25","ganji":"계유(癸酉)년 병진(丙辰)월 임진(壬辰)일"},{"solar":"1813-04-26 (월)","lunar":"1813-03-26","ganji":"계유(癸酉)년 병진(丙辰)월 계사(癸巳)일"},{"solar":"1813-04-27 (화)","lunar":"1813-03-27","ganji":"계유(癸酉)년 병진(丙辰)월 갑오(甲午)일"},{"solar":"1813-04-28 (수)","lunar":"1813-03-28","ganji":"계유(癸酉)년 병진(丙辰)월 을미(乙未)일"},{"solar":"1813-04-29 (목)","lunar":"1813-03-29","ganji":"계유(癸酉)년 병진(丙辰)월 병신(丙申)일"},{"solar":"1813-04-30 (금)","lunar":"1813-03-30","ganji":"계유(癸酉)년 병진(丙辰)월 정유(丁酉)일"},{"solar":"1813-05-01 (토)","lunar":"1813-04-01","ganji":"계유(癸酉)년 정사(丁巳)월 무술(戊戌)일"},{"solar":"1813-05-02 (일)","lunar":"1813-04-02","ganji":"계유(癸酉)년 정사(丁巳)월 기해(己亥)일"},{"solar":"1813-05-03 (월)","lunar":"1813-04-03","ganji":"계유(癸酉)년 정사(丁巳)월 경자(庚子)일"},{"solar":"1813-05-04 (화)","lunar":"1813-04-04","ganji":"계유(癸酉)년 정사(丁巳)월 신축(辛丑)일"},{"solar":"1813-05-05 (수)","lunar":"1813-04-05","ganji":"계유(癸酉)년 정사(丁巳)월 임인(壬寅)일"},{"solar":"1813-05-06 (목)","lunar":"1813-04-06","ganji":"계유(癸酉)년 정사(丁巳)월 계묘(癸卯)일"},{"solar":"1813-05-07 (금)","lunar":"1813-04-07","ganji":"계유(癸酉)년 정사(丁巳)월 갑진(甲辰)일"},{"solar":"1813-05-08 (토)","lunar":"1813-04-08","ganji":"계유(癸酉)년 정사(丁巳)월 을사(乙巳)일"},{"solar":"1813-05-09 (일)","lunar":"1813-04-09","ganji":"계유(癸酉)년 정사(丁巳)월 병오(丙午)일"},{"solar":"1813-05-10 (월)","lunar":"1813-04-10","ganji":"계유(癸酉)년 정사(丁巳)월 정미(丁未)일"},{"solar":"1813-05-11 (화)","lunar":"1813-04-11","ganji":"계유(癸酉)년 정사(丁巳)월 무신(戊申)일"},{"solar":"1813-05-12 (수)","lunar":"1813-04-12","ganji":"계유(癸酉)년 정사(丁巳)월 기유(己酉)일"},{"solar":"1813-05-13 (목)","lunar":"1813-04-13","ganji":"계유(癸酉)년 정사(丁巳)월 경술(庚戌)일"},{"solar":"1813-05-14 (금)","lunar":"1813-04-14","ganji":"계유(癸酉)년 정사(丁巳)월 신해(辛亥)일"},{"solar":"1813-05-15 (토)","lunar":"1813-04-15","ganji":"계유(癸酉)년 정사(丁巳)월 임자(壬子)일"},{"solar":"1813-05-16 (일)","lunar":"1813-04-16","ganji":"계유(癸酉)년 정사(丁巳)월 계축(癸丑)일"},{"solar":"1813-05-17 (월)","lunar":"1813-04-17","ganji":"계유(癸酉)년 정사(丁巳)월 갑인(甲寅)일"},{"solar":"1813-05-18 (화)","lunar":"1813-04-18","ganji":"계유(癸酉)년 정사(丁巳)월 을묘(乙卯)일"},{"solar":"1813-05-19 (수)","lunar":"1813-04-19","ganji":"계유(癸酉)년 정사(丁巳)월 병진(丙辰)일"},{"solar":"1813-05-20 (목)","lunar":"1813-04-20","ganji":"계유(癸酉)년 정사(丁巳)월 정사(丁巳)일"},{"solar":"1813-05-21 (금)","lunar":"1813-04-21","ganji":"계유(癸酉)년 정사(丁巳)월 무오(戊午)일"},{"solar":"1813-05-22 (토)","lunar":"1813-04-22","ganji":"계유(癸酉)년 정사(丁巳)월 기미(己未)일"},{"solar":"1813-05-23 (일)","lunar":"1813-04-23","ganji":"계유(癸酉)년 정사(丁巳)월 경신(庚申)일"},{"solar":"1813-05-24 (월)","lunar":"1813-04-24","ganji":"계유(癸酉)년 정사(丁巳)월 신유(辛酉)일"},{"solar":"1813-05-25 (화)","lunar":"1813-04-25","ganji":"계유(癸酉)년 정사(丁巳)월 임술(壬戌)일"},{"solar":"1813-05-26 (수)","lunar":"1813-04-26","ganji":"계유(癸酉)년 정사(丁巳)월 계해(癸亥)일"},{"solar":"1813-05-27 (목)","lunar":"1813-04-27","ganji":"계유(癸酉)년 정사(丁巳)월 갑자(甲子)일"},{"solar":"1813-05-28 (금)","lunar":"1813-04-28","ganji":"계유(癸酉)년 정사(丁巳)월 을축(乙丑)일"},{"solar":"1813-05-29 (토)","lunar":"1813-04-29","ganji":"계유(癸酉)년 정사(丁巳)월 병인(丙寅)일"},{"solar":"1813-05-30 (일)","lunar":"1813-05-01","ganji":"계유(癸酉)년 무오(戊午)월 정묘(丁卯)일"},{"solar":"1813-05-31 (월)","lunar":"1813-05-02","ganji":"계유(癸酉)년 무오(戊午)월 무진(戊辰)일"},{"solar":"1813-06-01 (화)","lunar":"1813-05-03","ganji":"계유(癸酉)년 무오(戊午)월 기사(己巳)일"},{"solar":"1813-06-02 (수)","lunar":"1813-05-04","ganji":"계유(癸酉)년 무오(戊午)월 경오(庚午)일"},{"solar":"1813-06-03 (목)","lunar":"1813-05-05","ganji":"계유(癸酉)년 무오(戊午)월 신미(辛未)일"},{"solar":"1813-06-04 (금)","lunar":"1813-05-06","ganji":"계유(癸酉)년 무오(戊午)월 임신(壬申)일"},{"solar":"1813-06-05 (토)","lunar":"1813-05-07","ganji":"계유(癸酉)년 무오(戊午)월 계유(癸酉)일"},{"solar":"1813-06-06 (일)","lunar":"1813-05-08","ganji":"계유(癸酉)년 무오(戊午)월 갑술(甲戌)일"},{"solar":"1813-06-07 (월)","lunar":"1813-05-09","ganji":"계유(癸酉)년 무오(戊午)월 을해(乙亥)일"},{"solar":"1813-06-08 (화)","lunar":"1813-05-10","ganji":"계유(癸酉)년 무오(戊午)월 병자(丙子)일"},{"solar":"1813-06-09 (수)","lunar":"1813-05-11","ganji":"계유(癸酉)년 무오(戊午)월 정축(丁丑)일"},{"solar":"1813-06-10 (목)","lunar":"1813-05-12","ganji":"계유(癸酉)년 무오(戊午)월 무인(戊寅)일"},{"solar":"1813-06-11 (금)","lunar":"1813-05-13","ganji":"계유(癸酉)년 무오(戊午)월 기묘(己卯)일"},{"solar":"1813-06-12 (토)","lunar":"1813-05-14","ganji":"계유(癸酉)년 무오(戊午)월 경진(庚辰)일"},{"solar":"1813-06-13 (일)","lunar":"1813-05-15","ganji":"계유(癸酉)년 무오(戊午)월 신사(辛巳)일"},{"solar":"1813-06-14 (월)","lunar":"1813-05-16","ganji":"계유(癸酉)년 무오(戊午)월 임오(壬午)일"},{"solar":"1813-06-15 (화)","lunar":"1813-05-17","ganji":"계유(癸酉)년 무오(戊午)월 계미(癸未)일"},{"solar":"1813-06-16 (수)","lunar":"1813-05-18","ganji":"계유(癸酉)년 무오(戊午)월 갑신(甲申)일"},{"solar":"1813-06-17 (목)","lunar":"1813-05-19","ganji":"계유(癸酉)년 무오(戊午)월 을유(乙酉)일"},{"solar":"1813-06-18 (금)","lunar":"1813-05-20","ganji":"계유(癸酉)년 무오(戊午)월 병술(丙戌)일"},{"solar":"1813-06-19 (토)","lunar":"1813-05-21","ganji":"계유(癸酉)년 무오(戊午)월 정해(丁亥)일"},{"solar":"1813-06-20 (일)","lunar":"1813-05-22","ganji":"계유(癸酉)년 무오(戊午)월 무자(戊子)일"},{"solar":"1813-06-21 (월)","lunar":"1813-05-23","ganji":"계유(癸酉)년 무오(戊午)월 기축(己丑)일"},{"solar":"1813-06-22 (화)","lunar":"1813-05-24","ganji":"계유(癸酉)년 무오(戊午)월 경인(庚寅)일"},{"solar":"1813-06-23 (수)","lunar":"1813-05-25","ganji":"계유(癸酉)년 무오(戊午)월 신묘(辛卯)일"},{"solar":"1813-06-24 (목)","lunar":"1813-05-26","ganji":"계유(癸酉)년 무오(戊午)월 임진(壬辰)일"},{"solar":"1813-06-25 (금)","lunar":"1813-05-27","ganji":"계유(癸酉)년 무오(戊午)월 계사(癸巳)일"},{"solar":"1813-06-26 (토)","lunar":"1813-05-28","ganji":"계유(癸酉)년 무오(戊午)월 갑오(甲午)일"},{"solar":"1813-06-27 (일)","lunar":"1813-05-29","ganji":"계유(癸酉)년 무오(戊午)월 을미(乙未)일"},{"solar":"1813-06-28 (월)","lunar":"1813-06-01","ganji":"계유(癸酉)년 기미(己未)월 병신(丙申)일"},{"solar":"1813-06-29 (화)","lunar":"1813-06-02","ganji":"계유(癸酉)년 기미(己未)월 정유(丁酉)일"},{"solar":"1813-06-30 (수)","lunar":"1813-06-03","ganji":"계유(癸酉)년 기미(己未)월 무술(戊戌)일"},{"solar":"1813-07-01 (목)","lunar":"1813-06-04","ganji":"계유(癸酉)년 기미(己未)월 기해(己亥)일"},{"solar":"1813-07-02 (금)","lunar":"1813-06-05","ganji":"계유(癸酉)년 기미(己未)월 경자(庚子)일"},{"solar":"1813-07-03 (토)","lunar":"1813-06-06","ganji":"계유(癸酉)년 기미(己未)월 신축(辛丑)일"},{"solar":"1813-07-04 (일)","lunar":"1813-06-07","ganji":"계유(癸酉)년 기미(己未)월 임인(壬寅)일"},{"solar":"1813-07-05 (월)","lunar":"1813-06-08","ganji":"계유(癸酉)년 기미(己未)월 계묘(癸卯)일"},{"solar":"1813-07-06 (화)","lunar":"1813-06-09","ganji":"계유(癸酉)년 기미(己未)월 갑진(甲辰)일"},{"solar":"1813-07-07 (수)","lunar":"1813-06-10","ganji":"계유(癸酉)년 기미(己未)월 을사(乙巳)일"},{"solar":"1813-07-08 (목)","lunar":"1813-06-11","ganji":"계유(癸酉)년 기미(己未)월 병오(丙午)일"},{"solar":"1813-07-09 (금)","lunar":"1813-06-12","ganji":"계유(癸酉)년 기미(己未)월 정미(丁未)일"},{"solar":"1813-07-10 (토)","lunar":"1813-06-13","ganji":"계유(癸酉)년 기미(己未)월 무신(戊申)일"},{"solar":"1813-07-11 (일)","lunar":"1813-06-14","ganji":"계유(癸酉)년 기미(己未)월 기유(己酉)일"},{"solar":"1813-07-12 (월)","lunar":"1813-06-15","ganji":"계유(癸酉)년 기미(己未)월 경술(庚戌)일"},{"solar":"1813-07-13 (화)","lunar":"1813-06-16","ganji":"계유(癸酉)년 기미(己未)월 신해(辛亥)일"},{"solar":"1813-07-14 (수)","lunar":"1813-06-17","ganji":"계유(癸酉)년 기미(己未)월 임자(壬子)일"},{"solar":"1813-07-15 (목)","lunar":"1813-06-18","ganji":"계유(癸酉)년 기미(己未)월 계축(癸丑)일"},{"solar":"1813-07-16 (금)","lunar":"1813-06-19","ganji":"계유(癸酉)년 기미(己未)월 갑인(甲寅)일"},{"solar":"1813-07-17 (토)","lunar":"1813-06-20","ganji":"계유(癸酉)년 기미(己未)월 을묘(乙卯)일"},{"solar":"1813-07-18 (일)","lunar":"1813-06-21","ganji":"계유(癸酉)년 기미(己未)월 병진(丙辰)일"},{"solar":"1813-07-19 (월)","lunar":"1813-06-22","ganji":"계유(癸酉)년 기미(己未)월 정사(丁巳)일"},{"solar":"1813-07-20 (화)","lunar":"1813-06-23","ganji":"계유(癸酉)년 기미(己未)월 무오(戊午)일"},{"solar":"1813-07-21 (수)","lunar":"1813-06-24","ganji":"계유(癸酉)년 기미(己未)월 기미(己未)일"},{"solar":"1813-07-22 (목)","lunar":"1813-06-25","ganji":"계유(癸酉)년 기미(己未)월 경신(庚申)일"},{"solar":"1813-07-23 (금)","lunar":"1813-06-26","ganji":"계유(癸酉)년 기미(己未)월 신유(辛酉)일"},{"solar":"1813-07-24 (토)","lunar":"1813-06-27","ganji":"계유(癸酉)년 기미(己未)월 임술(壬戌)일"},{"solar":"1813-07-25 (일)","lunar":"1813-06-28","ganji":"계유(癸酉)년 기미(己未)월 계해(癸亥)일"},{"solar":"1813-07-26 (월)","lunar":"1813-06-29","ganji":"계유(癸酉)년 기미(己未)월 갑자(甲子)일"},{"solar":"1813-07-27 (화)","lunar":"1813-07-01","ganji":"계유(癸酉)년 경신(庚申)월 을축(乙丑)일"},{"solar":"1813-07-28 (수)","lunar":"1813-07-02","ganji":"계유(癸酉)년 경신(庚申)월 병인(丙寅)일"},{"solar":"1813-07-29 (목)","lunar":"1813-07-03","ganji":"계유(癸酉)년 경신(庚申)월 정묘(丁卯)일"},{"solar":"1813-07-30 (금)","lunar":"1813-07-04","ganji":"계유(癸酉)년 경신(庚申)월 무진(戊辰)일"},{"solar":"1813-07-31 (토)","lunar":"1813-07-05","ganji":"계유(癸酉)년 경신(庚申)월 기사(己巳)일"},{"solar":"1813-08-01 (일)","lunar":"1813-07-06","ganji":"계유(癸酉)년 경신(庚申)월 경오(庚午)일"},{"solar":"1813-08-02 (월)","lunar":"1813-07-07","ganji":"계유(癸酉)년 경신(庚申)월 신미(辛未)일"},{"solar":"1813-08-03 (화)","lunar":"1813-07-08","ganji":"계유(癸酉)년 경신(庚申)월 임신(壬申)일"},{"solar":"1813-08-04 (수)","lunar":"1813-07-09","ganji":"계유(癸酉)년 경신(庚申)월 계유(癸酉)일"},{"solar":"1813-08-05 (목)","lunar":"1813-07-10","ganji":"계유(癸酉)년 경신(庚申)월 갑술(甲戌)일"},{"solar":"1813-08-06 (금)","lunar":"1813-07-11","ganji":"계유(癸酉)년 경신(庚申)월 을해(乙亥)일"},{"solar":"1813-08-07 (토)","lunar":"1813-07-12","ganji":"계유(癸酉)년 경신(庚申)월 병자(丙子)일"},{"solar":"1813-08-08 (일)","lunar":"1813-07-13","ganji":"계유(癸酉)년 경신(庚申)월 정축(丁丑)일"},{"solar":"1813-08-09 (월)","lunar":"1813-07-14","ganji":"계유(癸酉)년 경신(庚申)월 무인(戊寅)일"},{"solar":"1813-08-10 (화)","lunar":"1813-07-15","ganji":"계유(癸酉)년 경신(庚申)월 기묘(己卯)일"},{"solar":"1813-08-11 (수)","lunar":"1813-07-16","ganji":"계유(癸酉)년 경신(庚申)월 경진(庚辰)일"},{"solar":"1813-08-12 (목)","lunar":"1813-07-17","ganji":"계유(癸酉)년 경신(庚申)월 신사(辛巳)일"},{"solar":"1813-08-13 (금)","lunar":"1813-07-18","ganji":"계유(癸酉)년 경신(庚申)월 임오(壬午)일"},{"solar":"1813-08-14 (토)","lunar":"1813-07-19","ganji":"계유(癸酉)년 경신(庚申)월 계미(癸未)일"},{"solar":"1813-08-15 (일)","lunar":"1813-07-20","ganji":"계유(癸酉)년 경신(庚申)월 갑신(甲申)일"},{"solar":"1813-08-16 (월)","lunar":"1813-07-21","ganji":"계유(癸酉)년 경신(庚申)월 을유(乙酉)일"},{"solar":"1813-08-17 (화)","lunar":"1813-07-22","ganji":"계유(癸酉)년 경신(庚申)월 병술(丙戌)일"},{"solar":"1813-08-18 (수)","lunar":"1813-07-23","ganji":"계유(癸酉)년 경신(庚申)월 정해(丁亥)일"},{"solar":"1813-08-19 (목)","lunar":"1813-07-24","ganji":"계유(癸酉)년 경신(庚申)월 무자(戊子)일"},{"solar":"1813-08-20 (금)","lunar":"1813-07-25","ganji":"계유(癸酉)년 경신(庚申)월 기축(己丑)일"},{"solar":"1813-08-21 (토)","lunar":"1813-07-26","ganji":"계유(癸酉)년 경신(庚申)월 경인(庚寅)일"},{"solar":"1813-08-22 (일)","lunar":"1813-07-27","ganji":"계유(癸酉)년 경신(庚申)월 신묘(辛卯)일"},{"solar":"1813-08-23 (월)","lunar":"1813-07-28","ganji":"계유(癸酉)년 경신(庚申)월 임진(壬辰)일"},{"solar":"1813-08-24 (화)","lunar":"1813-07-29","ganji":"계유(癸酉)년 경신(庚申)월 계사(癸巳)일"},{"solar":"1813-08-25 (수)","lunar":"1813-07-30","ganji":"계유(癸酉)년 경신(庚申)월 갑오(甲午)일"},{"solar":"1813-08-26 (목)","lunar":"1813-08-01","ganji":"계유(癸酉)년 신유(辛酉)월 을미(乙未)일"},{"solar":"1813-08-27 (금)","lunar":"1813-08-02","ganji":"계유(癸酉)년 신유(辛酉)월 병신(丙申)일"},{"solar":"1813-08-28 (토)","lunar":"1813-08-03","ganji":"계유(癸酉)년 신유(辛酉)월 정유(丁酉)일"},{"solar":"1813-08-29 (일)","lunar":"1813-08-04","ganji":"계유(癸酉)년 신유(辛酉)월 무술(戊戌)일"},{"solar":"1813-08-30 (월)","lunar":"1813-08-05","ganji":"계유(癸酉)년 신유(辛酉)월 기해(己亥)일"},{"solar":"1813-08-31 (화)","lunar":"1813-08-06","ganji":"계유(癸酉)년 신유(辛酉)월 경자(庚子)일"},{"solar":"1813-09-01 (수)","lunar":"1813-08-07","ganji":"계유(癸酉)년 신유(辛酉)월 신축(辛丑)일"},{"solar":"1813-09-02 (목)","lunar":"1813-08-08","ganji":"계유(癸酉)년 신유(辛酉)월 임인(壬寅)일"},{"solar":"1813-09-03 (금)","lunar":"1813-08-09","ganji":"계유(癸酉)년 신유(辛酉)월 계묘(癸卯)일"},{"solar":"1813-09-04 (토)","lunar":"1813-08-10","ganji":"계유(癸酉)년 신유(辛酉)월 갑진(甲辰)일"},{"solar":"1813-09-05 (일)","lunar":"1813-08-11","ganji":"계유(癸酉)년 신유(辛酉)월 을사(乙巳)일"},{"solar":"1813-09-06 (월)","lunar":"1813-08-12","ganji":"계유(癸酉)년 신유(辛酉)월 병오(丙午)일"},{"solar":"1813-09-07 (화)","lunar":"1813-08-13","ganji":"계유(癸酉)년 신유(辛酉)월 정미(丁未)일"},{"solar":"1813-09-08 (수)","lunar":"1813-08-14","ganji":"계유(癸酉)년 신유(辛酉)월 무신(戊申)일"},{"solar":"1813-09-09 (목)","lunar":"1813-08-15","ganji":"계유(癸酉)년 신유(辛酉)월 기유(己酉)일"},{"solar":"1813-09-10 (금)","lunar":"1813-08-16","ganji":"계유(癸酉)년 신유(辛酉)월 경술(庚戌)일"},{"solar":"1813-09-11 (토)","lunar":"1813-08-17","ganji":"계유(癸酉)년 신유(辛酉)월 신해(辛亥)일"},{"solar":"1813-09-12 (일)","lunar":"1813-08-18","ganji":"계유(癸酉)년 신유(辛酉)월 임자(壬子)일"},{"solar":"1813-09-13 (월)","lunar":"1813-08-19","ganji":"계유(癸酉)년 신유(辛酉)월 계축(癸丑)일"},{"solar":"1813-09-14 (화)","lunar":"1813-08-20","ganji":"계유(癸酉)년 신유(辛酉)월 갑인(甲寅)일"},{"solar":"1813-09-15 (수)","lunar":"1813-08-21","ganji":"계유(癸酉)년 신유(辛酉)월 을묘(乙卯)일"},{"solar":"1813-09-16 (목)","lunar":"1813-08-22","ganji":"계유(癸酉)년 신유(辛酉)월 병진(丙辰)일"},{"solar":"1813-09-17 (금)","lunar":"1813-08-23","ganji":"계유(癸酉)년 신유(辛酉)월 정사(丁巳)일"},{"solar":"1813-09-18 (토)","lunar":"1813-08-24","ganji":"계유(癸酉)년 신유(辛酉)월 무오(戊午)일"},{"solar":"1813-09-19 (일)","lunar":"1813-08-25","ganji":"계유(癸酉)년 신유(辛酉)월 기미(己未)일"},{"solar":"1813-09-20 (월)","lunar":"1813-08-26","ganji":"계유(癸酉)년 신유(辛酉)월 경신(庚申)일"},{"solar":"1813-09-21 (화)","lunar":"1813-08-27","ganji":"계유(癸酉)년 신유(辛酉)월 신유(辛酉)일"},{"solar":"1813-09-22 (수)","lunar":"1813-08-28","ganji":"계유(癸酉)년 신유(辛酉)월 임술(壬戌)일"},{"solar":"1813-09-23 (목)","lunar":"1813-08-29","ganji":"계유(癸酉)년 신유(辛酉)월 계해(癸亥)일"},{"solar":"1813-09-24 (금)","lunar":"1813-09-01","ganji":"계유(癸酉)년 임술(壬戌)월 갑자(甲子)일"},{"solar":"1813-09-25 (토)","lunar":"1813-09-02","ganji":"계유(癸酉)년 임술(壬戌)월 을축(乙丑)일"},{"solar":"1813-09-26 (일)","lunar":"1813-09-03","ganji":"계유(癸酉)년 임술(壬戌)월 병인(丙寅)일"},{"solar":"1813-09-27 (월)","lunar":"1813-09-04","ganji":"계유(癸酉)년 임술(壬戌)월 정묘(丁卯)일"},{"solar":"1813-09-28 (화)","lunar":"1813-09-05","ganji":"계유(癸酉)년 임술(壬戌)월 무진(戊辰)일"},{"solar":"1813-09-29 (수)","lunar":"1813-09-06","ganji":"계유(癸酉)년 임술(壬戌)월 기사(己巳)일"},{"solar":"1813-09-30 (목)","lunar":"1813-09-07","ganji":"계유(癸酉)년 임술(壬戌)월 경오(庚午)일"},{"solar":"1813-10-01 (금)","lunar":"1813-09-08","ganji":"계유(癸酉)년 임술(壬戌)월 신미(辛未)일"},{"solar":"1813-10-02 (토)","lunar":"1813-09-09","ganji":"계유(癸酉)년 임술(壬戌)월 임신(壬申)일"},{"solar":"1813-10-03 (일)","lunar":"1813-09-10","ganji":"계유(癸酉)년 임술(壬戌)월 계유(癸酉)일"},{"solar":"1813-10-04 (월)","lunar":"1813-09-11","ganji":"계유(癸酉)년 임술(壬戌)월 갑술(甲戌)일"},{"solar":"1813-10-05 (화)","lunar":"1813-09-12","ganji":"계유(癸酉)년 임술(壬戌)월 을해(乙亥)일"},{"solar":"1813-10-06 (수)","lunar":"1813-09-13","ganji":"계유(癸酉)년 임술(壬戌)월 병자(丙子)일"},{"solar":"1813-10-07 (목)","lunar":"1813-09-14","ganji":"계유(癸酉)년 임술(壬戌)월 정축(丁丑)일"},{"solar":"1813-10-08 (금)","lunar":"1813-09-15","ganji":"계유(癸酉)년 임술(壬戌)월 무인(戊寅)일"},{"solar":"1813-10-09 (토)","lunar":"1813-09-16","ganji":"계유(癸酉)년 임술(壬戌)월 기묘(己卯)일"},{"solar":"1813-10-10 (일)","lunar":"1813-09-17","ganji":"계유(癸酉)년 임술(壬戌)월 경진(庚辰)일"},{"solar":"1813-10-11 (월)","lunar":"1813-09-18","ganji":"계유(癸酉)년 임술(壬戌)월 신사(辛巳)일"},{"solar":"1813-10-12 (화)","lunar":"1813-09-19","ganji":"계유(癸酉)년 임술(壬戌)월 임오(壬午)일"},{"solar":"1813-10-13 (수)","lunar":"1813-09-20","ganji":"계유(癸酉)년 임술(壬戌)월 계미(癸未)일"},{"solar":"1813-10-14 (목)","lunar":"1813-09-21","ganji":"계유(癸酉)년 임술(壬戌)월 갑신(甲申)일"},{"solar":"1813-10-15 (금)","lunar":"1813-09-22","ganji":"계유(癸酉)년 임술(壬戌)월 을유(乙酉)일"},{"solar":"1813-10-16 (토)","lunar":"1813-09-23","ganji":"계유(癸酉)년 임술(壬戌)월 병술(丙戌)일"},{"solar":"1813-10-17 (일)","lunar":"1813-09-24","ganji":"계유(癸酉)년 임술(壬戌)월 정해(丁亥)일"},{"solar":"1813-10-18 (월)","lunar":"1813-09-25","ganji":"계유(癸酉)년 임술(壬戌)월 무자(戊子)일"},{"solar":"1813-10-19 (화)","lunar":"1813-09-26","ganji":"계유(癸酉)년 임술(壬戌)월 기축(己丑)일"},{"solar":"1813-10-20 (수)","lunar":"1813-09-27","ganji":"계유(癸酉)년 임술(壬戌)월 경인(庚寅)일"},{"solar":"1813-10-21 (목)","lunar":"1813-09-28","ganji":"계유(癸酉)년 임술(壬戌)월 신묘(辛卯)일"},{"solar":"1813-10-22 (금)","lunar":"1813-09-29","ganji":"계유(癸酉)년 임술(壬戌)월 임진(壬辰)일"},{"solar":"1813-10-23 (토)","lunar":"1813-09-30","ganji":"계유(癸酉)년 임술(壬戌)월 계사(癸巳)일"},{"solar":"1813-10-24 (일)","lunar":"1813-10-01","ganji":"계유(癸酉)년 계해(癸亥)월 갑오(甲午)일"},{"solar":"1813-10-25 (월)","lunar":"1813-10-02","ganji":"계유(癸酉)년 계해(癸亥)월 을미(乙未)일"},{"solar":"1813-10-26 (화)","lunar":"1813-10-03","ganji":"계유(癸酉)년 계해(癸亥)월 병신(丙申)일"},{"solar":"1813-10-27 (수)","lunar":"1813-10-04","ganji":"계유(癸酉)년 계해(癸亥)월 정유(丁酉)일"},{"solar":"1813-10-28 (목)","lunar":"1813-10-05","ganji":"계유(癸酉)년 계해(癸亥)월 무술(戊戌)일"},{"solar":"1813-10-29 (금)","lunar":"1813-10-06","ganji":"계유(癸酉)년 계해(癸亥)월 기해(己亥)일"},{"solar":"1813-10-30 (토)","lunar":"1813-10-07","ganji":"계유(癸酉)년 계해(癸亥)월 경자(庚子)일"},{"solar":"1813-10-31 (일)","lunar":"1813-10-08","ganji":"계유(癸酉)년 계해(癸亥)월 신축(辛丑)일"},{"solar":"1813-11-01 (월)","lunar":"1813-10-09","ganji":"계유(癸酉)년 계해(癸亥)월 임인(壬寅)일"},{"solar":"1813-11-02 (화)","lunar":"1813-10-10","ganji":"계유(癸酉)년 계해(癸亥)월 계묘(癸卯)일"},{"solar":"1813-11-03 (수)","lunar":"1813-10-11","ganji":"계유(癸酉)년 계해(癸亥)월 갑진(甲辰)일"},{"solar":"1813-11-04 (목)","lunar":"1813-10-12","ganji":"계유(癸酉)년 계해(癸亥)월 을사(乙巳)일"},{"solar":"1813-11-05 (금)","lunar":"1813-10-13","ganji":"계유(癸酉)년 계해(癸亥)월 병오(丙午)일"},{"solar":"1813-11-06 (토)","lunar":"1813-10-14","ganji":"계유(癸酉)년 계해(癸亥)월 정미(丁未)일"},{"solar":"1813-11-07 (일)","lunar":"1813-10-15","ganji":"계유(癸酉)년 계해(癸亥)월 무신(戊申)일"},{"solar":"1813-11-08 (월)","lunar":"1813-10-16","ganji":"계유(癸酉)년 계해(癸亥)월 기유(己酉)일"},{"solar":"1813-11-09 (화)","lunar":"1813-10-17","ganji":"계유(癸酉)년 계해(癸亥)월 경술(庚戌)일"},{"solar":"1813-11-10 (수)","lunar":"1813-10-18","ganji":"계유(癸酉)년 계해(癸亥)월 신해(辛亥)일"},{"solar":"1813-11-11 (목)","lunar":"1813-10-19","ganji":"계유(癸酉)년 계해(癸亥)월 임자(壬子)일"},{"solar":"1813-11-12 (금)","lunar":"1813-10-20","ganji":"계유(癸酉)년 계해(癸亥)월 계축(癸丑)일"},{"solar":"1813-11-13 (토)","lunar":"1813-10-21","ganji":"계유(癸酉)년 계해(癸亥)월 갑인(甲寅)일"},{"solar":"1813-11-14 (일)","lunar":"1813-10-22","ganji":"계유(癸酉)년 계해(癸亥)월 을묘(乙卯)일"},{"solar":"1813-11-15 (월)","lunar":"1813-10-23","ganji":"계유(癸酉)년 계해(癸亥)월 병진(丙辰)일"},{"solar":"1813-11-16 (화)","lunar":"1813-10-24","ganji":"계유(癸酉)년 계해(癸亥)월 정사(丁巳)일"},{"solar":"1813-11-17 (수)","lunar":"1813-10-25","ganji":"계유(癸酉)년 계해(癸亥)월 무오(戊午)일"},{"solar":"1813-11-18 (목)","lunar":"1813-10-26","ganji":"계유(癸酉)년 계해(癸亥)월 기미(己未)일"},{"solar":"1813-11-19 (금)","lunar":"1813-10-27","ganji":"계유(癸酉)년 계해(癸亥)월 경신(庚申)일"},{"solar":"1813-11-20 (토)","lunar":"1813-10-28","ganji":"계유(癸酉)년 계해(癸亥)월 신유(辛酉)일"},{"solar":"1813-11-21 (일)","lunar":"1813-10-29","ganji":"계유(癸酉)년 계해(癸亥)월 임술(壬戌)일"},{"solar":"1813-11-22 (월)","lunar":"1813-10-30","ganji":"계유(癸酉)년 계해(癸亥)월 계해(癸亥)일"},{"solar":"1813-11-23 (화)","lunar":"1813-11-01","ganji":"계유(癸酉)년 갑자(甲子)월 갑자(甲子)일"},{"solar":"1813-11-24 (수)","lunar":"1813-11-02","ganji":"계유(癸酉)년 갑자(甲子)월 을축(乙丑)일"},{"solar":"1813-11-25 (목)","lunar":"1813-11-03","ganji":"계유(癸酉)년 갑자(甲子)월 병인(丙寅)일"},{"solar":"1813-11-26 (금)","lunar":"1813-11-04","ganji":"계유(癸酉)년 갑자(甲子)월 정묘(丁卯)일"},{"solar":"1813-11-27 (토)","lunar":"1813-11-05","ganji":"계유(癸酉)년 갑자(甲子)월 무진(戊辰)일"},{"solar":"1813-11-28 (일)","lunar":"1813-11-06","ganji":"계유(癸酉)년 갑자(甲子)월 기사(己巳)일"},{"solar":"1813-11-29 (월)","lunar":"1813-11-07","ganji":"계유(癸酉)년 갑자(甲子)월 경오(庚午)일"},{"solar":"1813-11-30 (화)","lunar":"1813-11-08","ganji":"계유(癸酉)년 갑자(甲子)월 신미(辛未)일"},{"solar":"1813-12-01 (수)","lunar":"1813-11-09","ganji":"계유(癸酉)년 갑자(甲子)월 임신(壬申)일"},{"solar":"1813-12-02 (목)","lunar":"1813-11-10","ganji":"계유(癸酉)년 갑자(甲子)월 계유(癸酉)일"},{"solar":"1813-12-03 (금)","lunar":"1813-11-11","ganji":"계유(癸酉)년 갑자(甲子)월 갑술(甲戌)일"},{"solar":"1813-12-04 (토)","lunar":"1813-11-12","ganji":"계유(癸酉)년 갑자(甲子)월 을해(乙亥)일"},{"solar":"1813-12-05 (일)","lunar":"1813-11-13","ganji":"계유(癸酉)년 갑자(甲子)월 병자(丙子)일"},{"solar":"1813-12-06 (월)","lunar":"1813-11-14","ganji":"계유(癸酉)년 갑자(甲子)월 정축(丁丑)일"},{"solar":"1813-12-07 (화)","lunar":"1813-11-15","ganji":"계유(癸酉)년 갑자(甲子)월 무인(戊寅)일"},{"solar":"1813-12-08 (수)","lunar":"1813-11-16","ganji":"계유(癸酉)년 갑자(甲子)월 기묘(己卯)일"},{"solar":"1813-12-09 (목)","lunar":"1813-11-17","ganji":"계유(癸酉)년 갑자(甲子)월 경진(庚辰)일"},{"solar":"1813-12-10 (금)","lunar":"1813-11-18","ganji":"계유(癸酉)년 갑자(甲子)월 신사(辛巳)일"},{"solar":"1813-12-11 (토)","lunar":"1813-11-19","ganji":"계유(癸酉)년 갑자(甲子)월 임오(壬午)일"},{"solar":"1813-12-12 (일)","lunar":"1813-11-20","ganji":"계유(癸酉)년 갑자(甲子)월 계미(癸未)일"},{"solar":"1813-12-13 (월)","lunar":"1813-11-21","ganji":"계유(癸酉)년 갑자(甲子)월 갑신(甲申)일"},{"solar":"1813-12-14 (화)","lunar":"1813-11-22","ganji":"계유(癸酉)년 갑자(甲子)월 을유(乙酉)일"},{"solar":"1813-12-15 (수)","lunar":"1813-11-23","ganji":"계유(癸酉)년 갑자(甲子)월 병술(丙戌)일"},{"solar":"1813-12-16 (목)","lunar":"1813-11-24","ganji":"계유(癸酉)년 갑자(甲子)월 정해(丁亥)일"},{"solar":"1813-12-17 (금)","lunar":"1813-11-25","ganji":"계유(癸酉)년 갑자(甲子)월 무자(戊子)일"},{"solar":"1813-12-18 (토)","lunar":"1813-11-26","ganji":"계유(癸酉)년 갑자(甲子)월 기축(己丑)일"},{"solar":"1813-12-19 (일)","lunar":"1813-11-27","ganji":"계유(癸酉)년 갑자(甲子)월 경인(庚寅)일"},{"solar":"1813-12-20 (월)","lunar":"1813-11-28","ganji":"계유(癸酉)년 갑자(甲子)월 신묘(辛卯)일"},{"solar":"1813-12-21 (화)","lunar":"1813-11-29","ganji":"계유(癸酉)년 갑자(甲子)월 임진(壬辰)일"},{"solar":"1813-12-22 (수)","lunar":"1813-11-30","ganji":"계유(癸酉)년 갑자(甲子)월 계사(癸巳)일"},{"solar":"1813-12-23 (목)","lunar":"1813-12-01","ganji":"계유(癸酉)년 을축(乙丑)월 갑오(甲午)일"},{"solar":"1813-12-24 (금)","lunar":"1813-12-02","ganji":"계유(癸酉)년 을축(乙丑)월 을미(乙未)일"},{"solar":"1813-12-25 (토)","lunar":"1813-12-03","ganji":"계유(癸酉)년 을축(乙丑)월 병신(丙申)일"},{"solar":"1813-12-26 (일)","lunar":"1813-12-04","ganji":"계유(癸酉)년 을축(乙丑)월 정유(丁酉)일"},{"solar":"1813-12-27 (월)","lunar":"1813-12-05","ganji":"계유(癸酉)년 을축(乙丑)월 무술(戊戌)일"},{"solar":"1813-12-28 (화)","lunar":"1813-12-06","ganji":"계유(癸酉)년 을축(乙丑)월 기해(己亥)일"},{"solar":"1813-12-29 (수)","lunar":"1813-12-07","ganji":"계유(癸酉)년 을축(乙丑)월 경자(庚子)일"},{"solar":"1813-12-30 (목)","lunar":"1813-12-08","ganji":"계유(癸酉)년 을축(乙丑)월 신축(辛丑)일"},{"solar":"1813-12-31 (금)","lunar":"1813-12-09","ganji":"계유(癸酉)년 을축(乙丑)월 임인(壬寅)일"}]