[{"solar":"1838-01-01 (월)","lunar":"1837-12-06","ganji":"정유(丁酉)년 계축(癸丑)월 기유(己酉)일"},{"solar":"1838-01-02 (화)","lunar":"1837-12-07","ganji":"정유(丁酉)년 계축(癸丑)월 경술(庚戌)일"},{"solar":"1838-01-03 (수)","lunar":"1837-12-08","ganji":"정유(丁酉)년 계축(癸丑)월 신해(辛亥)일"},{"solar":"1838-01-04 (목)","lunar":"1837-12-09","ganji":"정유(丁酉)년 계축(癸丑)월 임자(壬子)일"},{"solar":"1838-01-05 (금)","lunar":"1837-12-10","ganji":"정유(丁酉)년 계축(癸丑)월 계축(癸丑)일"},{"solar":"1838-01-06 (토)","lunar":"1837-12-11","ganji":"정유(丁酉)년 계축(癸丑)월 갑인(甲寅)일"},{"solar":"1838-01-07 (일)","lunar":"1837-12-12","ganji":"정유(丁酉)년 계축(癸丑)월 을묘(乙卯)일"},{"solar":"1838-01-08 (월)","lunar":"1837-12-13","ganji":"정유(丁酉)년 계축(癸丑)월 병진(丙辰)일"},{"solar":"1838-01-09 (화)","lunar":"1837-12-14","ganji":"정유(丁酉)년 계축(癸丑)월 정사(丁巳)일"},{"solar":"1838-01-10 (수)","lunar":"1837-12-15","ganji":"정유(丁酉)년 계축(癸丑)월 무오(戊午)일"},{"solar":"1838-01-11 (목)","lunar":"1837-12-16","ganji":"정유(丁酉)년 계축(癸丑)월 기미(己未)일"},{"solar":"1838-01-12 (금)","lunar":"1837-12-17","ganji":"정유(丁酉)년 계축(癸丑)월 경신(庚申)일"},{"solar":"1838-01-13 (토)","lunar":"1837-12-18","ganji":"정유(丁酉)년 계축(癸丑)월 신유(辛酉)일"},{"solar":"1838-01-14 (일)","lunar":"1837-12-19","ganji":"정유(丁酉)년 계축(癸丑)월 임술(壬戌)일"},{"solar":"1838-01-15 (월)","lunar":"1837-12-20","ganji":"정유(丁酉)년 계축(癸丑)월 계해(癸亥)일"},{"solar":"1838-01-16 (화)","lunar":"1837-12-21","ganji":"정유(丁酉)년 계축(癸丑)월 갑자(甲子)일"},{"solar":"1838-01-17 (수)","lunar":"1837-12-22","ganji":"정유(丁酉)년 계축(癸丑)월 을축(乙丑)일"},{"solar":"1838-01-18 (목)","lunar":"1837-12-23","ganji":"정유(丁酉)년 계축(癸丑)월 병인(丙寅)일"},{"solar":"1838-01-19 (금)","lunar":"1837-12-24","ganji":"정유(丁酉)년 계축(癸丑)월 정묘(丁卯)일"},{"solar":"1838-01-20 (토)","lunar":"1837-12-25","ganji":"정유(丁酉)년 계축(癸丑)월 무진(戊辰)일"},{"solar":"1838-01-21 (일)","lunar":"1837-12-26","ganji":"정유(丁酉)년 계축(癸丑)월 기사(己巳)일"},{"solar":"1838-01-22 (월)","lunar":"1837-12-27","ganji":"정유(丁酉)년 계축(癸丑)월 경오(庚午)일"},{"solar":"1838-01-23 (화)","lunar":"1837-12-28","ganji":"정유(丁酉)년 계축(癸丑)월 신미(辛未)일"},{"solar":"1838-01-24 (수)","lunar":"1837-12-29","ganji":"정유(丁酉)년 계축(癸丑)월 임신(壬申)일"},{"solar":"1838-01-25 (목)","lunar":"1837-12-30","ganji":"정유(丁酉)년 계축(癸丑)월 계유(癸酉)일"},{"solar":"1838-01-26 (금)","lunar":"1838-01-01","ganji":"무술(戊戌)년 갑인(甲寅)월 갑술(甲戌)일"},{"solar":"1838-01-27 (토)","lunar":"1838-01-02","ganji":"무술(戊戌)년 갑인(甲寅)월 을해(乙亥)일"},{"solar":"1838-01-28 (일)","lunar":"1838-01-03","ganji":"무술(戊戌)년 갑인(甲寅)월 병자(丙子)일"},{"solar":"1838-01-29 (월)","lunar":"1838-01-04","ganji":"무술(戊戌)년 갑인(甲寅)월 정축(丁丑)일"},{"solar":"1838-01-30 (화)","lunar":"1838-01-05","ganji":"무술(戊戌)년 갑인(甲寅)월 무인(戊寅)일"},{"solar":"1838-01-31 (수)","lunar":"1838-01-06","ganji":"무술(戊戌)년 갑인(甲寅)월 기묘(己卯)일"},{"solar":"1838-02-01 (목)","lunar":"1838-01-07","ganji":"무술(戊戌)년 갑인(甲寅)월 경진(庚辰)일"},{"solar":"1838-02-02 (금)","lunar":"1838-01-08","ganji":"무술(戊戌)년 갑인(甲寅)월 신사(辛巳)일"},{"solar":"1838-02-03 (토)","lunar":"1838-01-09","ganji":"무술(戊戌)년 갑인(甲寅)월 임오(壬午)일"},{"solar":"1838-02-04 (일)","lunar":"1838-01-10","ganji":"무술(戊戌)년 갑인(甲寅)월 계미(癸未)일"},{"solar":"1838-02-05 (월)","lunar":"1838-01-11","ganji":"무술(戊戌)년 갑인(甲寅)월 갑신(甲申)일"},{"solar":"1838-02-06 (화)","lunar":"1838-01-12","ganji":"무술(戊戌)년 갑인(甲寅)월 을유(乙酉)일"},{"solar":"1838-02-07 (수)","lunar":"1838-01-13","ganji":"무술(戊戌)년 갑인(甲寅)월 병술(丙戌)일"},{"solar":"1838-02-08 (목)","lunar":"1838-01-14","ganji":"무술(戊戌)년 갑인(甲寅)월 정해(丁亥)일"},{"solar":"1838-02-09 (금)","lunar":"1838-01-15","ganji":"무술(戊戌)년 갑인(甲寅)월 무자(戊子)일"},{"solar":"1838-02-10 (토)","lunar":"1838-01-16","ganji":"무술(戊戌)년 갑인(甲寅)월 기축(己丑)일"},{"solar":"1838-02-11 (일)","lunar":"1838-01-17","ganji":"무술(戊戌)년 갑인(甲寅)월 경인(庚寅)일"},{"solar":"1838-02-12 (월)","lunar":"1838-01-18","ganji":"무술(戊戌)년 갑인(甲寅)월 신묘(辛卯)일"},{"solar":"1838-02-13 (화)","lunar":"1838-01-19","ganji":"무술(戊戌)년 갑인(甲寅)월 임진(壬辰)일"},{"solar":"1838-02-14 (수)","lunar":"1838-01-20","ganji":"무술(戊戌)년 갑인(甲寅)월 계사(癸巳)일"},{"solar":"1838-02-15 (목)","lunar":"1838-01-21","ganji":"무술(戊戌)년 갑인(甲寅)월 갑오(甲午)일"},{"solar":"1838-02-16 (금)","lunar":"1838-01-22","ganji":"무술(戊戌)년 갑인(甲寅)월 을미(乙未)일"},{"solar":"1838-02-17 (토)","lunar":"1838-01-23","ganji":"무술(戊戌)년 갑인(甲寅)월 병신(丙申)일"},{"solar":"1838-02-18 (일)","lunar":"1838-01-24","ganji":"무술(戊戌)년 갑인(甲寅)월 정유(丁酉)일"},{"solar":"1838-02-19 (월)","lunar":"1838-01-25","ganji":"무술(戊戌)년 갑인(甲寅)월 무술(戊戌)일"},{"solar":"1838-02-20 (화)","lunar":"1838-01-26","ganji":"무술(戊戌)년 갑인(甲寅)월 기해(己亥)일"},{"solar":"1838-02-21 (수)","lunar":"1838-01-27","ganji":"무술(戊戌)년 갑인(甲寅)월 경자(庚子)일"},{"solar":"1838-02-22 (목)","lunar":"1838-01-28","ganji":"무술(戊戌)년 갑인(甲寅)월 신축(辛丑)일"},{"solar":"1838-02-23 (금)","lunar":"1838-01-29","ganji":"무술(戊戌)년 갑인(甲寅)월 임인(壬寅)일"},{"solar":"1838-02-24 (토)","lunar":"1838-02-01","ganji":"무술(戊戌)년 을묘(乙卯)월 계묘(癸卯)일"},{"solar":"1838-02-25 (일)","lunar":"1838-02-02","ganji":"무술(戊戌)년 을묘(乙卯)월 갑진(甲辰)일"},{"solar":"1838-02-26 (월)","lunar":"1838-02-03","ganji":"무술(戊戌)년 을묘(乙卯)월 을사(乙巳)일"},{"solar":"1838-02-27 (화)","lunar":"1838-02-04","ganji":"무술(戊戌)년 을묘(乙卯)월 병오(丙午)일"},{"solar":"1838-02-28 (수)","lunar":"1838-02-05","ganji":"무술(戊戌)년 을묘(乙卯)월 정미(丁未)일"},{"solar":"1838-03-01 (목)","lunar":"1838-02-06","ganji":"무술(戊戌)년 을묘(乙卯)월 무신(戊申)일"},{"solar":"1838-03-02 (금)","lunar":"1838-02-07","ganji":"무술(戊戌)년 을묘(乙卯)월 기유(己酉)일"},{"solar":"1838-03-03 (토)","lunar":"1838-02-08","ganji":"무술(戊戌)년 을묘(乙卯)월 경술(庚戌)일"},{"solar":"1838-03-04 (일)","lunar":"1838-02-09","ganji":"무술(戊戌)년 을묘(乙卯)월 신해(辛亥)일"},{"solar":"1838-03-05 (월)","lunar":"1838-02-10","ganji":"무술(戊戌)년 을묘(乙卯)월 임자(壬子)일"},{"solar":"1838-03-06 (화)","lunar":"1838-02-11","ganji":"무술(戊戌)년 을묘(乙卯)월 계축(癸丑)일"},{"solar":"1838-03-07 (수)","lunar":"1838-02-12","ganji":"무술(戊戌)년 을묘(乙卯)월 갑인(甲寅)일"},{"solar":"1838-03-08 (목)","lunar":"1838-02-13","ganji":"무술(戊戌)년 을묘(乙卯)월 을묘(乙卯)일"},{"solar":"1838-03-09 (금)","lunar":"1838-02-14","ganji":"무술(戊戌)년 을묘(乙卯)월 병진(丙辰)일"},{"solar":"1838-03-10 (토)","lunar":"1838-02-15","ganji":"무술(戊戌)년 을묘(乙卯)월 정사(丁巳)일"},{"solar":"1838-03-11 (일)","lunar":"1838-02-16","ganji":"무술(戊戌)년 을묘(乙卯)월 무오(戊午)일"},{"solar":"1838-03-12 (월)","lunar":"1838-02-17","ganji":"무술(戊戌)년 을묘(乙卯)월 기미(己未)일"},{"solar":"1838-03-13 (화)","lunar":"1838-02-18","ganji":"무술(戊戌)년 을묘(乙卯)월 경신(庚申)일"},{"solar":"1838-03-14 (수)","lunar":"1838-02-19","ganji":"무술(戊戌)년 을묘(乙卯)월 신유(辛酉)일"},{"solar":"1838-03-15 (목)","lunar":"1838-02-20","ganji":"무술(戊戌)년 을묘(乙卯)월 임술(壬戌)일"},{"solar":"1838-03-16 (금)","lunar":"1838-02-21","ganji":"무술(戊戌)년 을묘(乙卯)월 계해(癸亥)일"},{"solar":"1838-03-17 (토)","lunar":"1838-02-22","ganji":"무술(戊戌)년 을묘(乙卯)월 갑자(甲子)일"},{"solar":"1838-03-18 (일)","lunar":"1838-02-23","ganji":"무술(戊戌)년 을묘(乙卯)월 을축(乙丑)일"},{"solar":"1838-03-19 (월)","lunar":"1838-02-24","ganji":"무술(戊戌)년 을묘(乙卯)월 병인(丙寅)일"},{"solar":"1838-03-20 (화)","lunar":"1838-02-25","ganji":"무술(戊戌)년 을묘(乙卯)월 정묘(丁卯)일"},{"solar":"1838-03-21 (수)","lunar":"1838-02-26","ganji":"무술(戊戌)년 을묘(乙卯)월 무진(戊辰)일"},{"solar":"1838-03-22 (목)","lunar":"1838-02-27","ganji":"무술(戊戌)년 을묘(乙卯)월 기사(己巳)일"},{"solar":"1838-03-23 (금)","lunar":"1838-02-28","ganji":"무술(戊戌)년 을묘(乙卯)월 경오(庚午)일"},{"solar":"1838-03-24 (토)","lunar":"1838-02-29","ganji":"무술(戊戌)년 을묘(乙卯)월 신미(辛未)일"},{"solar":"1838-03-25 (일)","lunar":"1838-02-30","ganji":"무술(戊戌)년 을묘(乙卯)월 임신(壬申)일"},{"solar":"1838-03-26 (월)","lunar":"1838-03-01","ganji":"무술(戊戌)년 병진(丙辰)월 계유(癸酉)일"},{"solar":"1838-03-27 (화)","lunar":"1838-03-02","ganji":"무술(戊戌)년 병진(丙辰)월 갑술(甲戌)일"},{"solar":"1838-03-28 (수)","lunar":"1838-03-03","ganji":"무술(戊戌)년 병진(丙辰)월 을해(乙亥)일"},{"solar":"1838-03-29 (목)","lunar":"1838-03-04","ganji":"무술(戊戌)년 병진(丙辰)월 병자(丙子)일"},{"solar":"1838-03-30 (금)","lunar":"1838-03-05","ganji":"무술(戊戌)년 병진(丙辰)월 정축(丁丑)일"},{"solar":"1838-03-31 (토)","lunar":"1838-03-06","ganji":"무술(戊戌)년 병진(丙辰)월 무인(戊寅)일"},{"solar":"1838-04-01 (일)","lunar":"1838-03-07","ganji":"무술(戊戌)년 병진(丙辰)월 기묘(己卯)일"},{"solar":"1838-04-02 (월)","lunar":"1838-03-08","ganji":"무술(戊戌)년 병진(丙辰)월 경진(庚辰)일"},{"solar":"1838-04-03 (화)","lunar":"1838-03-09","ganji":"무술(戊戌)년 병진(丙辰)월 신사(辛巳)일"},{"solar":"1838-04-04 (수)","lunar":"1838-03-10","ganji":"무술(戊戌)년 병진(丙辰)월 임오(壬午)일"},{"solar":"1838-04-05 (목)","lunar":"1838-03-11","ganji":"무술(戊戌)년 병진(丙辰)월 계미(癸未)일"},{"solar":"1838-04-06 (금)","lunar":"1838-03-12","ganji":"무술(戊戌)년 병진(丙辰)월 갑신(甲申)일"},{"solar":"1838-04-07 (토)","lunar":"1838-03-13","ganji":"무술(戊戌)년 병진(丙辰)월 을유(乙酉)일"},{"solar":"1838-04-08 (일)","lunar":"1838-03-14","ganji":"무술(戊戌)년 병진(丙辰)월 병술(丙戌)일"},{"solar":"1838-04-09 (월)","lunar":"1838-03-15","ganji":"무술(戊戌)년 병진(丙辰)월 정해(丁亥)일"},{"solar":"1838-04-10 (화)","lunar":"1838-03-16","ganji":"무술(戊戌)년 병진(丙辰)월 무자(戊子)일"},{"solar":"1838-04-11 (수)","lunar":"1838-03-17","ganji":"무술(戊戌)년 병진(丙辰)월 기축(己丑)일"},{"solar":"1838-04-12 (목)","lunar":"1838-03-18","ganji":"무술(戊戌)년 병진(丙辰)월 경인(庚寅)일"},{"solar":"1838-04-13 (금)","lunar":"1838-03-19","ganji":"무술(戊戌)년 병진(丙辰)월 신묘(辛卯)일"},{"solar":"1838-04-14 (토)","lunar":"1838-03-20","ganji":"무술(戊戌)년 병진(丙辰)월 임진(壬辰)일"},{"solar":"1838-04-15 (일)","lunar":"1838-03-21","ganji":"무술(戊戌)년 병진(丙辰)월 계사(癸巳)일"},{"solar":"1838-04-16 (월)","lunar":"1838-03-22","ganji":"무술(戊戌)년 병진(丙辰)월 갑오(甲午)일"},{"solar":"1838-04-17 (화)","lunar":"1838-03-23","ganji":"무술(戊戌)년 병진(丙辰)월 을미(乙未)일"},{"solar":"1838-04-18 (수)","lunar":"1838-03-24","ganji":"무술(戊戌)년 병진(丙辰)월 병신(丙申)일"},{"solar":"1838-04-19 (목)","lunar":"1838-03-25","ganji":"무술(戊戌)년 병진(丙辰)월 정유(丁酉)일"},{"solar":"1838-04-20 (금)","lunar":"1838-03-26","ganji":"무술(戊戌)년 병진(丙辰)월 무술(戊戌)일"},{"solar":"1838-04-21 (토)","lunar":"1838-03-27","ganji":"무술(戊戌)년 병진(丙辰)월 기해(己亥)일"},{"solar":"1838-04-22 (일)","lunar":"1838-03-28","ganji":"무술(戊戌)년 병진(丙辰)월 경자(庚子)일"},{"solar":"1838-04-23 (월)","lunar":"1838-03-29","ganji":"무술(戊戌)년 병진(丙辰)월 신축(辛丑)일"},{"solar":"1838-04-24 (화)","lunar":"1838-04-01","ganji":"무술(戊戌)년 정사(丁巳)월 임인(壬寅)일"},{"solar":"1838-04-25 (수)","lunar":"1838-04-02","ganji":"무술(戊戌)년 정사(丁巳)월 계묘(癸卯)일"},{"solar":"1838-04-26 (목)","lunar":"1838-04-03","ganji":"무술(戊戌)년 정사(丁巳)월 갑진(甲辰)일"},{"solar":"1838-04-27 (금)","lunar":"1838-04-04","ganji":"무술(戊戌)년 정사(丁巳)월 을사(乙巳)일"},{"solar":"1838-04-28 (토)","lunar":"1838-04-05","ganji":"무술(戊戌)년 정사(丁巳)월 병오(丙午)일"},{"solar":"1838-04-29 (일)","lunar":"1838-04-06","ganji":"무술(戊戌)년 정사(丁巳)월 정미(丁未)일"},{"solar":"1838-04-30 (월)","lunar":"1838-04-07","ganji":"무술(戊戌)년 정사(丁巳)월 무신(戊申)일"},{"solar":"1838-05-01 (화)","lunar":"1838-04-08","ganji":"무술(戊戌)년 정사(丁巳)월 기유(己酉)일"},{"solar":"1838-05-02 (수)","lunar":"1838-04-09","ganji":"무술(戊戌)년 정사(丁巳)월 경술(庚戌)일"},{"solar":"1838-05-03 (목)","lunar":"1838-04-10","ganji":"무술(戊戌)년 정사(丁巳)월 신해(辛亥)일"},{"solar":"1838-05-04 (금)","lunar":"1838-04-11","ganji":"무술(戊戌)년 정사(丁巳)월 임자(壬子)일"},{"solar":"1838-05-05 (토)","lunar":"1838-04-12","ganji":"무술(戊戌)년 정사(丁巳)월 계축(癸丑)일"},{"solar":"1838-05-06 (일)","lunar":"1838-04-13","ganji":"무술(戊戌)년 정사(丁巳)월 갑인(甲寅)일"},{"solar":"1838-05-07 (월)","lunar":"1838-04-14","ganji":"무술(戊戌)년 정사(丁巳)월 을묘(乙卯)일"},{"solar":"1838-05-08 (화)","lunar":"1838-04-15","ganji":"무술(戊戌)년 정사(丁巳)월 병진(丙辰)일"},{"solar":"1838-05-09 (수)","lunar":"1838-04-16","ganji":"무술(戊戌)년 정사(丁巳)월 정사(丁巳)일"},{"solar":"1838-05-10 (목)","lunar":"1838-04-17","ganji":"무술(戊戌)년 정사(丁巳)월 무오(戊午)일"},{"solar":"1838-05-11 (금)","lunar":"1838-04-18","ganji":"무술(戊戌)년 정사(丁巳)월 기미(己未)일"},{"solar":"1838-05-12 (토)","lunar":"1838-04-19","ganji":"무술(戊戌)년 정사(丁巳)월 경신(庚申)일"},{"solar":"1838-05-13 (일)","lunar":"1838-04-20","ganji":"무술(戊戌)년 정사(丁巳)월 신유(辛酉)일"},{"solar":"1838-05-14 (월)","lunar":"1838-04-21","ganji":"무술(戊戌)년 정사(丁巳)월 임술(壬戌)일"},{"solar":"1838-05-15 (화)","lunar":"1838-04-22","ganji":"무술(戊戌)년 정사(丁巳)월 계해(癸亥)일"},{"solar":"1838-05-16 (수)","lunar":"1838-04-23","ganji":"무술(戊戌)년 정사(丁巳)월 갑자(甲子)일"},{"solar":"1838-05-17 (목)","lunar":"1838-04-24","ganji":"무술(戊戌)년 정사(丁巳)월 을축(乙丑)일"},{"solar":"1838-05-18 (금)","lunar":"1838-04-25","ganji":"무술(戊戌)년 정사(丁巳)월 병인(丙寅)일"},{"solar":"1838-05-19 (토)","lunar":"1838-04-26","ganji":"무술(戊戌)년 정사(丁巳)월 정묘(丁卯)일"},{"solar":"1838-05-20 (일)","lunar":"1838-04-27","ganji":"무술(戊戌)년 정사(丁巳)월 무진(戊辰)일"},{"solar":"1838-05-21 (월)","lunar":"1838-04-28","ganji":"무술(戊戌)년 정사(丁巳)월 기사(己巳)일"},{"solar":"1838-05-22 (화)","lunar":"1838-04-29","ganji":"무술(戊戌)년 정사(丁巳)월 경오(庚午)일"},{"solar":"1838-05-23 (수)","lunar":"1838-04-30","ganji":"무술(戊戌)년 정사(丁巳)월 신미(辛未)일"},{"solar":"1838-05-24 (목)","lunar":"1838-04-01 (윤)","ganji":"무술(戊戌)년 임신(壬申)일"},{"solar":"1838-05-25 (금)","lunar":"1838-04-02 (윤)","ganji":"무술(戊戌)년 계유(癸酉)일"},{"solar":"1838-05-26 (토)","lunar":"1838-04-03 (윤)","ganji":"무술(戊戌)년 갑술(甲戌)일"},{"solar":"1838-05-27 (일)","lunar":"1838-04-04 (윤)","ganji":"무술(戊戌)년 을해(乙亥)일"},{"solar":"1838-05-28 (월)","lunar":"1838-04-05 (윤)","ganji":"무술(戊戌)년 병자(丙子)일"},{"solar":"1838-05-29 (화)","lunar":"1838-04-06 (윤)","ganji":"무술(戊戌)년 정축(丁丑)일"},{"solar":"1838-05-30 (수)","lunar":"1838-04-07 (윤)","ganji":"무술(戊戌)년 무인(戊寅)일"},{"solar":"1838-05-31 (목)","lunar":"1838-04-08 (윤)","ganji":"무술(戊戌)년 기묘(己卯)일"},{"solar":"1838-06-01 (금)","lunar":"1838-04-09 (윤)","ganji":"무술(戊戌)년 경진(庚辰)일"},{"solar":"1838-06-02 (토)","lunar":"1838-04-10 (윤)","ganji":"무술(戊戌)년 신사(辛巳)일"},{"solar":"1838-06-03 (일)","lunar":"1838-04-11 (윤)","ganji":"무술(戊戌)년 임오(壬午)일"},{"solar":"1838-06-04 (월)","lunar":"1838-04-12 (윤)","ganji":"무술(戊戌)년 계미(癸未)일"},{"solar":"1838-06-05 (화)","lunar":"1838-04-13 (윤)","ganji":"무술(戊戌)년 갑신(甲申)일"},{"solar":"1838-06-06 (수)","lunar":"1838-04-14 (윤)","ganji":"무술(戊戌)년 을유(乙酉)일"},{"solar":"1838-06-07 (목)","lunar":"1838-04-15 (윤)","ganji":"무술(戊戌)년 병술(丙戌)일"},{"solar":"1838-06-08 (금)","lunar":"1838-04-16 (윤)","ganji":"무술(戊戌)년 정해(丁亥)일"},{"solar":"1838-06-09 (토)","lunar":"1838-04-17 (윤)","ganji":"무술(戊戌)년 무자(戊子)일"},{"solar":"1838-06-10 (일)","lunar":"1838-04-18 (윤)","ganji":"무술(戊戌)년 기축(己丑)일"},{"solar":"1838-06-11 (월)","lunar":"1838-04-19 (윤)","ganji":"무술(戊戌)년 경인(庚寅)일"},{"solar":"1838-06-12 (화)","lunar":"1838-04-20 (윤)","ganji":"무술(戊戌)년 신묘(辛卯)일"},{"solar":"1838-06-13 (수)","lunar":"1838-04-21 (윤)","ganji":"무술(戊戌)년 임진(壬辰)일"},{"solar":"1838-06-14 (목)","lunar":"1838-04-22 (윤)","ganji":"무술(戊戌)년 계사(癸巳)일"},{"solar":"1838-06-15 (금)","lunar":"1838-04-23 (윤)","ganji":"무술(戊戌)년 갑오(甲午)일"},{"solar":"1838-06-16 (토)","lunar":"1838-04-24 (윤)","ganji":"무술(戊戌)년 을미(乙未)일"},{"solar":"1838-06-17 (일)","lunar":"1838-04-25 (윤)","ganji":"무술(戊戌)년 병신(丙申)일"},{"solar":"1838-06-18 (월)","lunar":"1838-04-26 (윤)","ganji":"무술(戊戌)년 정유(丁酉)일"},{"solar":"1838-06-19 (화)","lunar":"1838-04-27 (윤)","ganji":"무술(戊戌)년 무술(戊戌)일"},{"solar":"1838-06-20 (수)","lunar":"1838-04-28 (윤)","ganji":"무술(戊戌)년 기해(己亥)일"},{"solar":"1838-06-21 (목)","lunar":"1838-04-29 (윤)","ganji":"무술(戊戌)년 경자(庚子)일"},{"solar":"1838-06-22 (금)","lunar":"1838-05-01","ganji":"무술(戊戌)년 무오(戊午)월 신축(辛丑)일"},{"solar":"1838-06-23 (토)","lunar":"1838-05-02","ganji":"무술(戊戌)년 무오(戊午)월 임인(壬寅)일"},{"solar":"1838-06-24 (일)","lunar":"1838-05-03","ganji":"무술(戊戌)년 무오(戊午)월 계묘(癸卯)일"},{"solar":"1838-06-25 (월)","lunar":"1838-05-04","ganji":"무술(戊戌)년 무오(戊午)월 갑진(甲辰)일"},{"solar":"1838-06-26 (화)","lunar":"1838-05-05","ganji":"무술(戊戌)년 무오(戊午)월 을사(乙巳)일"},{"solar":"1838-06-27 (수)","lunar":"1838-05-06","ganji":"무술(戊戌)년 무오(戊午)월 병오(丙午)일"},{"solar":"1838-06-28 (목)","lunar":"1838-05-07","ganji":"무술(戊戌)년 무오(戊午)월 정미(丁未)일"},{"solar":"1838-06-29 (금)","lunar":"1838-05-08","ganji":"무술(戊戌)년 무오(戊午)월 무신(戊申)일"},{"solar":"1838-06-30 (토)","lunar":"1838-05-09","ganji":"무술(戊戌)년 무오(戊午)월 기유(己酉)일"},{"solar":"1838-07-01 (일)","lunar":"1838-05-10","ganji":"무술(戊戌)년 무오(戊午)월 경술(庚戌)일"},{"solar":"1838-07-02 (월)","lunar":"1838-05-11","ganji":"무술(戊戌)년 무오(戊午)월 신해(辛亥)일"},{"solar":"1838-07-03 (화)","lunar":"1838-05-12","ganji":"무술(戊戌)년 무오(戊午)월 임자(壬子)일"},{"solar":"1838-07-04 (수)","lunar":"1838-05-13","ganji":"무술(戊戌)년 무오(戊午)월 계축(癸丑)일"},{"solar":"1838-07-05 (목)","lunar":"1838-05-14","ganji":"무술(戊戌)년 무오(戊午)월 갑인(甲寅)일"},{"solar":"1838-07-06 (금)","lunar":"1838-05-15","ganji":"무술(戊戌)년 무오(戊午)월 을묘(乙卯)일"},{"solar":"1838-07-07 (토)","lunar":"1838-05-16","ganji":"무술(戊戌)년 무오(戊午)월 병진(丙辰)일"},{"solar":"1838-07-08 (일)","lunar":"1838-05-17","ganji":"무술(戊戌)년 무오(戊午)월 정사(丁巳)일"},{"solar":"1838-07-09 (월)","lunar":"1838-05-18","ganji":"무술(戊戌)년 무오(戊午)월 무오(戊午)일"},{"solar":"1838-07-10 (화)","lunar":"1838-05-19","ganji":"무술(戊戌)년 무오(戊午)월 기미(己未)일"},{"solar":"1838-07-11 (수)","lunar":"1838-05-20","ganji":"무술(戊戌)년 무오(戊午)월 경신(庚申)일"},{"solar":"1838-07-12 (목)","lunar":"1838-05-21","ganji":"무술(戊戌)년 무오(戊午)월 신유(辛酉)일"},{"solar":"1838-07-13 (금)","lunar":"1838-05-22","ganji":"무술(戊戌)년 무오(戊午)월 임술(壬戌)일"},{"solar":"1838-07-14 (토)","lunar":"1838-05-23","ganji":"무술(戊戌)년 무오(戊午)월 계해(癸亥)일"},{"solar":"1838-07-15 (일)","lunar":"1838-05-24","ganji":"무술(戊戌)년 무오(戊午)월 갑자(甲子)일"},{"solar":"1838-07-16 (월)","lunar":"1838-05-25","ganji":"무술(戊戌)년 무오(戊午)월 을축(乙丑)일"},{"solar":"1838-07-17 (화)","lunar":"1838-05-26","ganji":"무술(戊戌)년 무오(戊午)월 병인(丙寅)일"},{"solar":"1838-07-18 (수)","lunar":"1838-05-27","ganji":"무술(戊戌)년 무오(戊午)월 정묘(丁卯)일"},{"solar":"1838-07-19 (목)","lunar":"1838-05-28","ganji":"무술(戊戌)년 무오(戊午)월 무진(戊辰)일"},{"solar":"1838-07-20 (금)","lunar":"1838-05-29","ganji":"무술(戊戌)년 무오(戊午)월 기사(己巳)일"},{"solar":"1838-07-21 (토)","lunar":"1838-06-01","ganji":"무술(戊戌)년 기미(己未)월 경오(庚午)일"},{"solar":"1838-07-22 (일)","lunar":"1838-06-02","ganji":"무술(戊戌)년 기미(己未)월 신미(辛未)일"},{"solar":"1838-07-23 (월)","lunar":"1838-06-03","ganji":"무술(戊戌)년 기미(己未)월 임신(壬申)일"},{"solar":"1838-07-24 (화)","lunar":"1838-06-04","ganji":"무술(戊戌)년 기미(己未)월 계유(癸酉)일"},{"solar":"1838-07-25 (수)","lunar":"1838-06-05","ganji":"무술(戊戌)년 기미(己未)월 갑술(甲戌)일"},{"solar":"1838-07-26 (목)","lunar":"1838-06-06","ganji":"무술(戊戌)년 기미(己未)월 을해(乙亥)일"},{"solar":"1838-07-27 (금)","lunar":"1838-06-07","ganji":"무술(戊戌)년 기미(己未)월 병자(丙子)일"},{"solar":"1838-07-28 (토)","lunar":"1838-06-08","ganji":"무술(戊戌)년 기미(己未)월 정축(丁丑)일"},{"solar":"1838-07-29 (일)","lunar":"1838-06-09","ganji":"무술(戊戌)년 기미(己未)월 무인(戊寅)일"},{"solar":"1838-07-30 (월)","lunar":"1838-06-10","ganji":"무술(戊戌)년 기미(己未)월 기묘(己卯)일"},{"solar":"1838-07-31 (화)","lunar":"1838-06-11","ganji":"무술(戊戌)년 기미(己未)월 경진(庚辰)일"},{"solar":"1838-08-01 (수)","lunar":"1838-06-12","ganji":"무술(戊戌)년 기미(己未)월 신사(辛巳)일"},{"solar":"1838-08-02 (목)","lunar":"1838-06-13","ganji":"무술(戊戌)년 기미(己未)월 임오(壬午)일"},{"solar":"1838-08-03 (금)","lunar":"1838-06-14","ganji":"무술(戊戌)년 기미(己未)월 계미(癸未)일"},{"solar":"1838-08-04 (토)","lunar":"1838-06-15","ganji":"무술(戊戌)년 기미(己未)월 갑신(甲申)일"},{"solar":"1838-08-05 (일)","lunar":"1838-06-16","ganji":"무술(戊戌)년 기미(己未)월 을유(乙酉)일"},{"solar":"1838-08-06 (월)","lunar":"1838-06-17","ganji":"무술(戊戌)년 기미(己未)월 병술(丙戌)일"},{"solar":"1838-08-07 (화)","lunar":"1838-06-18","ganji":"무술(戊戌)년 기미(己未)월 정해(丁亥)일"},{"solar":"1838-08-08 (수)","lunar":"1838-06-19","ganji":"무술(戊戌)년 기미(己未)월 무자(戊子)일"},{"solar":"1838-08-09 (목)","lunar":"1838-06-20","ganji":"무술(戊戌)년 기미(己未)월 기축(己丑)일"},{"solar":"1838-08-10 (금)","lunar":"1838-06-21","ganji":"무술(戊戌)년 기미(己未)월 경인(庚寅)일"},{"solar":"1838-08-11 (토)","lunar":"1838-06-22","ganji":"무술(戊戌)년 기미(己未)월 신묘(辛卯)일"},{"solar":"1838-08-12 (일)","lunar":"1838-06-23","ganji":"무술(戊戌)년 기미(己未)월 임진(壬辰)일"},{"solar":"1838-08-13 (월)","lunar":"1838-06-24","ganji":"무술(戊戌)년 기미(己未)월 계사(癸巳)일"},{"solar":"1838-08-14 (화)","lunar":"1838-06-25","ganji":"무술(戊戌)년 기미(己未)월 갑오(甲午)일"},{"solar":"1838-08-15 (수)","lunar":"1838-06-26","ganji":"무술(戊戌)년 기미(己未)월 을미(乙未)일"},{"solar":"1838-08-16 (목)","lunar":"1838-06-27","ganji":"무술(戊戌)년 기미(己未)월 병신(丙申)일"},{"solar":"1838-08-17 (금)","lunar":"1838-06-28","ganji":"무술(戊戌)년 기미(己未)월 정유(丁酉)일"},{"solar":"1838-08-18 (토)","lunar":"1838-06-29","ganji":"무술(戊戌)년 기미(己未)월 무술(戊戌)일"},{"solar":"1838-08-19 (일)","lunar":"1838-06-30","ganji":"무술(戊戌)년 기미(己未)월 기해(己亥)일"},{"solar":"1838-08-20 (월)","lunar":"1838-07-01","ganji":"무술(戊戌)년 경신(庚申)월 경자(庚子)일"},{"solar":"1838-08-21 (화)","lunar":"1838-07-02","ganji":"무술(戊戌)년 경신(庚申)월 신축(辛丑)일"},{"solar":"1838-08-22 (수)","lunar":"1838-07-03","ganji":"무술(戊戌)년 경신(庚申)월 임인(壬寅)일"},{"solar":"1838-08-23 (목)","lunar":"1838-07-04","ganji":"무술(戊戌)년 경신(庚申)월 계묘(癸卯)일"},{"solar":"1838-08-24 (금)","lunar":"1838-07-05","ganji":"무술(戊戌)년 경신(庚申)월 갑진(甲辰)일"},{"solar":"1838-08-25 (토)","lunar":"1838-07-06","ganji":"무술(戊戌)년 경신(庚申)월 을사(乙巳)일"},{"solar":"1838-08-26 (일)","lunar":"1838-07-07","ganji":"무술(戊戌)년 경신(庚申)월 병오(丙午)일"},{"solar":"1838-08-27 (월)","lunar":"1838-07-08","ganji":"무술(戊戌)년 경신(庚申)월 정미(丁未)일"},{"solar":"1838-08-28 (화)","lunar":"1838-07-09","ganji":"무술(戊戌)년 경신(庚申)월 무신(戊申)일"},{"solar":"1838-08-29 (수)","lunar":"1838-07-10","ganji":"무술(戊戌)년 경신(庚申)월 기유(己酉)일"},{"solar":"1838-08-30 (목)","lunar":"1838-07-11","ganji":"무술(戊戌)년 경신(庚申)월 경술(庚戌)일"},{"solar":"1838-08-31 (금)","lunar":"1838-07-12","ganji":"무술(戊戌)년 경신(庚申)월 신해(辛亥)일"},{"solar":"1838-09-01 (토)","lunar":"1838-07-13","ganji":"무술(戊戌)년 경신(庚申)월 임자(壬子)일"},{"solar":"1838-09-02 (일)","lunar":"1838-07-14","ganji":"무술(戊戌)년 경신(庚申)월 계축(癸丑)일"},{"solar":"1838-09-03 (월)","lunar":"1838-07-15","ganji":"무술(戊戌)년 경신(庚申)월 갑인(甲寅)일"},{"solar":"1838-09-04 (화)","lunar":"1838-07-16","ganji":"무술(戊戌)년 경신(庚申)월 을묘(乙卯)일"},{"solar":"1838-09-05 (수)","lunar":"1838-07-17","ganji":"무술(戊戌)년 경신(庚申)월 병진(丙辰)일"},{"solar":"1838-09-06 (목)","lunar":"1838-07-18","ganji":"무술(戊戌)년 경신(庚申)월 정사(丁巳)일"},{"solar":"1838-09-07 (금)","lunar":"1838-07-19","ganji":"무술(戊戌)년 경신(庚申)월 무오(戊午)일"},{"solar":"1838-09-08 (토)","lunar":"1838-07-20","ganji":"무술(戊戌)년 경신(庚申)월 기미(己未)일"},{"solar":"1838-09-09 (일)","lunar":"1838-07-21","ganji":"무술(戊戌)년 경신(庚申)월 경신(庚申)일"},{"solar":"1838-09-10 (월)","lunar":"1838-07-22","ganji":"무술(戊戌)년 경신(庚申)월 신유(辛酉)일"},{"solar":"1838-09-11 (화)","lunar":"1838-07-23","ganji":"무술(戊戌)년 경신(庚申)월 임술(壬戌)일"},{"solar":"1838-09-12 (수)","lunar":"1838-07-24","ganji":"무술(戊戌)년 경신(庚申)월 계해(癸亥)일"},{"solar":"1838-09-13 (목)","lunar":"1838-07-25","ganji":"무술(戊戌)년 경신(庚申)월 갑자(甲子)일"},{"solar":"1838-09-14 (금)","lunar":"1838-07-26","ganji":"무술(戊戌)년 경신(庚申)월 을축(乙丑)일"},{"solar":"1838-09-15 (토)","lunar":"1838-07-27","ganji":"무술(戊戌)년 경신(庚申)월 병인(丙寅)일"},{"solar":"1838-09-16 (일)","lunar":"1838-07-28","ganji":"무술(戊戌)년 경신(庚申)월 정묘(丁卯)일"},{"solar":"1838-09-17 (월)","lunar":"1838-07-29","ganji":"무술(戊戌)년 경신(庚申)월 무진(戊辰)일"},{"solar":"1838-09-18 (화)","lunar":"1838-07-30","ganji":"무술(戊戌)년 경신(庚申)월 기사(己巳)일"},{"solar":"1838-09-19 (수)","lunar":"1838-08-01","ganji":"무술(戊戌)년 신유(辛酉)월 경오(庚午)일"},{"solar":"1838-09-20 (목)","lunar":"1838-08-02","ganji":"무술(戊戌)년 신유(辛酉)월 신미(辛未)일"},{"solar":"1838-09-21 (금)","lunar":"1838-08-03","ganji":"무술(戊戌)년 신유(辛酉)월 임신(壬申)일"},{"solar":"1838-09-22 (토)","lunar":"1838-08-04","ganji":"무술(戊戌)년 신유(辛酉)월 계유(癸酉)일"},{"solar":"1838-09-23 (일)","lunar":"1838-08-05","ganji":"무술(戊戌)년 신유(辛酉)월 갑술(甲戌)일"},{"solar":"1838-09-24 (월)","lunar":"1838-08-06","ganji":"무술(戊戌)년 신유(辛酉)월 을해(乙亥)일"},{"solar":"1838-09-25 (화)","lunar":"1838-08-07","ganji":"무술(戊戌)년 신유(辛酉)월 병자(丙子)일"},{"solar":"1838-09-26 (수)","lunar":"1838-08-08","ganji":"무술(戊戌)년 신유(辛酉)월 정축(丁丑)일"},{"solar":"1838-09-27 (목)","lunar":"1838-08-09","ganji":"무술(戊戌)년 신유(辛酉)월 무인(戊寅)일"},{"solar":"1838-09-28 (금)","lunar":"1838-08-10","ganji":"무술(戊戌)년 신유(辛酉)월 기묘(己卯)일"},{"solar":"1838-09-29 (토)","lunar":"1838-08-11","ganji":"무술(戊戌)년 신유(辛酉)월 경진(庚辰)일"},{"solar":"1838-09-30 (일)","lunar":"1838-08-12","ganji":"무술(戊戌)년 신유(辛酉)월 신사(辛巳)일"},{"solar":"1838-10-01 (월)","lunar":"1838-08-13","ganji":"무술(戊戌)년 신유(辛酉)월 임오(壬午)일"},{"solar":"1838-10-02 (화)","lunar":"1838-08-14","ganji":"무술(戊戌)년 신유(辛酉)월 계미(癸未)일"},{"solar":"1838-10-03 (수)","lunar":"1838-08-15","ganji":"무술(戊戌)년 신유(辛酉)월 갑신(甲申)일"},{"solar":"1838-10-04 (목)","lunar":"1838-08-16","ganji":"무술(戊戌)년 신유(辛酉)월 을유(乙酉)일"},{"solar":"1838-10-05 (금)","lunar":"1838-08-17","ganji":"무술(戊戌)년 신유(辛酉)월 병술(丙戌)일"},{"solar":"1838-10-06 (토)","lunar":"1838-08-18","ganji":"무술(戊戌)년 신유(辛酉)월 정해(丁亥)일"},{"solar":"1838-10-07 (일)","lunar":"1838-08-19","ganji":"무술(戊戌)년 신유(辛酉)월 무자(戊子)일"},{"solar":"1838-10-08 (월)","lunar":"1838-08-20","ganji":"무술(戊戌)년 신유(辛酉)월 기축(己丑)일"},{"solar":"1838-10-09 (화)","lunar":"1838-08-21","ganji":"무술(戊戌)년 신유(辛酉)월 경인(庚寅)일"},{"solar":"1838-10-10 (수)","lunar":"1838-08-22","ganji":"무술(戊戌)년 신유(辛酉)월 신묘(辛卯)일"},{"solar":"1838-10-11 (목)","lunar":"1838-08-23","ganji":"무술(戊戌)년 신유(辛酉)월 임진(壬辰)일"},{"solar":"1838-10-12 (금)","lunar":"1838-08-24","ganji":"무술(戊戌)년 신유(辛酉)월 계사(癸巳)일"},{"solar":"1838-10-13 (토)","lunar":"1838-08-25","ganji":"무술(戊戌)년 신유(辛酉)월 갑오(甲午)일"},{"solar":"1838-10-14 (일)","lunar":"1838-08-26","ganji":"무술(戊戌)년 신유(辛酉)월 을미(乙未)일"},{"solar":"1838-10-15 (월)","lunar":"1838-08-27","ganji":"무술(戊戌)년 신유(辛酉)월 병신(丙申)일"},{"solar":"1838-10-16 (화)","lunar":"1838-08-28","ganji":"무술(戊戌)년 신유(辛酉)월 정유(丁酉)일"},{"solar":"1838-10-17 (수)","lunar":"1838-08-29","ganji":"무술(戊戌)년 신유(辛酉)월 무술(戊戌)일"},{"solar":"1838-10-18 (목)","lunar":"1838-09-01","ganji":"무술(戊戌)년 임술(壬戌)월 기해(己亥)일"},{"solar":"1838-10-19 (금)","lunar":"1838-09-02","ganji":"무술(戊戌)년 임술(壬戌)월 경자(庚子)일"},{"solar":"1838-10-20 (토)","lunar":"1838-09-03","ganji":"무술(戊戌)년 임술(壬戌)월 신축(辛丑)일"},{"solar":"1838-10-21 (일)","lunar":"1838-09-04","ganji":"무술(戊戌)년 임술(壬戌)월 임인(壬寅)일"},{"solar":"1838-10-22 (월)","lunar":"1838-09-05","ganji":"무술(戊戌)년 임술(壬戌)월 계묘(癸卯)일"},{"solar":"1838-10-23 (화)","lunar":"1838-09-06","ganji":"무술(戊戌)년 임술(壬戌)월 갑진(甲辰)일"},{"solar":"1838-10-24 (수)","lunar":"1838-09-07","ganji":"무술(戊戌)년 임술(壬戌)월 을사(乙巳)일"},{"solar":"1838-10-25 (목)","lunar":"1838-09-08","ganji":"무술(戊戌)년 임술(壬戌)월 병오(丙午)일"},{"solar":"1838-10-26 (금)","lunar":"1838-09-09","ganji":"무술(戊戌)년 임술(壬戌)월 정미(丁未)일"},{"solar":"1838-10-27 (토)","lunar":"1838-09-10","ganji":"무술(戊戌)년 임술(壬戌)월 무신(戊申)일"},{"solar":"1838-10-28 (일)","lunar":"1838-09-11","ganji":"무술(戊戌)년 임술(壬戌)월 기유(己酉)일"},{"solar":"1838-10-29 (월)","lunar":"1838-09-12","ganji":"무술(戊戌)년 임술(壬戌)월 경술(庚戌)일"},{"solar":"1838-10-30 (화)","lunar":"1838-09-13","ganji":"무술(戊戌)년 임술(壬戌)월 신해(辛亥)일"},{"solar":"1838-10-31 (수)","lunar":"1838-09-14","ganji":"무술(戊戌)년 임술(壬戌)월 임자(壬子)일"},{"solar":"1838-11-01 (목)","lunar":"1838-09-15","ganji":"무술(戊戌)년 임술(壬戌)월 계축(癸丑)일"},{"solar":"1838-11-02 (금)","lunar":"1838-09-16","ganji":"무술(戊戌)년 임술(壬戌)월 갑인(甲寅)일"},{"solar":"1838-11-03 (토)","lunar":"1838-09-17","ganji":"무술(戊戌)년 임술(壬戌)월 을묘(乙卯)일"},{"solar":"1838-11-04 (일)","lunar":"1838-09-18","ganji":"무술(戊戌)년 임술(壬戌)월 병진(丙辰)일"},{"solar":"1838-11-05 (월)","lunar":"1838-09-19","ganji":"무술(戊戌)년 임술(壬戌)월 정사(丁巳)일"},{"solar":"1838-11-06 (화)","lunar":"1838-09-20","ganji":"무술(戊戌)년 임술(壬戌)월 무오(戊午)일"},{"solar":"1838-11-07 (수)","lunar":"1838-09-21","ganji":"무술(戊戌)년 임술(壬戌)월 기미(己未)일"},{"solar":"1838-11-08 (목)","lunar":"1838-09-22","ganji":"무술(戊戌)년 임술(壬戌)월 경신(庚申)일"},{"solar":"1838-11-09 (금)","lunar":"1838-09-23","ganji":"무술(戊戌)년 임술(壬戌)월 신유(辛酉)일"},{"solar":"1838-11-10 (토)","lunar":"1838-09-24","ganji":"무술(戊戌)년 임술(壬戌)월 임술(壬戌)일"},{"solar":"1838-11-11 (일)","lunar":"1838-09-25","ganji":"무술(戊戌)년 임술(壬戌)월 계해(癸亥)일"},{"solar":"1838-11-12 (월)","lunar":"1838-09-26","ganji":"무술(戊戌)년 임술(壬戌)월 갑자(甲子)일"},{"solar":"1838-11-13 (화)","lunar":"1838-09-27","ganji":"무술(戊戌)년 임술(壬戌)월 을축(乙丑)일"},{"solar":"1838-11-14 (수)","lunar":"1838-09-28","ganji":"무술(戊戌)년 임술(壬戌)월 병인(丙寅)일"},{"solar":"1838-11-15 (목)","lunar":"1838-09-29","ganji":"무술(戊戌)년 임술(壬戌)월 정묘(丁卯)일"},{"solar":"1838-11-16 (금)","lunar":"1838-09-30","ganji":"무술(戊戌)년 임술(壬戌)월 무진(戊辰)일"},{"solar":"1838-11-17 (토)","lunar":"1838-10-01","ganji":"무술(戊戌)년 계해(癸亥)월 기사(己巳)일"},{"solar":"1838-11-18 (일)","lunar":"1838-10-02","ganji":"무술(戊戌)년 계해(癸亥)월 경오(庚午)일"},{"solar":"1838-11-19 (월)","lunar":"1838-10-03","ganji":"무술(戊戌)년 계해(癸亥)월 신미(辛未)일"},{"solar":"1838-11-20 (화)","lunar":"1838-10-04","ganji":"무술(戊戌)년 계해(癸亥)월 임신(壬申)일"},{"solar":"1838-11-21 (수)","lunar":"1838-10-05","ganji":"무술(戊戌)년 계해(癸亥)월 계유(癸酉)일"},{"solar":"1838-11-22 (목)","lunar":"1838-10-06","ganji":"무술(戊戌)년 계해(癸亥)월 갑술(甲戌)일"},{"solar":"1838-11-23 (금)","lunar":"1838-10-07","ganji":"무술(戊戌)년 계해(癸亥)월 을해(乙亥)일"},{"solar":"1838-11-24 (토)","lunar":"1838-10-08","ganji":"무술(戊戌)년 계해(癸亥)월 병자(丙子)일"},{"solar":"1838-11-25 (일)","lunar":"1838-10-09","ganji":"무술(戊戌)년 계해(癸亥)월 정축(丁丑)일"},{"solar":"1838-11-26 (월)","lunar":"1838-10-10","ganji":"무술(戊戌)년 계해(癸亥)월 무인(戊寅)일"},{"solar":"1838-11-27 (화)","lunar":"1838-10-11","ganji":"무술(戊戌)년 계해(癸亥)월 기묘(己卯)일"},{"solar":"1838-11-28 (수)","lunar":"1838-10-12","ganji":"무술(戊戌)년 계해(癸亥)월 경진(庚辰)일"},{"solar":"1838-11-29 (목)","lunar":"1838-10-13","ganji":"무술(戊戌)년 계해(癸亥)월 신사(辛巳)일"},{"solar":"1838-11-30 (금)","lunar":"1838-10-14","ganji":"무술(戊戌)년 계해(癸亥)월 임오(壬午)일"},{"solar":"1838-12-01 (토)","lunar":"1838-10-15","ganji":"무술(戊戌)년 계해(癸亥)월 계미(癸未)일"},{"solar":"1838-12-02 (일)","lunar":"1838-10-16","ganji":"무술(戊戌)년 계해(癸亥)월 갑신(甲申)일"},{"solar":"1838-12-03 (월)","lunar":"1838-10-17","ganji":"무술(戊戌)년 계해(癸亥)월 을유(乙酉)일"},{"solar":"1838-12-04 (화)","lunar":"1838-10-18","ganji":"무술(戊戌)년 계해(癸亥)월 병술(丙戌)일"},{"solar":"1838-12-05 (수)","lunar":"1838-10-19","ganji":"무술(戊戌)년 계해(癸亥)월 정해(丁亥)일"},{"solar":"1838-12-06 (목)","lunar":"1838-10-20","ganji":"무술(戊戌)년 계해(癸亥)월 무자(戊子)일"},{"solar":"1838-12-07 (금)","lunar":"1838-10-21","ganji":"무술(戊戌)년 계해(癸亥)월 기축(己丑)일"},{"solar":"1838-12-08 (토)","lunar":"1838-10-22","ganji":"무술(戊戌)년 계해(癸亥)월 경인(庚寅)일"},{"solar":"1838-12-09 (일)","lunar":"1838-10-23","ganji":"무술(戊戌)년 계해(癸亥)월 신묘(辛卯)일"},{"solar":"1838-12-10 (월)","lunar":"1838-10-24","ganji":"무술(戊戌)년 계해(癸亥)월 임진(壬辰)일"},{"solar":"1838-12-11 (화)","lunar":"1838-10-25","ganji":"무술(戊戌)년 계해(癸亥)월 계사(癸巳)일"},{"solar":"1838-12-12 (수)","lunar":"1838-10-26","ganji":"무술(戊戌)년 계해(癸亥)월 갑오(甲午)일"},{"solar":"1838-12-13 (목)","lunar":"1838-10-27","ganji":"무술(戊戌)년 계해(癸亥)월 을미(乙未)일"},{"solar":"1838-12-14 (금)","lunar":"1838-10-28","ganji":"무술(戊戌)년 계해(癸亥)월 병신(丙申)일"},{"solar":"1838-12-15 (토)","lunar":"1838-10-29","ganji":"무술(戊戌)년 계해(癸亥)월 정유(丁酉)일"},{"solar":"1838-12-16 (일)","lunar":"1838-10-30","ganji":"무술(戊戌)년 계해(癸亥)월 무술(戊戌)일"},{"solar":"1838-12-17 (월)","lunar":"1838-11-01","ganji":"무술(戊戌)년 갑자(甲子)월 기해(己亥)일"},{"solar":"1838-12-18 (화)","lunar":"1838-11-02","ganji":"무술(戊戌)년 갑자(甲子)월 경자(庚子)일"},{"solar":"1838-12-19 (수)","lunar":"1838-11-03","ganji":"무술(戊戌)년 갑자(甲子)월 신축(辛丑)일"},{"solar":"1838-12-20 (목)","lunar":"1838-11-04","ganji":"무술(戊戌)년 갑자(甲子)월 임인(壬寅)일"},{"solar":"1838-12-21 (금)","lunar":"1838-11-05","ganji":"무술(戊戌)년 갑자(甲子)월 계묘(癸卯)일"},{"solar":"1838-12-22 (토)","lunar":"1838-11-06","ganji":"무술(戊戌)년 갑자(甲子)월 갑진(甲辰)일"},{"solar":"1838-12-23 (일)","lunar":"1838-11-07","ganji":"무술(戊戌)년 갑자(甲子)월 을사(乙巳)일"},{"solar":"1838-12-24 (월)","lunar":"1838-11-08","ganji":"무술(戊戌)년 갑자(甲子)월 병오(丙午)일"},{"solar":"1838-12-25 (화)","lunar":"1838-11-09","ganji":"무술(戊戌)년 갑자(甲子)월 정미(丁未)일"},{"solar":"1838-12-26 (수)","lunar":"1838-11-10","ganji":"무술(戊戌)년 갑자(甲子)월 무신(戊申)일"},{"solar":"1838-12-27 (목)","lunar":"1838-11-11","ganji":"무술(戊戌)년 갑자(甲子)월 기유(己酉)일"},{"solar":"1838-12-28 (금)","lunar":"1838-11-12","ganji":"무술(戊戌)년 갑자(甲子)월 경술(庚戌)일"},{"solar":"1838-12-29 (토)","lunar":"1838-11-13","ganji":"무술(戊戌)년 갑자(甲子)월 신해(辛亥)일"},{"solar":"1838-12-30 (일)","lunar":"1838-11-14","ganji":"무술(戊戌)년 갑자(甲子)월 임자(壬子)일"},{"solar":"1838-12-31 (월)","lunar":"1838-11-15","ganji":"무술(戊戌)년 갑자(甲子)월 계축(癸丑)일"}]