[{"solar":"1859-01-01 (토)","lunar":"1858-11-28","ganji":"무오(戊午)년 갑자(甲子)월 기해(己亥)일"},{"solar":"1859-01-02 (일)","lunar":"1858-11-29","ganji":"무오(戊午)년 갑자(甲子)월 경자(庚子)일"},{"solar":"1859-01-03 (월)","lunar":"1858-11-30","ganji":"무오(戊午)년 갑자(甲子)월 신축(辛丑)일"},{"solar":"1859-01-04 (화)","lunar":"1858-12-01","ganji":"무오(戊午)년 을축(乙丑)월 임인(壬寅)일"},{"solar":"1859-01-05 (수)","lunar":"1858-12-02","ganji":"무오(戊午)년 을축(乙丑)월 계묘(癸卯)일"},{"solar":"1859-01-06 (목)","lunar":"1858-12-03","ganji":"무오(戊午)년 을축(乙丑)월 갑진(甲辰)일"},{"solar":"1859-01-07 (금)","lunar":"1858-12-04","ganji":"무오(戊午)년 을축(乙丑)월 을사(乙巳)일"},{"solar":"1859-01-08 (토)","lunar":"1858-12-05","ganji":"무오(戊午)년 을축(乙丑)월 병오(丙午)일"},{"solar":"1859-01-09 (일)","lunar":"1858-12-06","ganji":"무오(戊午)년 을축(乙丑)월 정미(丁未)일"},{"solar":"1859-01-10 (월)","lunar":"1858-12-07","ganji":"무오(戊午)년 을축(乙丑)월 무신(戊申)일"},{"solar":"1859-01-11 (화)","lunar":"1858-12-08","ganji":"무오(戊午)년 을축(乙丑)월 기유(己酉)일"},{"solar":"1859-01-12 (수)","lunar":"1858-12-09","ganji":"무오(戊午)년 을축(乙丑)월 경술(庚戌)일"},{"solar":"1859-01-13 (목)","lunar":"1858-12-10","ganji":"무오(戊午)년 을축(乙丑)월 신해(辛亥)일"},{"solar":"1859-01-14 (금)","lunar":"1858-12-11","ganji":"무오(戊午)년 을축(乙丑)월 임자(壬子)일"},{"solar":"1859-01-15 (토)","lunar":"1858-12-12","ganji":"무오(戊午)년 을축(乙丑)월 계축(癸丑)일"},{"solar":"1859-01-16 (일)","lunar":"1858-12-13","ganji":"무오(戊午)년 을축(乙丑)월 갑인(甲寅)일"},{"solar":"1859-01-17 (월)","lunar":"1858-12-14","ganji":"무오(戊午)년 을축(乙丑)월 을묘(乙卯)일"},{"solar":"1859-01-18 (화)","lunar":"1858-12-15","ganji":"무오(戊午)년 을축(乙丑)월 병진(丙辰)일"},{"solar":"1859-01-19 (수)","lunar":"1858-12-16","ganji":"무오(戊午)년 을축(乙丑)월 정사(丁巳)일"},{"solar":"1859-01-20 (목)","lunar":"1858-12-17","ganji":"무오(戊午)년 을축(乙丑)월 무오(戊午)일"},{"solar":"1859-01-21 (금)","lunar":"1858-12-18","ganji":"무오(戊午)년 을축(乙丑)월 기미(己未)일"},{"solar":"1859-01-22 (토)","lunar":"1858-12-19","ganji":"무오(戊午)년 을축(乙丑)월 경신(庚申)일"},{"solar":"1859-01-23 (일)","lunar":"1858-12-20","ganji":"무오(戊午)년 을축(乙丑)월 신유(辛酉)일"},{"solar":"1859-01-24 (월)","lunar":"1858-12-21","ganji":"무오(戊午)년 을축(乙丑)월 임술(壬戌)일"},{"solar":"1859-01-25 (화)","lunar":"1858-12-22","ganji":"무오(戊午)년 을축(乙丑)월 계해(癸亥)일"},{"solar":"1859-01-26 (수)","lunar":"1858-12-23","ganji":"무오(戊午)년 을축(乙丑)월 갑자(甲子)일"},{"solar":"1859-01-27 (목)","lunar":"1858-12-24","ganji":"무오(戊午)년 을축(乙丑)월 을축(乙丑)일"},{"solar":"1859-01-28 (금)","lunar":"1858-12-25","ganji":"무오(戊午)년 을축(乙丑)월 병인(丙寅)일"},{"solar":"1859-01-29 (토)","lunar":"1858-12-26","ganji":"무오(戊午)년 을축(乙丑)월 정묘(丁卯)일"},{"solar":"1859-01-30 (일)","lunar":"1858-12-27","ganji":"무오(戊午)년 을축(乙丑)월 무진(戊辰)일"},{"solar":"1859-01-31 (월)","lunar":"1858-12-28","ganji":"무오(戊午)년 을축(乙丑)월 기사(己巳)일"},{"solar":"1859-02-01 (화)","lunar":"1858-12-29","ganji":"무오(戊午)년 을축(乙丑)월 경오(庚午)일"},{"solar":"1859-02-02 (수)","lunar":"1858-12-30","ganji":"무오(戊午)년 을축(乙丑)월 신미(辛未)일"},{"solar":"1859-02-03 (목)","lunar":"1859-01-01","ganji":"기미(己未)년 병인(丙寅)월 임신(壬申)일"},{"solar":"1859-02-04 (금)","lunar":"1859-01-02","ganji":"기미(己未)년 병인(丙寅)월 계유(癸酉)일"},{"solar":"1859-02-05 (토)","lunar":"1859-01-03","ganji":"기미(己未)년 병인(丙寅)월 갑술(甲戌)일"},{"solar":"1859-02-06 (일)","lunar":"1859-01-04","ganji":"기미(己未)년 병인(丙寅)월 을해(乙亥)일"},{"solar":"1859-02-07 (월)","lunar":"1859-01-05","ganji":"기미(己未)년 병인(丙寅)월 병자(丙子)일"},{"solar":"1859-02-08 (화)","lunar":"1859-01-06","ganji":"기미(己未)년 병인(丙寅)월 정축(丁丑)일"},{"solar":"1859-02-09 (수)","lunar":"1859-01-07","ganji":"기미(己未)년 병인(丙寅)월 무인(戊寅)일"},{"solar":"1859-02-10 (목)","lunar":"1859-01-08","ganji":"기미(己未)년 병인(丙寅)월 기묘(己卯)일"},{"solar":"1859-02-11 (금)","lunar":"1859-01-09","ganji":"기미(己未)년 병인(丙寅)월 경진(庚辰)일"},{"solar":"1859-02-12 (토)","lunar":"1859-01-10","ganji":"기미(己未)년 병인(丙寅)월 신사(辛巳)일"},{"solar":"1859-02-13 (일)","lunar":"1859-01-11","ganji":"기미(己未)년 병인(丙寅)월 임오(壬午)일"},{"solar":"1859-02-14 (월)","lunar":"1859-01-12","ganji":"기미(己未)년 병인(丙寅)월 계미(癸未)일"},{"solar":"1859-02-15 (화)","lunar":"1859-01-13","ganji":"기미(己未)년 병인(丙寅)월 갑신(甲申)일"},{"solar":"1859-02-16 (수)","lunar":"1859-01-14","ganji":"기미(己未)년 병인(丙寅)월 을유(乙酉)일"},{"solar":"1859-02-17 (목)","lunar":"1859-01-15","ganji":"기미(己未)년 병인(丙寅)월 병술(丙戌)일"},{"solar":"1859-02-18 (금)","lunar":"1859-01-16","ganji":"기미(己未)년 병인(丙寅)월 정해(丁亥)일"},{"solar":"1859-02-19 (토)","lunar":"1859-01-17","ganji":"기미(己未)년 병인(丙寅)월 무자(戊子)일"},{"solar":"1859-02-20 (일)","lunar":"1859-01-18","ganji":"기미(己未)년 병인(丙寅)월 기축(己丑)일"},{"solar":"1859-02-21 (월)","lunar":"1859-01-19","ganji":"기미(己未)년 병인(丙寅)월 경인(庚寅)일"},{"solar":"1859-02-22 (화)","lunar":"1859-01-20","ganji":"기미(己未)년 병인(丙寅)월 신묘(辛卯)일"},{"solar":"1859-02-23 (수)","lunar":"1859-01-21","ganji":"기미(己未)년 병인(丙寅)월 임진(壬辰)일"},{"solar":"1859-02-24 (목)","lunar":"1859-01-22","ganji":"기미(己未)년 병인(丙寅)월 계사(癸巳)일"},{"solar":"1859-02-25 (금)","lunar":"1859-01-23","ganji":"기미(己未)년 병인(丙寅)월 갑오(甲午)일"},{"solar":"1859-02-26 (토)","lunar":"1859-01-24","ganji":"기미(己未)년 병인(丙寅)월 을미(乙未)일"},{"solar":"1859-02-27 (일)","lunar":"1859-01-25","ganji":"기미(己未)년 병인(丙寅)월 병신(丙申)일"},{"solar":"1859-02-28 (월)","lunar":"1859-01-26","ganji":"기미(己未)년 병인(丙寅)월 정유(丁酉)일"},{"solar":"1859-03-01 (화)","lunar":"1859-01-27","ganji":"기미(己未)년 병인(丙寅)월 무술(戊戌)일"},{"solar":"1859-03-02 (수)","lunar":"1859-01-28","ganji":"기미(己未)년 병인(丙寅)월 기해(己亥)일"},{"solar":"1859-03-03 (목)","lunar":"1859-01-29","ganji":"기미(己未)년 병인(丙寅)월 경자(庚子)일"},{"solar":"1859-03-04 (금)","lunar":"1859-01-30","ganji":"기미(己未)년 병인(丙寅)월 신축(辛丑)일"},{"solar":"1859-03-05 (토)","lunar":"1859-02-01","ganji":"기미(己未)년 정묘(丁卯)월 임인(壬寅)일"},{"solar":"1859-03-06 (일)","lunar":"1859-02-02","ganji":"기미(己未)년 정묘(丁卯)월 계묘(癸卯)일"},{"solar":"1859-03-07 (월)","lunar":"1859-02-03","ganji":"기미(己未)년 정묘(丁卯)월 갑진(甲辰)일"},{"solar":"1859-03-08 (화)","lunar":"1859-02-04","ganji":"기미(己未)년 정묘(丁卯)월 을사(乙巳)일"},{"solar":"1859-03-09 (수)","lunar":"1859-02-05","ganji":"기미(己未)년 정묘(丁卯)월 병오(丙午)일"},{"solar":"1859-03-10 (목)","lunar":"1859-02-06","ganji":"기미(己未)년 정묘(丁卯)월 정미(丁未)일"},{"solar":"1859-03-11 (금)","lunar":"1859-02-07","ganji":"기미(己未)년 정묘(丁卯)월 무신(戊申)일"},{"solar":"1859-03-12 (토)","lunar":"1859-02-08","ganji":"기미(己未)년 정묘(丁卯)월 기유(己酉)일"},{"solar":"1859-03-13 (일)","lunar":"1859-02-09","ganji":"기미(己未)년 정묘(丁卯)월 경술(庚戌)일"},{"solar":"1859-03-14 (월)","lunar":"1859-02-10","ganji":"기미(己未)년 정묘(丁卯)월 신해(辛亥)일"},{"solar":"1859-03-15 (화)","lunar":"1859-02-11","ganji":"기미(己未)년 정묘(丁卯)월 임자(壬子)일"},{"solar":"1859-03-16 (수)","lunar":"1859-02-12","ganji":"기미(己未)년 정묘(丁卯)월 계축(癸丑)일"},{"solar":"1859-03-17 (목)","lunar":"1859-02-13","ganji":"기미(己未)년 정묘(丁卯)월 갑인(甲寅)일"},{"solar":"1859-03-18 (금)","lunar":"1859-02-14","ganji":"기미(己未)년 정묘(丁卯)월 을묘(乙卯)일"},{"solar":"1859-03-19 (토)","lunar":"1859-02-15","ganji":"기미(己未)년 정묘(丁卯)월 병진(丙辰)일"},{"solar":"1859-03-20 (일)","lunar":"1859-02-16","ganji":"기미(己未)년 정묘(丁卯)월 정사(丁巳)일"},{"solar":"1859-03-21 (월)","lunar":"1859-02-17","ganji":"기미(己未)년 정묘(丁卯)월 무오(戊午)일"},{"solar":"1859-03-22 (화)","lunar":"1859-02-18","ganji":"기미(己未)년 정묘(丁卯)월 기미(己未)일"},{"solar":"1859-03-23 (수)","lunar":"1859-02-19","ganji":"기미(己未)년 정묘(丁卯)월 경신(庚申)일"},{"solar":"1859-03-24 (목)","lunar":"1859-02-20","ganji":"기미(己未)년 정묘(丁卯)월 신유(辛酉)일"},{"solar":"1859-03-25 (금)","lunar":"1859-02-21","ganji":"기미(己未)년 정묘(丁卯)월 임술(壬戌)일"},{"solar":"1859-03-26 (토)","lunar":"1859-02-22","ganji":"기미(己未)년 정묘(丁卯)월 계해(癸亥)일"},{"solar":"1859-03-27 (일)","lunar":"1859-02-23","ganji":"기미(己未)년 정묘(丁卯)월 갑자(甲子)일"},{"solar":"1859-03-28 (월)","lunar":"1859-02-24","ganji":"기미(己未)년 정묘(丁卯)월 을축(乙丑)일"},{"solar":"1859-03-29 (화)","lunar":"1859-02-25","ganji":"기미(己未)년 정묘(丁卯)월 병인(丙寅)일"},{"solar":"1859-03-30 (수)","lunar":"1859-02-26","ganji":"기미(己未)년 정묘(丁卯)월 정묘(丁卯)일"},{"solar":"1859-03-31 (목)","lunar":"1859-02-27","ganji":"기미(己未)년 정묘(丁卯)월 무진(戊辰)일"},{"solar":"1859-04-01 (금)","lunar":"1859-02-28","ganji":"기미(己未)년 정묘(丁卯)월 기사(己巳)일"},{"solar":"1859-04-02 (토)","lunar":"1859-02-29","ganji":"기미(己未)년 정묘(丁卯)월 경오(庚午)일"},{"solar":"1859-04-03 (일)","lunar":"1859-03-01","ganji":"기미(己未)년 무진(戊辰)월 신미(辛未)일"},{"solar":"1859-04-04 (월)","lunar":"1859-03-02","ganji":"기미(己未)년 무진(戊辰)월 임신(壬申)일"},{"solar":"1859-04-05 (화)","lunar":"1859-03-03","ganji":"기미(己未)년 무진(戊辰)월 계유(癸酉)일"},{"solar":"1859-04-06 (수)","lunar":"1859-03-04","ganji":"기미(己未)년 무진(戊辰)월 갑술(甲戌)일"},{"solar":"1859-04-07 (목)","lunar":"1859-03-05","ganji":"기미(己未)년 무진(戊辰)월 을해(乙亥)일"},{"solar":"1859-04-08 (금)","lunar":"1859-03-06","ganji":"기미(己未)년 무진(戊辰)월 병자(丙子)일"},{"solar":"1859-04-09 (토)","lunar":"1859-03-07","ganji":"기미(己未)년 무진(戊辰)월 정축(丁丑)일"},{"solar":"1859-04-10 (일)","lunar":"1859-03-08","ganji":"기미(己未)년 무진(戊辰)월 무인(戊寅)일"},{"solar":"1859-04-11 (월)","lunar":"1859-03-09","ganji":"기미(己未)년 무진(戊辰)월 기묘(己卯)일"},{"solar":"1859-04-12 (화)","lunar":"1859-03-10","ganji":"기미(己未)년 무진(戊辰)월 경진(庚辰)일"},{"solar":"1859-04-13 (수)","lunar":"1859-03-11","ganji":"기미(己未)년 무진(戊辰)월 신사(辛巳)일"},{"solar":"1859-04-14 (목)","lunar":"1859-03-12","ganji":"기미(己未)년 무진(戊辰)월 임오(壬午)일"},{"solar":"1859-04-15 (금)","lunar":"1859-03-13","ganji":"기미(己未)년 무진(戊辰)월 계미(癸未)일"},{"solar":"1859-04-16 (토)","lunar":"1859-03-14","ganji":"기미(己未)년 무진(戊辰)월 갑신(甲申)일"},{"solar":"1859-04-17 (일)","lunar":"1859-03-15","ganji":"기미(己未)년 무진(戊辰)월 을유(乙酉)일"},{"solar":"1859-04-18 (월)","lunar":"1859-03-16","ganji":"기미(己未)년 무진(戊辰)월 병술(丙戌)일"},{"solar":"1859-04-19 (화)","lunar":"1859-03-17","ganji":"기미(己未)년 무진(戊辰)월 정해(丁亥)일"},{"solar":"1859-04-20 (수)","lunar":"1859-03-18","ganji":"기미(己未)년 무진(戊辰)월 무자(戊子)일"},{"solar":"1859-04-21 (목)","lunar":"1859-03-19","ganji":"기미(己未)년 무진(戊辰)월 기축(己丑)일"},{"solar":"1859-04-22 (금)","lunar":"1859-03-20","ganji":"기미(己未)년 무진(戊辰)월 경인(庚寅)일"},{"solar":"1859-04-23 (토)","lunar":"1859-03-21","ganji":"기미(己未)년 무진(戊辰)월 신묘(辛卯)일"},{"solar":"1859-04-24 (일)","lunar":"1859-03-22","ganji":"기미(己未)년 무진(戊辰)월 임진(壬辰)일"},{"solar":"1859-04-25 (월)","lunar":"1859-03-23","ganji":"기미(己未)년 무진(戊辰)월 계사(癸巳)일"},{"solar":"1859-04-26 (화)","lunar":"1859-03-24","ganji":"기미(己未)년 무진(戊辰)월 갑오(甲午)일"},{"solar":"1859-04-27 (수)","lunar":"1859-03-25","ganji":"기미(己未)년 무진(戊辰)월 을미(乙未)일"},{"solar":"1859-04-28 (목)","lunar":"1859-03-26","ganji":"기미(己未)년 무진(戊辰)월 병신(丙申)일"},{"solar":"1859-04-29 (금)","lunar":"1859-03-27","ganji":"기미(己未)년 무진(戊辰)월 정유(丁酉)일"},{"solar":"1859-04-30 (토)","lunar":"1859-03-28","ganji":"기미(己未)년 무진(戊辰)월 무술(戊戌)일"},{"solar":"1859-05-01 (일)","lunar":"1859-03-29","ganji":"기미(己未)년 무진(戊辰)월 기해(己亥)일"},{"solar":"1859-05-02 (월)","lunar":"1859-03-30","ganji":"기미(己未)년 무진(戊辰)월 경자(庚子)일"},{"solar":"1859-05-03 (화)","lunar":"1859-04-01","ganji":"기미(己未)년 기사(己巳)월 신축(辛丑)일"},{"solar":"1859-05-04 (수)","lunar":"1859-04-02","ganji":"기미(己未)년 기사(己巳)월 임인(壬寅)일"},{"solar":"1859-05-05 (목)","lunar":"1859-04-03","ganji":"기미(己未)년 기사(己巳)월 계묘(癸卯)일"},{"solar":"1859-05-06 (금)","lunar":"1859-04-04","ganji":"기미(己未)년 기사(己巳)월 갑진(甲辰)일"},{"solar":"1859-05-07 (토)","lunar":"1859-04-05","ganji":"기미(己未)년 기사(己巳)월 을사(乙巳)일"},{"solar":"1859-05-08 (일)","lunar":"1859-04-06","ganji":"기미(己未)년 기사(己巳)월 병오(丙午)일"},{"solar":"1859-05-09 (월)","lunar":"1859-04-07","ganji":"기미(己未)년 기사(己巳)월 정미(丁未)일"},{"solar":"1859-05-10 (화)","lunar":"1859-04-08","ganji":"기미(己未)년 기사(己巳)월 무신(戊申)일"},{"solar":"1859-05-11 (수)","lunar":"1859-04-09","ganji":"기미(己未)년 기사(己巳)월 기유(己酉)일"},{"solar":"1859-05-12 (목)","lunar":"1859-04-10","ganji":"기미(己未)년 기사(己巳)월 경술(庚戌)일"},{"solar":"1859-05-13 (금)","lunar":"1859-04-11","ganji":"기미(己未)년 기사(己巳)월 신해(辛亥)일"},{"solar":"1859-05-14 (토)","lunar":"1859-04-12","ganji":"기미(己未)년 기사(己巳)월 임자(壬子)일"},{"solar":"1859-05-15 (일)","lunar":"1859-04-13","ganji":"기미(己未)년 기사(己巳)월 계축(癸丑)일"},{"solar":"1859-05-16 (월)","lunar":"1859-04-14","ganji":"기미(己未)년 기사(己巳)월 갑인(甲寅)일"},{"solar":"1859-05-17 (화)","lunar":"1859-04-15","ganji":"기미(己未)년 기사(己巳)월 을묘(乙卯)일"},{"solar":"1859-05-18 (수)","lunar":"1859-04-16","ganji":"기미(己未)년 기사(己巳)월 병진(丙辰)일"},{"solar":"1859-05-19 (목)","lunar":"1859-04-17","ganji":"기미(己未)년 기사(己巳)월 정사(丁巳)일"},{"solar":"1859-05-20 (금)","lunar":"1859-04-18","ganji":"기미(己未)년 기사(己巳)월 무오(戊午)일"},{"solar":"1859-05-21 (토)","lunar":"1859-04-19","ganji":"기미(己未)년 기사(己巳)월 기미(己未)일"},{"solar":"1859-05-22 (일)","lunar":"1859-04-20","ganji":"기미(己未)년 기사(己巳)월 경신(庚申)일"},{"solar":"1859-05-23 (월)","lunar":"1859-04-21","ganji":"기미(己未)년 기사(己巳)월 신유(辛酉)일"},{"solar":"1859-05-24 (화)","lunar":"1859-04-22","ganji":"기미(己未)년 기사(己巳)월 임술(壬戌)일"},{"solar":"1859-05-25 (수)","lunar":"1859-04-23","ganji":"기미(己未)년 기사(己巳)월 계해(癸亥)일"},{"solar":"1859-05-26 (목)","lunar":"1859-04-24","ganji":"기미(己未)년 기사(己巳)월 갑자(甲子)일"},{"solar":"1859-05-27 (금)","lunar":"1859-04-25","ganji":"기미(己未)년 기사(己巳)월 을축(乙丑)일"},{"solar":"1859-05-28 (토)","lunar":"1859-04-26","ganji":"기미(己未)년 기사(己巳)월 병인(丙寅)일"},{"solar":"1859-05-29 (일)","lunar":"1859-04-27","ganji":"기미(己未)년 기사(己巳)월 정묘(丁卯)일"},{"solar":"1859-05-30 (월)","lunar":"1859-04-28","ganji":"기미(己未)년 기사(己巳)월 무진(戊辰)일"},{"solar":"1859-05-31 (화)","lunar":"1859-04-29","ganji":"기미(己未)년 기사(己巳)월 기사(己巳)일"},{"solar":"1859-06-01 (수)","lunar":"1859-05-01","ganji":"기미(己未)년 경오(庚午)월 경오(庚午)일"},{"solar":"1859-06-02 (목)","lunar":"1859-05-02","ganji":"기미(己未)년 경오(庚午)월 신미(辛未)일"},{"solar":"1859-06-03 (금)","lunar":"1859-05-03","ganji":"기미(己未)년 경오(庚午)월 임신(壬申)일"},{"solar":"1859-06-04 (토)","lunar":"1859-05-04","ganji":"기미(己未)년 경오(庚午)월 계유(癸酉)일"},{"solar":"1859-06-05 (일)","lunar":"1859-05-05","ganji":"기미(己未)년 경오(庚午)월 갑술(甲戌)일"},{"solar":"1859-06-06 (월)","lunar":"1859-05-06","ganji":"기미(己未)년 경오(庚午)월 을해(乙亥)일"},{"solar":"1859-06-07 (화)","lunar":"1859-05-07","ganji":"기미(己未)년 경오(庚午)월 병자(丙子)일"},{"solar":"1859-06-08 (수)","lunar":"1859-05-08","ganji":"기미(己未)년 경오(庚午)월 정축(丁丑)일"},{"solar":"1859-06-09 (목)","lunar":"1859-05-09","ganji":"기미(己未)년 경오(庚午)월 무인(戊寅)일"},{"solar":"1859-06-10 (금)","lunar":"1859-05-10","ganji":"기미(己未)년 경오(庚午)월 기묘(己卯)일"},{"solar":"1859-06-11 (토)","lunar":"1859-05-11","ganji":"기미(己未)년 경오(庚午)월 경진(庚辰)일"},{"solar":"1859-06-12 (일)","lunar":"1859-05-12","ganji":"기미(己未)년 경오(庚午)월 신사(辛巳)일"},{"solar":"1859-06-13 (월)","lunar":"1859-05-13","ganji":"기미(己未)년 경오(庚午)월 임오(壬午)일"},{"solar":"1859-06-14 (화)","lunar":"1859-05-14","ganji":"기미(己未)년 경오(庚午)월 계미(癸未)일"},{"solar":"1859-06-15 (수)","lunar":"1859-05-15","ganji":"기미(己未)년 경오(庚午)월 갑신(甲申)일"},{"solar":"1859-06-16 (목)","lunar":"1859-05-16","ganji":"기미(己未)년 경오(庚午)월 을유(乙酉)일"},{"solar":"1859-06-17 (금)","lunar":"1859-05-17","ganji":"기미(己未)년 경오(庚午)월 병술(丙戌)일"},{"solar":"1859-06-18 (토)","lunar":"1859-05-18","ganji":"기미(己未)년 경오(庚午)월 정해(丁亥)일"},{"solar":"1859-06-19 (일)","lunar":"1859-05-19","ganji":"기미(己未)년 경오(庚午)월 무자(戊子)일"},{"solar":"1859-06-20 (월)","lunar":"1859-05-20","ganji":"기미(己未)년 경오(庚午)월 기축(己丑)일"},{"solar":"1859-06-21 (화)","lunar":"1859-05-21","ganji":"기미(己未)년 경오(庚午)월 경인(庚寅)일"},{"solar":"1859-06-22 (수)","lunar":"1859-05-22","ganji":"기미(己未)년 경오(庚午)월 신묘(辛卯)일"},{"solar":"1859-06-23 (목)","lunar":"1859-05-23","ganji":"기미(己未)년 경오(庚午)월 임진(壬辰)일"},{"solar":"1859-06-24 (금)","lunar":"1859-05-24","ganji":"기미(己未)년 경오(庚午)월 계사(癸巳)일"},{"solar":"1859-06-25 (토)","lunar":"1859-05-25","ganji":"기미(己未)년 경오(庚午)월 갑오(甲午)일"},{"solar":"1859-06-26 (일)","lunar":"1859-05-26","ganji":"기미(己未)년 경오(庚午)월 을미(乙未)일"},{"solar":"1859-06-27 (월)","lunar":"1859-05-27","ganji":"기미(己未)년 경오(庚午)월 병신(丙申)일"},{"solar":"1859-06-28 (화)","lunar":"1859-05-28","ganji":"기미(己未)년 경오(庚午)월 정유(丁酉)일"},{"solar":"1859-06-29 (수)","lunar":"1859-05-29","ganji":"기미(己未)년 경오(庚午)월 무술(戊戌)일"},{"solar":"1859-06-30 (목)","lunar":"1859-06-01","ganji":"기미(己未)년 신미(辛未)월 기해(己亥)일"},{"solar":"1859-07-01 (금)","lunar":"1859-06-02","ganji":"기미(己未)년 신미(辛未)월 경자(庚子)일"},{"solar":"1859-07-02 (토)","lunar":"1859-06-03","ganji":"기미(己未)년 신미(辛未)월 신축(辛丑)일"},{"solar":"1859-07-03 (일)","lunar":"1859-06-04","ganji":"기미(己未)년 신미(辛未)월 임인(壬寅)일"},{"solar":"1859-07-04 (월)","lunar":"1859-06-05","ganji":"기미(己未)년 신미(辛未)월 계묘(癸卯)일"},{"solar":"1859-07-05 (화)","lunar":"1859-06-06","ganji":"기미(己未)년 신미(辛未)월 갑진(甲辰)일"},{"solar":"1859-07-06 (수)","lunar":"1859-06-07","ganji":"기미(己未)년 신미(辛未)월 을사(乙巳)일"},{"solar":"1859-07-07 (목)","lunar":"1859-06-08","ganji":"기미(己未)년 신미(辛未)월 병오(丙午)일"},{"solar":"1859-07-08 (금)","lunar":"1859-06-09","ganji":"기미(己未)년 신미(辛未)월 정미(丁未)일"},{"solar":"1859-07-09 (토)","lunar":"1859-06-10","ganji":"기미(己未)년 신미(辛未)월 무신(戊申)일"},{"solar":"1859-07-10 (일)","lunar":"1859-06-11","ganji":"기미(己未)년 신미(辛未)월 기유(己酉)일"},{"solar":"1859-07-11 (월)","lunar":"1859-06-12","ganji":"기미(己未)년 신미(辛未)월 경술(庚戌)일"},{"solar":"1859-07-12 (화)","lunar":"1859-06-13","ganji":"기미(己未)년 신미(辛未)월 신해(辛亥)일"},{"solar":"1859-07-13 (수)","lunar":"1859-06-14","ganji":"기미(己未)년 신미(辛未)월 임자(壬子)일"},{"solar":"1859-07-14 (목)","lunar":"1859-06-15","ganji":"기미(己未)년 신미(辛未)월 계축(癸丑)일"},{"solar":"1859-07-15 (금)","lunar":"1859-06-16","ganji":"기미(己未)년 신미(辛未)월 갑인(甲寅)일"},{"solar":"1859-07-16 (토)","lunar":"1859-06-17","ganji":"기미(己未)년 신미(辛未)월 을묘(乙卯)일"},{"solar":"1859-07-17 (일)","lunar":"1859-06-18","ganji":"기미(己未)년 신미(辛未)월 병진(丙辰)일"},{"solar":"1859-07-18 (월)","lunar":"1859-06-19","ganji":"기미(己未)년 신미(辛未)월 정사(丁巳)일"},{"solar":"1859-07-19 (화)","lunar":"1859-06-20","ganji":"기미(己未)년 신미(辛未)월 무오(戊午)일"},{"solar":"1859-07-20 (수)","lunar":"1859-06-21","ganji":"기미(己未)년 신미(辛未)월 기미(己未)일"},{"solar":"1859-07-21 (목)","lunar":"1859-06-22","ganji":"기미(己未)년 신미(辛未)월 경신(庚申)일"},{"solar":"1859-07-22 (금)","lunar":"1859-06-23","ganji":"기미(己未)년 신미(辛未)월 신유(辛酉)일"},{"solar":"1859-07-23 (토)","lunar":"1859-06-24","ganji":"기미(己未)년 신미(辛未)월 임술(壬戌)일"},{"solar":"1859-07-24 (일)","lunar":"1859-06-25","ganji":"기미(己未)년 신미(辛未)월 계해(癸亥)일"},{"solar":"1859-07-25 (월)","lunar":"1859-06-26","ganji":"기미(己未)년 신미(辛未)월 갑자(甲子)일"},{"solar":"1859-07-26 (화)","lunar":"1859-06-27","ganji":"기미(己未)년 신미(辛未)월 을축(乙丑)일"},{"solar":"1859-07-27 (수)","lunar":"1859-06-28","ganji":"기미(己未)년 신미(辛未)월 병인(丙寅)일"},{"solar":"1859-07-28 (목)","lunar":"1859-06-29","ganji":"기미(己未)년 신미(辛未)월 정묘(丁卯)일"},{"solar":"1859-07-29 (금)","lunar":"1859-06-30","ganji":"기미(己未)년 신미(辛未)월 무진(戊辰)일"},{"solar":"1859-07-30 (토)","lunar":"1859-07-01","ganji":"기미(己未)년 임신(壬申)월 기사(己巳)일"},{"solar":"1859-07-31 (일)","lunar":"1859-07-02","ganji":"기미(己未)년 임신(壬申)월 경오(庚午)일"},{"solar":"1859-08-01 (월)","lunar":"1859-07-03","ganji":"기미(己未)년 임신(壬申)월 신미(辛未)일"},{"solar":"1859-08-02 (화)","lunar":"1859-07-04","ganji":"기미(己未)년 임신(壬申)월 임신(壬申)일"},{"solar":"1859-08-03 (수)","lunar":"1859-07-05","ganji":"기미(己未)년 임신(壬申)월 계유(癸酉)일"},{"solar":"1859-08-04 (목)","lunar":"1859-07-06","ganji":"기미(己未)년 임신(壬申)월 갑술(甲戌)일"},{"solar":"1859-08-05 (금)","lunar":"1859-07-07","ganji":"기미(己未)년 임신(壬申)월 을해(乙亥)일"},{"solar":"1859-08-06 (토)","lunar":"1859-07-08","ganji":"기미(己未)년 임신(壬申)월 병자(丙子)일"},{"solar":"1859-08-07 (일)","lunar":"1859-07-09","ganji":"기미(己未)년 임신(壬申)월 정축(丁丑)일"},{"solar":"1859-08-08 (월)","lunar":"1859-07-10","ganji":"기미(己未)년 임신(壬申)월 무인(戊寅)일"},{"solar":"1859-08-09 (화)","lunar":"1859-07-11","ganji":"기미(己未)년 임신(壬申)월 기묘(己卯)일"},{"solar":"1859-08-10 (수)","lunar":"1859-07-12","ganji":"기미(己未)년 임신(壬申)월 경진(庚辰)일"},{"solar":"1859-08-11 (목)","lunar":"1859-07-13","ganji":"기미(己未)년 임신(壬申)월 신사(辛巳)일"},{"solar":"1859-08-12 (금)","lunar":"1859-07-14","ganji":"기미(己未)년 임신(壬申)월 임오(壬午)일"},{"solar":"1859-08-13 (토)","lunar":"1859-07-15","ganji":"기미(己未)년 임신(壬申)월 계미(癸未)일"},{"solar":"1859-08-14 (일)","lunar":"1859-07-16","ganji":"기미(己未)년 임신(壬申)월 갑신(甲申)일"},{"solar":"1859-08-15 (월)","lunar":"1859-07-17","ganji":"기미(己未)년 임신(壬申)월 을유(乙酉)일"},{"solar":"1859-08-16 (화)","lunar":"1859-07-18","ganji":"기미(己未)년 임신(壬申)월 병술(丙戌)일"},{"solar":"1859-08-17 (수)","lunar":"1859-07-19","ganji":"기미(己未)년 임신(壬申)월 정해(丁亥)일"},{"solar":"1859-08-18 (목)","lunar":"1859-07-20","ganji":"기미(己未)년 임신(壬申)월 무자(戊子)일"},{"solar":"1859-08-19 (금)","lunar":"1859-07-21","ganji":"기미(己未)년 임신(壬申)월 기축(己丑)일"},{"solar":"1859-08-20 (토)","lunar":"1859-07-22","ganji":"기미(己未)년 임신(壬申)월 경인(庚寅)일"},{"solar":"1859-08-21 (일)","lunar":"1859-07-23","ganji":"기미(己未)년 임신(壬申)월 신묘(辛卯)일"},{"solar":"1859-08-22 (월)","lunar":"1859-07-24","ganji":"기미(己未)년 임신(壬申)월 임진(壬辰)일"},{"solar":"1859-08-23 (화)","lunar":"1859-07-25","ganji":"기미(己未)년 임신(壬申)월 계사(癸巳)일"},{"solar":"1859-08-24 (수)","lunar":"1859-07-26","ganji":"기미(己未)년 임신(壬申)월 갑오(甲午)일"},{"solar":"1859-08-25 (목)","lunar":"1859-07-27","ganji":"기미(己未)년 임신(壬申)월 을미(乙未)일"},{"solar":"1859-08-26 (금)","lunar":"1859-07-28","ganji":"기미(己未)년 임신(壬申)월 병신(丙申)일"},{"solar":"1859-08-27 (토)","lunar":"1859-07-29","ganji":"기미(己未)년 임신(壬申)월 정유(丁酉)일"},{"solar":"1859-08-28 (일)","lunar":"1859-08-01","ganji":"기미(己未)년 계유(癸酉)월 무술(戊戌)일"},{"solar":"1859-08-29 (월)","lunar":"1859-08-02","ganji":"기미(己未)년 계유(癸酉)월 기해(己亥)일"},{"solar":"1859-08-30 (화)","lunar":"1859-08-03","ganji":"기미(己未)년 계유(癸酉)월 경자(庚子)일"},{"solar":"1859-08-31 (수)","lunar":"1859-08-04","ganji":"기미(己未)년 계유(癸酉)월 신축(辛丑)일"},{"solar":"1859-09-01 (목)","lunar":"1859-08-05","ganji":"기미(己未)년 계유(癸酉)월 임인(壬寅)일"},{"solar":"1859-09-02 (금)","lunar":"1859-08-06","ganji":"기미(己未)년 계유(癸酉)월 계묘(癸卯)일"},{"solar":"1859-09-03 (토)","lunar":"1859-08-07","ganji":"기미(己未)년 계유(癸酉)월 갑진(甲辰)일"},{"solar":"1859-09-04 (일)","lunar":"1859-08-08","ganji":"기미(己未)년 계유(癸酉)월 을사(乙巳)일"},{"solar":"1859-09-05 (월)","lunar":"1859-08-09","ganji":"기미(己未)년 계유(癸酉)월 병오(丙午)일"},{"solar":"1859-09-06 (화)","lunar":"1859-08-10","ganji":"기미(己未)년 계유(癸酉)월 정미(丁未)일"},{"solar":"1859-09-07 (수)","lunar":"1859-08-11","ganji":"기미(己未)년 계유(癸酉)월 무신(戊申)일"},{"solar":"1859-09-08 (목)","lunar":"1859-08-12","ganji":"기미(己未)년 계유(癸酉)월 기유(己酉)일"},{"solar":"1859-09-09 (금)","lunar":"1859-08-13","ganji":"기미(己未)년 계유(癸酉)월 경술(庚戌)일"},{"solar":"1859-09-10 (토)","lunar":"1859-08-14","ganji":"기미(己未)년 계유(癸酉)월 신해(辛亥)일"},{"solar":"1859-09-11 (일)","lunar":"1859-08-15","ganji":"기미(己未)년 계유(癸酉)월 임자(壬子)일"},{"solar":"1859-09-12 (월)","lunar":"1859-08-16","ganji":"기미(己未)년 계유(癸酉)월 계축(癸丑)일"},{"solar":"1859-09-13 (화)","lunar":"1859-08-17","ganji":"기미(己未)년 계유(癸酉)월 갑인(甲寅)일"},{"solar":"1859-09-14 (수)","lunar":"1859-08-18","ganji":"기미(己未)년 계유(癸酉)월 을묘(乙卯)일"},{"solar":"1859-09-15 (목)","lunar":"1859-08-19","ganji":"기미(己未)년 계유(癸酉)월 병진(丙辰)일"},{"solar":"1859-09-16 (금)","lunar":"1859-08-20","ganji":"기미(己未)년 계유(癸酉)월 정사(丁巳)일"},{"solar":"1859-09-17 (토)","lunar":"1859-08-21","ganji":"기미(己未)년 계유(癸酉)월 무오(戊午)일"},{"solar":"1859-09-18 (일)","lunar":"1859-08-22","ganji":"기미(己未)년 계유(癸酉)월 기미(己未)일"},{"solar":"1859-09-19 (월)","lunar":"1859-08-23","ganji":"기미(己未)년 계유(癸酉)월 경신(庚申)일"},{"solar":"1859-09-20 (화)","lunar":"1859-08-24","ganji":"기미(己未)년 계유(癸酉)월 신유(辛酉)일"},{"solar":"1859-09-21 (수)","lunar":"1859-08-25","ganji":"기미(己未)년 계유(癸酉)월 임술(壬戌)일"},{"solar":"1859-09-22 (목)","lunar":"1859-08-26","ganji":"기미(己未)년 계유(癸酉)월 계해(癸亥)일"},{"solar":"1859-09-23 (금)","lunar":"1859-08-27","ganji":"기미(己未)년 계유(癸酉)월 갑자(甲子)일"},{"solar":"1859-09-24 (토)","lunar":"1859-08-28","ganji":"기미(己未)년 계유(癸酉)월 을축(乙丑)일"},{"solar":"1859-09-25 (일)","lunar":"1859-08-29","ganji":"기미(己未)년 계유(癸酉)월 병인(丙寅)일"},{"solar":"1859-09-26 (월)","lunar":"1859-09-01","ganji":"기미(己未)년 갑술(甲戌)월 정묘(丁卯)일"},{"solar":"1859-09-27 (화)","lunar":"1859-09-02","ganji":"기미(己未)년 갑술(甲戌)월 무진(戊辰)일"},{"solar":"1859-09-28 (수)","lunar":"1859-09-03","ganji":"기미(己未)년 갑술(甲戌)월 기사(己巳)일"},{"solar":"1859-09-29 (목)","lunar":"1859-09-04","ganji":"기미(己未)년 갑술(甲戌)월 경오(庚午)일"},{"solar":"1859-09-30 (금)","lunar":"1859-09-05","ganji":"기미(己未)년 갑술(甲戌)월 신미(辛未)일"},{"solar":"1859-10-01 (토)","lunar":"1859-09-06","ganji":"기미(己未)년 갑술(甲戌)월 임신(壬申)일"},{"solar":"1859-10-02 (일)","lunar":"1859-09-07","ganji":"기미(己未)년 갑술(甲戌)월 계유(癸酉)일"},{"solar":"1859-10-03 (월)","lunar":"1859-09-08","ganji":"기미(己未)년 갑술(甲戌)월 갑술(甲戌)일"},{"solar":"1859-10-04 (화)","lunar":"1859-09-09","ganji":"기미(己未)년 갑술(甲戌)월 을해(乙亥)일"},{"solar":"1859-10-05 (수)","lunar":"1859-09-10","ganji":"기미(己未)년 갑술(甲戌)월 병자(丙子)일"},{"solar":"1859-10-06 (목)","lunar":"1859-09-11","ganji":"기미(己未)년 갑술(甲戌)월 정축(丁丑)일"},{"solar":"1859-10-07 (금)","lunar":"1859-09-12","ganji":"기미(己未)년 갑술(甲戌)월 무인(戊寅)일"},{"solar":"1859-10-08 (토)","lunar":"1859-09-13","ganji":"기미(己未)년 갑술(甲戌)월 기묘(己卯)일"},{"solar":"1859-10-09 (일)","lunar":"1859-09-14","ganji":"기미(己未)년 갑술(甲戌)월 경진(庚辰)일"},{"solar":"1859-10-10 (월)","lunar":"1859-09-15","ganji":"기미(己未)년 갑술(甲戌)월 신사(辛巳)일"},{"solar":"1859-10-11 (화)","lunar":"1859-09-16","ganji":"기미(己未)년 갑술(甲戌)월 임오(壬午)일"},{"solar":"1859-10-12 (수)","lunar":"1859-09-17","ganji":"기미(己未)년 갑술(甲戌)월 계미(癸未)일"},{"solar":"1859-10-13 (목)","lunar":"1859-09-18","ganji":"기미(己未)년 갑술(甲戌)월 갑신(甲申)일"},{"solar":"1859-10-14 (금)","lunar":"1859-09-19","ganji":"기미(己未)년 갑술(甲戌)월 을유(乙酉)일"},{"solar":"1859-10-15 (토)","lunar":"1859-09-20","ganji":"기미(己未)년 갑술(甲戌)월 병술(丙戌)일"},{"solar":"1859-10-16 (일)","lunar":"1859-09-21","ganji":"기미(己未)년 갑술(甲戌)월 정해(丁亥)일"},{"solar":"1859-10-17 (월)","lunar":"1859-09-22","ganji":"기미(己未)년 갑술(甲戌)월 무자(戊子)일"},{"solar":"1859-10-18 (화)","lunar":"1859-09-23","ganji":"기미(己未)년 갑술(甲戌)월 기축(己丑)일"},{"solar":"1859-10-19 (수)","lunar":"1859-09-24","ganji":"기미(己未)년 갑술(甲戌)월 경인(庚寅)일"},{"solar":"1859-10-20 (목)","lunar":"1859-09-25","ganji":"기미(己未)년 갑술(甲戌)월 신묘(辛卯)일"},{"solar":"1859-10-21 (금)","lunar":"1859-09-26","ganji":"기미(己未)년 갑술(甲戌)월 임진(壬辰)일"},{"solar":"1859-10-22 (토)","lunar":"1859-09-27","ganji":"기미(己未)년 갑술(甲戌)월 계사(癸巳)일"},{"solar":"1859-10-23 (일)","lunar":"1859-09-28","ganji":"기미(己未)년 갑술(甲戌)월 갑오(甲午)일"},{"solar":"1859-10-24 (월)","lunar":"1859-09-29","ganji":"기미(己未)년 갑술(甲戌)월 을미(乙未)일"},{"solar":"1859-10-25 (화)","lunar":"1859-09-30","ganji":"기미(己未)년 갑술(甲戌)월 병신(丙申)일"},{"solar":"1859-10-26 (수)","lunar":"1859-10-01","ganji":"기미(己未)년 을해(乙亥)월 정유(丁酉)일"},{"solar":"1859-10-27 (목)","lunar":"1859-10-02","ganji":"기미(己未)년 을해(乙亥)월 무술(戊戌)일"},{"solar":"1859-10-28 (금)","lunar":"1859-10-03","ganji":"기미(己未)년 을해(乙亥)월 기해(己亥)일"},{"solar":"1859-10-29 (토)","lunar":"1859-10-04","ganji":"기미(己未)년 을해(乙亥)월 경자(庚子)일"},{"solar":"1859-10-30 (일)","lunar":"1859-10-05","ganji":"기미(己未)년 을해(乙亥)월 신축(辛丑)일"},{"solar":"1859-10-31 (월)","lunar":"1859-10-06","ganji":"기미(己未)년 을해(乙亥)월 임인(壬寅)일"},{"solar":"1859-11-01 (화)","lunar":"1859-10-07","ganji":"기미(己未)년 을해(乙亥)월 계묘(癸卯)일"},{"solar":"1859-11-02 (수)","lunar":"1859-10-08","ganji":"기미(己未)년 을해(乙亥)월 갑진(甲辰)일"},{"solar":"1859-11-03 (목)","lunar":"1859-10-09","ganji":"기미(己未)년 을해(乙亥)월 을사(乙巳)일"},{"solar":"1859-11-04 (금)","lunar":"1859-10-10","ganji":"기미(己未)년 을해(乙亥)월 병오(丙午)일"},{"solar":"1859-11-05 (토)","lunar":"1859-10-11","ganji":"기미(己未)년 을해(乙亥)월 정미(丁未)일"},{"solar":"1859-11-06 (일)","lunar":"1859-10-12","ganji":"기미(己未)년 을해(乙亥)월 무신(戊申)일"},{"solar":"1859-11-07 (월)","lunar":"1859-10-13","ganji":"기미(己未)년 을해(乙亥)월 기유(己酉)일"},{"solar":"1859-11-08 (화)","lunar":"1859-10-14","ganji":"기미(己未)년 을해(乙亥)월 경술(庚戌)일"},{"solar":"1859-11-09 (수)","lunar":"1859-10-15","ganji":"기미(己未)년 을해(乙亥)월 신해(辛亥)일"},{"solar":"1859-11-10 (목)","lunar":"1859-10-16","ganji":"기미(己未)년 을해(乙亥)월 임자(壬子)일"},{"solar":"1859-11-11 (금)","lunar":"1859-10-17","ganji":"기미(己未)년 을해(乙亥)월 계축(癸丑)일"},{"solar":"1859-11-12 (토)","lunar":"1859-10-18","ganji":"기미(己未)년 을해(乙亥)월 갑인(甲寅)일"},{"solar":"1859-11-13 (일)","lunar":"1859-10-19","ganji":"기미(己未)년 을해(乙亥)월 을묘(乙卯)일"},{"solar":"1859-11-14 (월)","lunar":"1859-10-20","ganji":"기미(己未)년 을해(乙亥)월 병진(丙辰)일"},{"solar":"1859-11-15 (화)","lunar":"1859-10-21","ganji":"기미(己未)년 을해(乙亥)월 정사(丁巳)일"},{"solar":"1859-11-16 (수)","lunar":"1859-10-22","ganji":"기미(己未)년 을해(乙亥)월 무오(戊午)일"},{"solar":"1859-11-17 (목)","lunar":"1859-10-23","ganji":"기미(己未)년 을해(乙亥)월 기미(己未)일"},{"solar":"1859-11-18 (금)","lunar":"1859-10-24","ganji":"기미(己未)년 을해(乙亥)월 경신(庚申)일"},{"solar":"1859-11-19 (토)","lunar":"1859-10-25","ganji":"기미(己未)년 을해(乙亥)월 신유(辛酉)일"},{"solar":"1859-11-20 (일)","lunar":"1859-10-26","ganji":"기미(己未)년 을해(乙亥)월 임술(壬戌)일"},{"solar":"1859-11-21 (월)","lunar":"1859-10-27","ganji":"기미(己未)년 을해(乙亥)월 계해(癸亥)일"},{"solar":"1859-11-22 (화)","lunar":"1859-10-28","ganji":"기미(己未)년 을해(乙亥)월 갑자(甲子)일"},{"solar":"1859-11-23 (수)","lunar":"1859-10-29","ganji":"기미(己未)년 을해(乙亥)월 을축(乙丑)일"},{"solar":"1859-11-24 (목)","lunar":"1859-11-01","ganji":"기미(己未)년 병자(丙子)월 병인(丙寅)일"},{"solar":"1859-11-25 (금)","lunar":"1859-11-02","ganji":"기미(己未)년 병자(丙子)월 정묘(丁卯)일"},{"solar":"1859-11-26 (토)","lunar":"1859-11-03","ganji":"기미(己未)년 병자(丙子)월 무진(戊辰)일"},{"solar":"1859-11-27 (일)","lunar":"1859-11-04","ganji":"기미(己未)년 병자(丙子)월 기사(己巳)일"},{"solar":"1859-11-28 (월)","lunar":"1859-11-05","ganji":"기미(己未)년 병자(丙子)월 경오(庚午)일"},{"solar":"1859-11-29 (화)","lunar":"1859-11-06","ganji":"기미(己未)년 병자(丙子)월 신미(辛未)일"},{"solar":"1859-11-30 (수)","lunar":"1859-11-07","ganji":"기미(己未)년 병자(丙子)월 임신(壬申)일"},{"solar":"1859-12-01 (목)","lunar":"1859-11-08","ganji":"기미(己未)년 병자(丙子)월 계유(癸酉)일"},{"solar":"1859-12-02 (금)","lunar":"1859-11-09","ganji":"기미(己未)년 병자(丙子)월 갑술(甲戌)일"},{"solar":"1859-12-03 (토)","lunar":"1859-11-10","ganji":"기미(己未)년 병자(丙子)월 을해(乙亥)일"},{"solar":"1859-12-04 (일)","lunar":"1859-11-11","ganji":"기미(己未)년 병자(丙子)월 병자(丙子)일"},{"solar":"1859-12-05 (월)","lunar":"1859-11-12","ganji":"기미(己未)년 병자(丙子)월 정축(丁丑)일"},{"solar":"1859-12-06 (화)","lunar":"1859-11-13","ganji":"기미(己未)년 병자(丙子)월 무인(戊寅)일"},{"solar":"1859-12-07 (수)","lunar":"1859-11-14","ganji":"기미(己未)년 병자(丙子)월 기묘(己卯)일"},{"solar":"1859-12-08 (목)","lunar":"1859-11-15","ganji":"기미(己未)년 병자(丙子)월 경진(庚辰)일"},{"solar":"1859-12-09 (금)","lunar":"1859-11-16","ganji":"기미(己未)년 병자(丙子)월 신사(辛巳)일"},{"solar":"1859-12-10 (토)","lunar":"1859-11-17","ganji":"기미(己未)년 병자(丙子)월 임오(壬午)일"},{"solar":"1859-12-11 (일)","lunar":"1859-11-18","ganji":"기미(己未)년 병자(丙子)월 계미(癸未)일"},{"solar":"1859-12-12 (월)","lunar":"1859-11-19","ganji":"기미(己未)년 병자(丙子)월 갑신(甲申)일"},{"solar":"1859-12-13 (화)","lunar":"1859-11-20","ganji":"기미(己未)년 병자(丙子)월 을유(乙酉)일"},{"solar":"1859-12-14 (수)","lunar":"1859-11-21","ganji":"기미(己未)년 병자(丙子)월 병술(丙戌)일"},{"solar":"1859-12-15 (목)","lunar":"1859-11-22","ganji":"기미(己未)년 병자(丙子)월 정해(丁亥)일"},{"solar":"1859-12-16 (금)","lunar":"1859-11-23","ganji":"기미(己未)년 병자(丙子)월 무자(戊子)일"},{"solar":"1859-12-17 (토)","lunar":"1859-11-24","ganji":"기미(己未)년 병자(丙子)월 기축(己丑)일"},{"solar":"1859-12-18 (일)","lunar":"1859-11-25","ganji":"기미(己未)년 병자(丙子)월 경인(庚寅)일"},{"solar":"1859-12-19 (월)","lunar":"1859-11-26","ganji":"기미(己未)년 병자(丙子)월 신묘(辛卯)일"},{"solar":"1859-12-20 (화)","lunar":"1859-11-27","ganji":"기미(己未)년 병자(丙子)월 임진(壬辰)일"},{"solar":"1859-12-21 (수)","lunar":"1859-11-28","ganji":"기미(己未)년 병자(丙子)월 계사(癸巳)일"},{"solar":"1859-12-22 (목)","lunar":"1859-11-29","ganji":"기미(己未)년 병자(丙子)월 갑오(甲午)일"},{"solar":"1859-12-23 (금)","lunar":"1859-11-30","ganji":"기미(己未)년 병자(丙子)월 을미(乙未)일"},{"solar":"1859-12-24 (토)","lunar":"1859-12-01","ganji":"기미(己未)년 정축(丁丑)월 병신(丙申)일"},{"solar":"1859-12-25 (일)","lunar":"1859-12-02","ganji":"기미(己未)년 정축(丁丑)월 정유(丁酉)일"},{"solar":"1859-12-26 (월)","lunar":"1859-12-03","ganji":"기미(己未)년 정축(丁丑)월 무술(戊戌)일"},{"solar":"1859-12-27 (화)","lunar":"1859-12-04","ganji":"기미(己未)년 정축(丁丑)월 기해(己亥)일"},{"solar":"1859-12-28 (수)","lunar":"1859-12-05","ganji":"기미(己未)년 정축(丁丑)월 경자(庚子)일"},{"solar":"1859-12-29 (목)","lunar":"1859-12-06","ganji":"기미(己未)년 정축(丁丑)월 신축(辛丑)일"},{"solar":"1859-12-30 (금)","lunar":"1859-12-07","ganji":"기미(己未)년 정축(丁丑)월 임인(壬寅)일"},{"solar":"1859-12-31 (토)","lunar":"1859-12-08","ganji":"기미(己未)년 정축(丁丑)월 계묘(癸卯)일"}]